
🏥  Clinical Intelligence System — Vitals Simulator

 ✓ API reachable
 ✓ Authenticated successfully
 Fetching active admissions from API...
 Found 10 active admission(s): 39, 38, 37, 36, 10, 9, 8, 7, 6, 5

c  Tick #1  |  Interval: 5000ms  |  8:16:11 PM

 📡 Posting Vitals This Tick:
 Admission #39 [stable]  STABLE [0] 
   HR: 77 bpm BP: 125 mmHg SpO2: 97.3% Temp: 36.8°C
 Admission #38 [moderate]  MODERATE [4] 
   HR: 106 bpm BP: 156 mmHg SpO2: 91.2% Temp: 38.6°C
 Admission #37 [critical]  CRITICAL [10]  
   HR: 153 bpm BP: 189 mmHg SpO2: 85.6% Temp: 39.9°C
 Admission #36 [recovering]  STABLE [0] 
   HR: 81 bpm BP: 133 mmHg SpO2: 97.4% Temp: 37.2°C
 Admission #10 [stable]  STABLE [0] 
   HR: 75 bpm BP: 120 mmHg SpO2: 97.1% Temp: 36.7°C
 Admission #9 [moderate]  MODERATE [4] 
   HR: 104 bpm BP: 157 mmHg SpO2: 91.4% Temp: 38.6°C
 Admission #8 [critical]  CRITICAL [10]  
   HR: 147 bpm BP: 181 mmHg SpO2: 84.7% Temp: 40°C
 Admission #7 [recovering]  STABLE [0] 
   HR: 82 bpm BP: 129 mmHg SpO2: 97.3% Temp: 37.1°C
 Admission #6 [stable]  STABLE [0] 
   HR: 78 bpm BP: 117 mmHg SpO2: 97.6% Temp: 36.8°C
 Admission #5 [moderate]  MODERATE [4] 
   HR: 111 bpm BP: 149 mmHg SpO2: 92.9% Temp: 38.6°C

  Next update in 5s... (Ctrl+C to stop)

c  Tick #2  |  Interval: 5000ms  |  8:16:17 PM

 📡 Posting Vitals This Tick:
 Admission #39 [stable]  STABLE [0] 
   HR: 73 bpm BP: 116 mmHg SpO2: 97.2% Temp: 36.7°C
 Admission #38 [moderate]  MODERATE [4] 
   HR: 109 bpm BP: 152 mmHg SpO2: 90.6% Temp: 38.3°C
 Admission #37 [critical]  CRITICAL [10]  
   HR: 148 bpm BP: 193 mmHg SpO2: 83.4% Temp: 39.9°C
 Admission #36 [recovering]  STABLE [0] 
   HR: 83 bpm BP: 127 mmHg SpO2: 96.9% Temp: 36.9°C
 Admission #10 [stable]  STABLE [0] 
   HR: 78 bpm BP: 117 mmHg SpO2: 97.7% Temp: 36.8°C
 Admission #9 [moderate]  MODERATE [4] 
   HR: 103 bpm BP: 143 mmHg SpO2: 91.5% Temp: 38.6°C
 Admission #8 [critical]  CRITICAL [10]  
   HR: 147 bpm BP: 187 mmHg SpO2: 84.1% Temp: 40.1°C
 Admission #7 [recovering]  STABLE [0] 
   HR: 80 bpm BP: 125 mmHg SpO2: 97.4% Temp: 37.3°C
 Admission #6 [stable]  STABLE [0] 
   HR: 73 bpm BP: 127 mmHg SpO2: 98.5% Temp: 36.8°C
 Admission #5 [moderate]  MODERATE [4] 
   HR: 101 bpm BP: 145 mmHg SpO2: 92.8% Temp: 38.7°C

  Next update in 5s... (Ctrl+C to stop)

c  Tick #3  |  Interval: 5000ms  |  8:16:22 PM

 📡 Posting Vitals This Tick:
 Admission #39 [stable]  STABLE [0] 
   HR: 79 bpm BP: 126 mmHg SpO2: 98.3% Temp: 37°C
 Admission #38 [moderate]  MODERATE [3] 
   HR: 108 bpm BP: 140 mmHg SpO2: 92.1% Temp: 38.3°C
 Admission #37 [critical]  CRITICAL [10]  
   HR: 157 bpm BP: 184 mmHg SpO2: 85.7% Temp: 40.2°C
 Admission #36 [recovering]  STABLE [0] 
   HR: 81 bpm BP: 123 mmHg SpO2: 97.2% Temp: 36.9°C
 Admission #10 [stable]  STABLE [0] 
   HR: 71 bpm BP: 126 mmHg SpO2: 97.1% Temp: 36.9°C
 Admission #9 [moderate]  MODERATE [4] 
   HR: 110 bpm BP: 152 mmHg SpO2: 92.2% Temp: 38.2°C
 Admission #8 [critical]  CRITICAL [10]  
   HR: 151 bpm BP: 185 mmHg SpO2: 84.3% Temp: 39.7°C
 Admission #7 [recovering]  STABLE [0] 
   HR: 84 bpm BP: 129 mmHg SpO2: 97.2% Temp: 36.9°C
 Admission #6 [stable]  STABLE [0] 
   HR: 75 bpm BP: 120 mmHg SpO2: 97.7% Temp: 36.9°C
 Admission #5 [moderate]  MODERATE [4] 
   HR: 115 bpm BP: 157 mmHg SpO2: 92.6% Temp: 38.3°C

  Next update in 5s... (Ctrl+C to stop)

c  Tick #4  |  Interval: 5000ms  |  8:16:27 PM

 📡 Posting Vitals This Tick:
 Admission #39 [stable]  STABLE [0] 
   HR: 78 bpm BP: 115 mmHg SpO2: 97.2% Temp: 36.7°C
 Admission #38 [moderate]  MODERATE [4] 
   HR: 115 bpm BP: 157 mmHg SpO2: 93.4% Temp: 38.3°C
 Admission #37 [critical]  CRITICAL [10]  
   HR: 155 bpm BP: 187 mmHg SpO2: 84.4% Temp: 40.1°C
 Admission #36 [recovering]  STABLE [0] 
   HR: 80 bpm BP: 132 mmHg SpO2: 97% Temp: 37.3°C
 Admission #10 [stable]  STABLE [0] 
   HR: 76 bpm BP: 114 mmHg SpO2: 97.5% Temp: 36.9°C
 Admission #9 [moderate]  MODERATE [4] 
   HR: 113 bpm BP: 149 mmHg SpO2: 92.4% Temp: 38.5°C
 Admission #8 [critical]  CRITICAL [9]  
   HR: 142 bpm BP: 180 mmHg SpO2: 85.1% Temp: 39.8°C
 Admission #7 [recovering]  STABLE [0] 
   HR: 82 bpm BP: 128 mmHg SpO2: 96.9% Temp: 37.1°C
 Admission #6 [stable]  STABLE [0] 
   HR: 78 bpm BP: 124 mmHg SpO2: 97.5% Temp: 36.7°C
 Admission #5 [moderate]  MODERATE [3] 
   HR: 104 bpm BP: 139 mmHg SpO2: 92.7% Temp: 38.6°C

  Next update in 5s... (Ctrl+C to stop)

c  Tick #5  |  Interval: 5000ms  |  8:16:33 PM

 📡 Posting Vitals This Tick:
 Admission #39 [stable]  STABLE [0] 
   HR: 79 bpm BP: 124 mmHg SpO2: 97% Temp: 36.7°C
 Admission #38 [moderate]  MODERATE [4] 
   HR: 103 bpm BP: 152 mmHg SpO2: 92.7% Temp: 38.4°C
 Admission #37 [critical]  CRITICAL [10]  
   HR: 140 bpm BP: 194 mmHg SpO2: 83.9% Temp: 39.7°C
 Admission #36 [recovering]  STABLE [0] 
   HR: 80 bpm BP: 130 mmHg SpO2: 96.8% Temp: 37.2°C
 Admission #10 [stable]  STABLE [0] 
   HR: 71 bpm BP: 112 mmHg SpO2: 98.1% Temp: 36.7°C
 Admission #9 [moderate]  MODERATE [3] 
   HR: 112 bpm BP: 140 mmHg SpO2: 92.6% Temp: 38.4°C
 Admission #8 [critical]  CRITICAL [10]  
   HR: 139 bpm BP: 181 mmHg SpO2: 83.8% Temp: 40°C
 Admission #7 [recovering]  STABLE [0] 
   HR: 78 bpm BP: 131 mmHg SpO2: 96.6% Temp: 37.1°C
 Admission #6 [stable]  STABLE [0] 
   HR: 71 bpm BP: 124 mmHg SpO2: 97.3% Temp: 36.7°C
 Admission #5 [moderate]  MODERATE [3] 
   HR: 109 bpm BP: 139 mmHg SpO2: 91.6% Temp: 38.7°C

  Next update in 5s... (Ctrl+C to stop)

c  Tick #6  |  Interval: 5000ms  |  8:16:38 PM

 📡 Posting Vitals This Tick:
 Admission #39 [moderate]  MODERATE [4] 
   HR: 102 bpm BP: 155 mmHg SpO2: 90.9% Temp: 38.6°C
 Admission #38 [critical]  CRITICAL [10]  
   HR: 147 bpm BP: 191 mmHg SpO2: 82.9% Temp: 39.6°C
 Admission #37 [recovering]  STABLE [0] 
   HR: 81 bpm BP: 131 mmHg SpO2: 96.8% Temp: 37°C
 Admission #36 [stable]  STABLE [0] 
   HR: 76 bpm BP: 124 mmHg SpO2: 98.5% Temp: 36.7°C
 Admission #10 [moderate]  MODERATE [4] 
   HR: 113 bpm BP: 149 mmHg SpO2: 92.1% Temp: 38.4°C
 Admission #9 [critical]  CRITICAL [10]  
   HR: 157 bpm BP: 181 mmHg SpO2: 84.7% Temp: 40°C
 Admission #8 [recovering]  STABLE [0] 
   HR: 83 bpm BP: 131 mmHg SpO2: 97.3% Temp: 37.1°C
 Admission #7 [stable]  STABLE [0] 
   HR: 76 bpm BP: 119 mmHg SpO2: 98.6% Temp: 36.8°C
 Admission #6 [moderate]  MODERATE [4] 
   HR: 103 bpm BP: 153 mmHg SpO2: 90.6% Temp: 38.2°C
 Admission #5 [critical]  CRITICAL [10]  
   HR: 157 bpm BP: 184 mmHg SpO2: 82.6% Temp: 39.7°C

  Next update in 5s... (Ctrl+C to stop)

c  Tick #7  |  Interval: 5000ms  |  8:16:43 PM

 📡 Posting Vitals This Tick:
 Admission #39 [moderate]  MODERATE [3] 
   HR: 102 bpm BP: 139 mmHg SpO2: 91.7% Temp: 38.6°C
 Admission #38 [critical]  CRITICAL [9]  
   HR: 155 bpm BP: 179 mmHg SpO2: 85.1% Temp: 39.9°C
 Admission #37 [recovering]  STABLE [0] 
   HR: 84 bpm BP: 126 mmHg SpO2: 97.3% Temp: 37.1°C
 Admission #36 [stable]  STABLE [0] 
   HR: 77 bpm BP: 122 mmHg SpO2: 98% Temp: 36.8°C
 Admission #10 [moderate]  MODERATE [4] 
   HR: 106 bpm BP: 150 mmHg SpO2: 92.6% Temp: 38.3°C
 Admission #9 [critical]  CRITICAL [9]  
   HR: 158 bpm BP: 180 mmHg SpO2: 85% Temp: 39.8°C
 Admission #8 [recovering]  STABLE [0] 
   HR: 80 bpm BP: 126 mmHg SpO2: 96.8% Temp: 37.1°C
 Admission #7 [stable]  STABLE [0] 
   HR: 78 bpm BP: 114 mmHg SpO2: 97.5% Temp: 36.7°C
 Admission #6 [moderate]  MODERATE [4] 
   HR: 103 bpm BP: 151 mmHg SpO2: 90.5% Temp: 38.4°C
 Admission #5 [critical]  CRITICAL [9]  
   HR: 139 bpm BP: 190 mmHg SpO2: 85.6% Temp: 39.8°C

  Next update in 5s... (Ctrl+C to stop)

c  Tick #8  |  Interval: 5000ms  |  8:16:48 PM

 📡 Posting Vitals This Tick:
 Admission #39 [moderate]  MODERATE [4] 
   HR: 112 bpm BP: 146 mmHg SpO2: 90.8% Temp: 38.7°C
 Admission #38 [critical]  CRITICAL [10]  
   HR: 147 bpm BP: 180 mmHg SpO2: 83.5% Temp: 39.9°C
 Admission #37 [recovering]  STABLE [0] 
   HR: 83 bpm BP: 130 mmHg SpO2: 97.2% Temp: 37.2°C
 Admission #36 [stable]  STABLE [0] 
   HR: 74 bpm BP: 125 mmHg SpO2: 98.5% Temp: 36.6°C
 Admission #10 [moderate]  MODERATE [4] 
   HR: 106 bpm BP: 144 mmHg SpO2: 92% Temp: 38.4°C
c  Tick #9  |  Interval: 5000ms  |  8:16:53 PM

 📡 Posting Vitals This Tick:
 Admission #9 [critical]  CRITICAL [10]  
   HR: 157 bpm BP: 187 mmHg SpO2: 84.4% Temp: 39.7°C
 Admission #39 [moderate]  MODERATE [4] 
   HR: 110 bpm BP: 144 mmHg SpO2: 93% Temp: 38.4°C
 Admission #8 [recovering]  STABLE [0] 
   HR: 86 bpm BP: 128 mmHg SpO2: 97.5% Temp: 37.2°C
 Admission #7 [stable]  STABLE [0] 
   HR: 78 bpm BP: 123 mmHg SpO2: 98.9% Temp: 36.8°C
 Admission #38 [critical]  CRITICAL [10]  
   HR: 142 bpm BP: 180 mmHg SpO2: 84.3% Temp: 40°C
 Admission #6 [moderate]  MODERATE [4] 
   HR: 114 bpm BP: 148 mmHg SpO2: 92.7% Temp: 38.2°C
 Admission #37 [recovering]  STABLE [0] 
   HR: 83 bpm BP: 133 mmHg SpO2: 96.8% Temp: 36.9°C
 Admission #36 [stable]  STABLE [0] 
   HR: 79 bpm BP: 112 mmHg SpO2: 98.1% Temp: 36.6°C
 Admission #5 [critical]  CRITICAL [10]  
   HR: 154 bpm BP: 186 mmHg SpO2: 83.8% Temp: 40.1°C

  Next update in 5s... (Ctrl+C to stop)

 Admission #10 [moderate]  MODERATE [3] 
   HR: 100 bpm BP: 151 mmHg SpO2: 93.4% Temp: 38.5°C
 Admission #9 [critical]  CRITICAL [10]  
   HR: 148 bpm BP: 179 mmHg SpO2: 83.6% Temp: 39.8°C
 Admission #8 [recovering]  STABLE [0] 
   HR: 85 bpm BP: 132 mmHg SpO2: 96.5% Temp: 37.1°C
 Admission #7 [stable]  STABLE [0] 
   HR: 72 bpm BP: 117 mmHg SpO2: 97.6% Temp: 37°C
 Admission #6 [moderate]  MODERATE [4] 
   HR: 101 bpm BP: 141 mmHg SpO2: 91.1% Temp: 38.6°C
 Admission #5 [critical]  CRITICAL [10]  
   HR: 151 bpm BP: 180 mmHg SpO2: 85.6% Temp: 40.2°C

  Next update in 5s... (Ctrl+C to stop)

c  Tick #10  |  Interval: 5000ms  |  8:16:58 PM

 📡 Posting Vitals This Tick:
 Admission #39 [moderate]  MODERATE [4] 
   HR: 116 bpm BP: 141 mmHg SpO2: 92.4% Temp: 38.3°C
 Admission #38 [critical]  CRITICAL [10]  
   HR: 154 bpm BP: 182 mmHg SpO2: 85.5% Temp: 40.2°C
 Admission #37 [recovering]  STABLE [0] 
   HR: 85 bpm BP: 127 mmHg SpO2: 97.2% Temp: 37°C
 Admission #36 [stable]  STABLE [0] 
   HR: 73 bpm BP: 116 mmHg SpO2: 98.3% Temp: 36.9°C
 Admission #10 [moderate]  MODERATE [4] 
   HR: 109 bpm BP: 153 mmHg SpO2: 92.2% Temp: 38.4°C
 Admission #9 [critical]  CRITICAL [10]  
   HR: 151 bpm BP: 186 mmHg SpO2: 84.3% Temp: 40°C
 Admission #8 [recovering]  STABLE [0] 
   HR: 83 bpm BP: 123 mmHg SpO2: 96.9% Temp: 37°C
 Admission #7 [stable]  STABLE [0] 
   HR: 73 bpm BP: 118 mmHg SpO2: 98.1% Temp: 36.9°C
 Admission #6 [moderate]  MODERATE [3] 
   HR: 100 bpm BP: 155 mmHg SpO2: 91.6% Temp: 38.4°C
 Admission #5 [critical]  CRITICAL [9]  
   HR: 139 bpm BP: 179 mmHg SpO2: 82.8% Temp: 39.7°C

  Next update in 5s... (Ctrl+C to stop)

c  Tick #11  |  Interval: 5000ms  |  8:17:03 PM

 📡 Posting Vitals This Tick:
 Admission #39 [critical]  CRITICAL [10]  
   HR: 139 bpm BP: 182 mmHg SpO2: 84.4% Temp: 39.8°C
 Admission #38 [recovering]  STABLE [0] 
   HR: 80 bpm BP: 125 mmHg SpO2: 96.8% Temp: 37°C
 Admission #37 [stable]  STABLE [0] 
   HR: 75 bpm BP: 115 mmHg SpO2: 98.3% Temp: 36.7°C
 Admission #36 [moderate]  MODERATE [4] 
   HR: 113 bpm BP: 146 mmHg SpO2: 92.3% Temp: 38.7°C
 Admission #10 [critical]  CRITICAL [10]  
   HR: 149 bpm BP: 182 mmHg SpO2: 85.5% Temp: 39.7°C
 Admission #9 [recovering]  STABLE [0] 
   HR: 86 bpm BP: 131 mmHg SpO2: 97.3% Temp: 37.1°C
 Admission #8 [stable]  STABLE [0] 
   HR: 75 bpm BP: 120 mmHg SpO2: 98.2% Temp: 36.8°C
 Admission #7 [moderate]  MODERATE [4] 
   HR: 114 bpm BP: 151 mmHg SpO2: 91.7% Temp: 38.1°C
 Admission #6 [critical]  CRITICAL [10]  
   HR: 157 bpm BP: 189 mmHg SpO2: 85.7% Temp: 39.7°C
 Admission #5 [recovering]  STABLE [0] 
   HR: 82 bpm BP: 125 mmHg SpO2: 97.1% Temp: 37.3°C

  Next update in 5s... (Ctrl+C to stop)

c  Tick #12  |  Interval: 5000ms  |  8:17:08 PM

 📡 Posting Vitals This Tick:
 Admission #39 [critical]  CRITICAL [10]  
   HR: 147 bpm BP: 180 mmHg SpO2: 83.6% Temp: 40°C
 Admission #38 [recovering]  STABLE [0] 
   HR: 80 bpm BP: 132 mmHg SpO2: 96.7% Temp: 37°C
 Admission #37 [stable]  STABLE [0] 
   HR: 72 bpm BP: 126 mmHg SpO2: 97.1% Temp: 36.9°C
 Admission #36 [moderate]  MODERATE [4] 
   HR: 112 bpm BP: 143 mmHg SpO2: 93.4% Temp: 38.4°C
 Admission #10 [critical]  CRITICAL [10]  
   HR: 141 bpm BP: 187 mmHg SpO2: 85.3% Temp: 39.7°C
 Admission #9 [recovering]  STABLE [0] 
   HR: 84 bpm BP: 126 mmHg SpO2: 96.5% Temp: 37.2°C
 Admission #8 [stable]  STABLE [0] 
   HR: 78 bpm BP: 118 mmHg SpO2: 98.7% Temp: 36.8°C
 Admission #7 [moderate]  MODERATE [4] 
   HR: 116 bpm BP: 153 mmHg SpO2: 93.3% Temp: 38.6°C
 Admission #6 [critical]  CRITICAL [10]  
   HR: 142 bpm BP: 193 mmHg SpO2: 86% Temp: 40°C
 Admission #5 [recovering]  STABLE [0] 
   HR: 80 bpm BP: 132 mmHg SpO2: 97.5% Temp: 37.1°C

  Next update in 5s... (Ctrl+C to stop)

c  Tick #13  |  Interval: 5000ms  |  8:17:13 PM

 📡 Posting Vitals This Tick:
 Admission #39 [critical]  CRITICAL [10]  
   HR: 152 bpm BP: 189 mmHg SpO2: 84.9% Temp: 40.1°C
 Admission #38 [recovering]  STABLE [0] 
   HR: 79 bpm BP: 131 mmHg SpO2: 96.9% Temp: 37.1°C
 Admission #37 [stable]  STABLE [0] 
   HR: 74 bpm BP: 122 mmHg SpO2: 98.5% Temp: 36.6°C
 Admission #36 [moderate]  MODERATE [4] 
   HR: 106 bpm BP: 150 mmHg SpO2: 93.4% Temp: 38.6°C
 Admission #10 [critical]  CRITICAL [10]  
   HR: 143 bpm BP: 182 mmHg SpO2: 83.3% Temp: 39.6°C
 Admission #9 [recovering]  STABLE [0] 
   HR: 85 bpm BP: 132 mmHg SpO2: 97.4% Temp: 37°C
 Admission #8 [stable]  STABLE [0] 
   HR: 80 bpm BP: 125 mmHg SpO2: 97.9% Temp: 36.6°C
 Admission #7 [moderate]  MODERATE [4] 
   HR: 106 bpm BP: 152 mmHg SpO2: 90.6% Temp: 38.4°C
 Admission #6 [critical]  CRITICAL [10]  
   HR: 141 bpm BP: 190 mmHg SpO2: 85.7% Temp: 40.1°C
 Admission #5 [recovering]  STABLE [0] 
   HR: 81 bpm BP: 133 mmHg SpO2: 97.1% Temp: 37°C

  Next update in 5s... (Ctrl+C to stop)

c  Tick #14  |  Interval: 5000ms  |  8:17:18 PM

 📡 Posting Vitals This Tick:
 Admission #39 [critical]  CRITICAL [10]  
   HR: 144 bpm BP: 179 mmHg SpO2: 82.4% Temp: 39.8°C
 Admission #38 [recovering]  STABLE [0] 
   HR: 79 bpm BP: 131 mmHg SpO2: 96.7% Temp: 36.9°C
 Admission #37 [stable]  STABLE [0] 
   HR: 78 bpm BP: 123 mmHg SpO2: 98.2% Temp: 36.7°C
 Admission #36 [moderate]  MODERATE [4] 
   HR: 101 bpm BP: 149 mmHg SpO2: 91.1% Temp: 38.2°C
 Admission #10 [critical]  CRITICAL [10]  
   HR: 146 bpm BP: 191 mmHg SpO2: 82.6% Temp: 39.6°C
 Admission #9 [recovering]  STABLE [0] 
   HR: 82 bpm BP: 128 mmHg SpO2: 97.4% Temp: 37°C
 Admission #8 [stable]  STABLE [0] 
   HR: 74 bpm BP: 128 mmHg SpO2: 97.2% Temp: 36.8°C
 Admission #7 [moderate]  MODERATE [3] 
   HR: 108 bpm BP: 139 mmHg SpO2: 92.7% Temp: 38.2°C
 Admission #6 [critical]  CRITICAL [10]  
   HR: 139 bpm BP: 182 mmHg SpO2: 82.9% Temp: 39.8°C
 Admission #5 [recovering]  STABLE [0] 
   HR: 82 bpm BP: 124 mmHg SpO2: 97% Temp: 37°C

  Next update in 5s... (Ctrl+C to stop)

c  Tick #15  |  Interval: 5000ms  |  8:17:23 PM

 📡 Posting Vitals This Tick:
 Admission #39 [critical]  CRITICAL [10]  
   HR: 150 bpm BP: 189 mmHg SpO2: 82.4% Temp: 40.1°C
 Admission #38 [recovering]  STABLE [0] 
   HR: 80 bpm BP: 123 mmHg SpO2: 96.7% Temp: 37°C
 Admission #37 [stable]  STABLE [0] 
   HR: 78 bpm BP: 113 mmHg SpO2: 98.5% Temp: 36.9°C
 Admission #36 [moderate]  MODERATE [4] 
   HR: 108 bpm BP: 144 mmHg SpO2: 93.3% Temp: 38.6°C
 Admission #10 [critical]  CRITICAL [10]  
   HR: 154 bpm BP: 192 mmHg SpO2: 84.1% Temp: 40.1°C
 Admission #9 [recovering]  STABLE [0] 
   HR: 81 bpm BP: 125 mmHg SpO2: 97% Temp: 37°C
 Admission #8 [stable]  STABLE [0] 
   HR: 78 bpm BP: 122 mmHg SpO2: 98.5% Temp: 36.7°C
 Admission #7 [moderate]  MODERATE [4] 
   HR: 103 bpm BP: 157 mmHg SpO2: 90.9% Temp: 38.5°C
 Admission #6 [critical]  CRITICAL [10]  
   HR: 140 bpm BP: 187 mmHg SpO2: 82.3% Temp: 40°C
 Admission #5 [recovering]  STABLE [0] 
   HR: 83 bpm BP: 130 mmHg SpO2: 97.4% Temp: 36.9°C

  Next update in 5s... (Ctrl+C to stop)

c  Tick #16  |  Interval: 5000ms  |  8:17:28 PM

 📡 Posting Vitals This Tick:
 Admission #39 [recovering]  STABLE [0] 
   HR: 82 bpm BP: 134 mmHg SpO2: 96.6% Temp: 37.1°C
 Admission #38 [stable]  STABLE [0] 
   HR: 75 bpm BP: 126 mmHg SpO2: 98.9% Temp: 36.9°C
 Admission #37 [moderate]  MODERATE [4] 
   HR: 112 bpm BP: 156 mmHg SpO2: 92.3% Temp: 38.5°C
 Admission #36 [critical]  CRITICAL [10]  
   HR: 157 bpm BP: 192 mmHg SpO2: 83.5% Temp: 40°C
 Admission #10 [recovering]  STABLE [0] 
   HR: 80 bpm BP: 126 mmHg SpO2: 96.8% Temp: 37.1°C
 Admission #9 [stable]  STABLE [0] 
   HR: 73 bpm BP: 112 mmHg SpO2: 97.5% Temp: 36.7°C
 Admission #8 [moderate]  MODERATE [4] 
   HR: 103 bpm BP: 145 mmHg SpO2: 91.5% Temp: 38.2°C
 Admission #7 [critical]  CRITICAL [10]  
   HR: 143 bpm BP: 190 mmHg SpO2: 82.8% Temp: 40°C
 Admission #6 [recovering]  STABLE [0] 
   HR: 80 bpm BP: 123 mmHg SpO2: 97.1% Temp: 37.1°C
 Admission #5 [stable]  STABLE [0] 
   HR: 71 bpm BP: 114 mmHg SpO2: 97.7% Temp: 36.8°C

  Next update in 5s... (Ctrl+C to stop)

c  Tick #17  |  Interval: 5000ms  |  8:17:33 PM

 📡 Posting Vitals This Tick:
 Admission #39 [recovering]  STABLE [0] 
   HR: 85 bpm BP: 126 mmHg SpO2: 97.4% Temp: 36.9°C
 Admission #38 [stable]  STABLE [0] 
   HR: 73 bpm BP: 114 mmHg SpO2: 98.5% Temp: 36.8°C
 Admission #37 [moderate]  MODERATE [4] 
   HR: 104 bpm BP: 153 mmHg SpO2: 92.1% Temp: 38.6°C
 Admission #36 [critical]  CRITICAL [10]  
   HR: 142 bpm BP: 193 mmHg SpO2: 84.9% Temp: 40.1°C
 Admission #10 [recovering]  STABLE [0] 
   HR: 85 bpm BP: 129 mmHg SpO2: 96.8% Temp: 37.2°C
 Admission #9 [stable]  STABLE [0] 
   HR: 71 bpm BP: 115 mmHg SpO2: 98.8% Temp: 36.8°C
 Admission #8 [moderate]  MODERATE [4] 
   HR: 104 bpm BP: 145 mmHg SpO2: 92.6% Temp: 38.4°C
 Admission #7 [critical]  CRITICAL [10]  
   HR: 154 bpm BP: 185 mmHg SpO2: 84.6% Temp: 40.1°C
 Admission #6 [recovering]  STABLE [0] 
   HR: 82 bpm BP: 132 mmHg SpO2: 97% Temp: 36.9°C
 Admission #5 [stable]  STABLE [0] 
   HR: 75 bpm BP: 119 mmHg SpO2: 97.1% Temp: 36.8°C

  Next update in 5s... (Ctrl+C to stop)

c  Tick #18  |  Interval: 5000ms  |  8:17:38 PM

 📡 Posting Vitals This Tick:
 Admission #39 [recovering]  STABLE [0] 
   HR: 80 bpm BP: 123 mmHg SpO2: 96.9% Temp: 37.1°C
 Admission #38 [stable]  STABLE [0] 
   HR: 80 bpm BP: 118 mmHg SpO2: 98.6% Temp: 36.9°C
 Admission #37 [moderate]  MODERATE [4] 
   HR: 111 bpm BP: 142 mmHg SpO2: 90.6% Temp: 38.5°C
 Admission #36 [critical]  CRITICAL [9]  
   HR: 139 bpm BP: 190 mmHg SpO2: 85.5% Temp: 39.7°C
 Admission #10 [recovering]  STABLE [0] 
   HR: 85 bpm BP: 132 mmHg SpO2: 97.2% Temp: 37°C
 Admission #9 [stable]  STABLE [0] 
   HR: 76 bpm BP: 126 mmHg SpO2: 97.9% Temp: 36.7°C
 Admission #8 [moderate]  MODERATE [4] 
   HR: 103 bpm BP: 149 mmHg SpO2: 92.2% Temp: 38.4°C
 Admission #7 [critical]  CRITICAL [10]  
   HR: 157 bpm BP: 181 mmHg SpO2: 82.5% Temp: 40°C
 Admission #6 [recovering]  STABLE [0] 
   HR: 81 bpm BP: 133 mmHg SpO2: 97.3% Temp: 37°C
 Admission #5 [stable]  STABLE [0] 
   HR: 75 bpm BP: 119 mmHg SpO2: 98.9% Temp: 36.7°C

  Next update in 5s... (Ctrl+C to stop)

c  Tick #19  |  Interval: 5000ms  |  8:17:43 PM

 📡 Posting Vitals This Tick:
 Admission #39 [recovering]  STABLE [0] 
   HR: 79 bpm BP: 125 mmHg SpO2: 97.1% Temp: 36.9°C
 Admission #38 [stable]  STABLE [0] 
   HR: 78 bpm BP: 123 mmHg SpO2: 98.1% Temp: 36.8°C
 Admission #37 [moderate]  MODERATE [4] 
   HR: 110 bpm BP: 141 mmHg SpO2: 92.4% Temp: 38.4°C
 Admission #36 [critical]  CRITICAL [10]  
   HR: 150 bpm BP: 188 mmHg SpO2: 82.4% Temp: 39.9°C
 Admission #10 [recovering]  STABLE [0] 
   HR: 83 bpm BP: 124 mmHg SpO2: 96.6% Temp: 37°C
 Admission #9 [stable]  STABLE [0] 
   HR: 74 bpm BP: 123 mmHg SpO2: 98.1% Temp: 36.7°C
 Admission #8 [moderate]  MODERATE [4] 
   HR: 115 bpm BP: 154 mmHg SpO2: 91.9% Temp: 38.2°C
 Admission #7 [critical]  CRITICAL [10]  
   HR: 152 bpm BP: 187 mmHg SpO2: 85.3% Temp: 39.7°C
 Admission #6 [recovering]  STABLE [0] 
   HR: 85 bpm BP: 124 mmHg SpO2: 96.5% Temp: 37°C
 Admission #5 [stable]  STABLE [0] 
   HR: 72 bpm BP: 124 mmHg SpO2: 97.8% Temp: 36.7°C

  Next update in 5s... (Ctrl+C to stop)

c  Tick #20  |  Interval: 5000ms  |  8:17:48 PM

 📡 Posting Vitals This Tick:
 Admission #39 [recovering]  STABLE [0] 
   HR: 86 bpm BP: 126 mmHg SpO2: 97.2% Temp: 37°C
 Admission #38 [stable]  STABLE [0] 
   HR: 73 bpm BP: 124 mmHg SpO2: 97.6% Temp: 36.7°C
 Admission #37 [moderate]  MODERATE [4] 
   HR: 110 bpm BP: 145 mmHg SpO2: 93.2% Temp: 38.2°C
 Admission #36 [critical]  CRITICAL [10]  
   HR: 154 bpm BP: 181 mmHg SpO2: 85.6% Temp: 39.8°C
 Admission #10 [recovering]  STABLE [0] 
   HR: 80 bpm BP: 133 mmHg SpO2: 97.4% Temp: 36.9°C
 Admission #9 [stable]  STABLE [0] 
   HR: 78 bpm BP: 116 mmHg SpO2: 97.4% Temp: 36.9°C
 Admission #8 [moderate]  MODERATE [4] 
   HR: 107 bpm BP: 146 mmHg SpO2: 92.1% Temp: 38.3°C
 Admission #7 [critical]  CRITICAL [10]  
   HR: 157 bpm BP: 188 mmHg SpO2: 85.6% Temp: 39.6°C
 Admission #6 [recovering]  STABLE [0] 
   HR: 84 bpm BP: 133 mmHg SpO2: 96.7% Temp: 37.2°C
 Admission #5 [stable]  STABLE [0] 
   HR: 78 bpm BP: 121 mmHg SpO2: 98.8% Temp: 36.9°C

  Next update in 5s... (Ctrl+C to stop)

c  Tick #21  |  Interval: 5000ms  |  8:17:53 PM

 📡 Posting Vitals This Tick:
 Admission #39 [stable]  STABLE [0] 
   HR: 75 bpm BP: 117 mmHg SpO2: 98.7% Temp: 36.8°C
 Admission #38 [moderate]  MODERATE [4] 
   HR: 101 bpm BP: 143 mmHg SpO2: 91.6% Temp: 38.5°C
 Admission #37 [critical]  CRITICAL [10]  
   HR: 154 bpm BP: 192 mmHg SpO2: 82.1% Temp: 40.1°C
 Admission #36 [recovering]  STABLE [0] 
   HR: 81 bpm BP: 124 mmHg SpO2: 97% Temp: 37.2°C
 Admission #10 [stable]  STABLE [0] 
   HR: 76 bpm BP: 123 mmHg SpO2: 98.8% Temp: 37°C
 Admission #9 [moderate]  MODERATE [3] 
   HR: 111 bpm BP: 140 mmHg SpO2: 92.1% Temp: 38.3°C
 Admission #8 [critical]  CRITICAL [10]  
   HR: 139 bpm BP: 193 mmHg SpO2: 82.3% Temp: 40.1°C
 Admission #7 [recovering]  STABLE [0] 
   HR: 83 bpm BP: 129 mmHg SpO2: 97.1% Temp: 37°C
 Admission #6 [stable]  STABLE [0] 
   HR: 79 bpm BP: 113 mmHg SpO2: 97.5% Temp: 36.9°C
 Admission #5 [moderate]  MODERATE [3] 
   HR: 116 bpm BP: 139 mmHg SpO2: 91.1% Temp: 38.6°C

  Next update in 5s... (Ctrl+C to stop)

c  Tick #22  |  Interval: 5000ms  |  8:17:58 PM

 📡 Posting Vitals This Tick:
 Admission #39 [stable]  STABLE [0] 
   HR: 73 bpm BP: 128 mmHg SpO2: 97.3% Temp: 37°C
 Admission #38 [moderate]  MODERATE [4] 
   HR: 109 bpm BP: 142 mmHg SpO2: 91.4% Temp: 38.3°C
 Admission #37 [critical]  CRITICAL [9]  
   HR: 140 bpm BP: 183 mmHg SpO2: 85.2% Temp: 39.9°C
 Admission #36 [recovering]  STABLE [0] 
   HR: 85 bpm BP: 126 mmHg SpO2: 96.5% Temp: 37.1°C
 Admission #10 [stable]  STABLE [0] 
   HR: 72 bpm BP: 117 mmHg SpO2: 98.4% Temp: 36.7°C
 Admission #9 [moderate]  MODERATE [4] 
   HR: 112 bpm BP: 155 mmHg SpO2: 91.9% Temp: 38.2°C
 Admission #8 [critical]  CRITICAL [10]  
   HR: 153 bpm BP: 186 mmHg SpO2: 85.2% Temp: 40.1°C
 Admission #7 [recovering]  STABLE [0] 
   HR: 78 bpm BP: 125 mmHg SpO2: 97.1% Temp: 37.3°C
 Admission #6 [stable]  STABLE [0] 
   HR: 74 bpm BP: 128 mmHg SpO2: 97.9% Temp: 37°C
 Admission #5 [moderate]  MODERATE [4] 
   HR: 113 bpm BP: 141 mmHg SpO2: 90.8% Temp: 38.2°C

  Next update in 5s... (Ctrl+C to stop)

c  Tick #23  |  Interval: 5000ms  |  8:18:03 PM

 📡 Posting Vitals This Tick:
 Admission #39 [stable]  STABLE [0] 
   HR: 75 bpm BP: 121 mmHg SpO2: 98.8% Temp: 36.7°C
 Admission #38 [moderate]  MODERATE [4] 
   HR: 114 bpm BP: 150 mmHg SpO2: 91.6% Temp: 38.5°C
 Admission #37 [critical]  CRITICAL [10]  
   HR: 154 bpm BP: 180 mmHg SpO2: 83.4% Temp: 40.1°C
 Admission #36 [recovering]  STABLE [0] 
   HR: 82 bpm BP: 127 mmHg SpO2: 97.2% Temp: 37°C
 Admission #10 [stable]  STABLE [0] 
   HR: 73 bpm BP: 113 mmHg SpO2: 98.1% Temp: 36.8°C
 Admission #9 [moderate]  MODERATE [4] 
   HR: 107 bpm BP: 155 mmHg SpO2: 92.6% Temp: 38.2°C
 Admission #8 [critical]  CRITICAL [10]  
   HR: 154 bpm BP: 186 mmHg SpO2: 82.7% Temp: 39.9°C
 Admission #7 [recovering]  STABLE [0] 
   HR: 82 bpm BP: 122 mmHg SpO2: 96.6% Temp: 37.1°C
 Admission #6 [stable]  STABLE [0] 
   HR: 78 bpm BP: 121 mmHg SpO2: 98.7% Temp: 36.8°C
 Admission #5 [moderate]  MODERATE [4] 
   HR: 101 bpm BP: 152 mmHg SpO2: 92.1% Temp: 38.7°C

  Next update in 5s... (Ctrl+C to stop)

c  Tick #24  |  Interval: 5000ms  |  8:18:08 PM

 📡 Posting Vitals This Tick:
 Admission #39 [stable]  STABLE [0] 
   HR: 74 bpm BP: 115 mmHg SpO2: 98.8% Temp: 36.8°C
 Admission #38 [moderate]  MODERATE [4] 
   HR: 105 bpm BP: 141 mmHg SpO2: 90.6% Temp: 38.4°C
 Admission #37 [critical]  CRITICAL [10]  
   HR: 144 bpm BP: 181 mmHg SpO2: 82.2% Temp: 39.8°C
 Admission #36 [recovering]  STABLE [0] 
   HR: 80 bpm BP: 133 mmHg SpO2: 97.2% Temp: 37.2°C
 Admission #10 [stable]  STABLE [0] 
   HR: 77 bpm BP: 124 mmHg SpO2: 98.4% Temp: 36.9°C
 Admission #9 [moderate]  MODERATE [4] 
   HR: 115 bpm BP: 158 mmHg SpO2: 93.4% Temp: 38.3°C
 Admission #8 [critical]  CRITICAL [10]  
   HR: 151 bpm BP: 180 mmHg SpO2: 82.6% Temp: 39.7°C
 Admission #7 [recovering]  STABLE [0] 
   HR: 81 bpm BP: 123 mmHg SpO2: 96.9% Temp: 37°C
 Admission #6 [stable]  STABLE [0] 
   HR: 77 bpm BP: 128 mmHg SpO2: 97.7% Temp: 36.9°C
 Admission #5 [moderate]  MODERATE [4] 
   HR: 115 bpm BP: 144 mmHg SpO2: 93.1% Temp: 38.4°C

  Next update in 5s... (Ctrl+C to stop)

c  Tick #25  |  Interval: 5000ms  |  8:18:13 PM

 📡 Posting Vitals This Tick:
 Admission #39 [stable]  STABLE [0] 
   HR: 78 bpm BP: 123 mmHg SpO2: 97.1% Temp: 36.9°C
 Admission #38 [moderate]  MODERATE [3] 
   HR: 115 bpm BP: 140 mmHg SpO2: 91.2% Temp: 38.6°C
 Admission #37 [critical]  CRITICAL [10]  
   HR: 156 bpm BP: 190 mmHg SpO2: 85.9% Temp: 39.9°C
 Admission #36 [recovering]  STABLE [0] 
   HR: 81 bpm BP: 124 mmHg SpO2: 97.2% Temp: 37.2°C
 Admission #10 [stable]  STABLE [0] 
   HR: 70 bpm BP: 119 mmHg SpO2: 97.6% Temp: 36.8°C
 Admission #9 [moderate]  MODERATE [4] 
   HR: 115 bpm BP: 155 mmHg SpO2: 91.9% Temp: 38.1°C
 Admission #8 [critical]  CRITICAL [10]  
   HR: 142 bpm BP: 184 mmHg SpO2: 82.8% Temp: 39.8°C
 Admission #7 [recovering]  STABLE [0] 
   HR: 83 bpm BP: 131 mmHg SpO2: 96.9% Temp: 37.3°C
 Admission #6 [stable]  STABLE [0] 
   HR: 70 bpm BP: 120 mmHg SpO2: 98.8% Temp: 36.9°C
 Admission #5 [moderate]  MODERATE [4] 
   HR: 104 bpm BP: 148 mmHg SpO2: 91.4% Temp: 38.4°C

  Next update in 5s... (Ctrl+C to stop)

c  Tick #26  |  Interval: 5000ms  |  8:18:18 PM

 📡 Posting Vitals This Tick:
 Admission #39 [moderate]  MODERATE [4] 
   HR: 102 bpm BP: 154 mmHg SpO2: 91.5% Temp: 38.7°C
 Admission #38 [critical]  CRITICAL [10]  
   HR: 139 bpm BP: 190 mmHg SpO2: 82.6% Temp: 40.1°C
 Admission #37 [recovering]  STABLE [0] 
   HR: 81 bpm BP: 126 mmHg SpO2: 97.4% Temp: 37.3°C
 Admission #36 [stable]  STABLE [0] 
   HR: 72 bpm BP: 113 mmHg SpO2: 97.1% Temp: 36.8°C
 Admission #10 [moderate]  MODERATE [4] 
   HR: 116 bpm BP: 152 mmHg SpO2: 92.4% Temp: 38.3°C
 Admission #9 [critical]  CRITICAL [10]  
   HR: 151 bpm BP: 191 mmHg SpO2: 83.2% Temp: 40°C
 Admission #8 [recovering]  STABLE [0] 
   HR: 82 bpm BP: 123 mmHg SpO2: 97% Temp: 37°C
 Admission #7 [stable]  STABLE [0] 
   HR: 72 bpm BP: 120 mmHg SpO2: 98% Temp: 36.9°C
 Admission #6 [moderate]  MODERATE [4] 
   HR: 112 bpm BP: 152 mmHg SpO2: 93.2% Temp: 38.4°C
 Admission #5 [critical]  CRITICAL [10]  
   HR: 157 bpm BP: 186 mmHg SpO2: 82.6% Temp: 40°C

  Next update in 5s... (Ctrl+C to stop)

c  Tick #27  |  Interval: 5000ms  |  8:18:23 PM

 📡 Posting Vitals This Tick:
 Admission #39 [moderate]  MODERATE [4] 
   HR: 105 bpm BP: 147 mmHg SpO2: 92.2% Temp: 38.7°C
 Admission #38 [critical]  CRITICAL [10]  
   HR: 146 bpm BP: 182 mmHg SpO2: 82.8% Temp: 40°C
 Admission #37 [recovering]  STABLE [0] 
   HR: 80 bpm BP: 122 mmHg SpO2: 96.6% Temp: 37.2°C
 Admission #36 [stable]  STABLE [0] 
   HR: 72 bpm BP: 128 mmHg SpO2: 98.7% Temp: 36.8°C
 Admission #10 [moderate]  MODERATE [4] 
   HR: 102 bpm BP: 142 mmHg SpO2: 92.3% Temp: 38.1°C
 Admission #9 [critical]  CRITICAL [10]  
   HR: 143 bpm BP: 187 mmHg SpO2: 84.2% Temp: 40.1°C
 Admission #8 [recovering]  STABLE [0] 
   HR: 79 bpm BP: 128 mmHg SpO2: 97.5% Temp: 37.1°C
 Admission #7 [stable]  STABLE [0] 
   HR: 72 bpm BP: 115 mmHg SpO2: 97.9% Temp: 36.9°C
 Admission #6 [moderate]  MODERATE [4] 
   HR: 107 bpm BP: 142 mmHg SpO2: 91.9% Temp: 38.2°C
 Admission #5 [critical]  CRITICAL [10]  
   HR: 155 bpm BP: 185 mmHg SpO2: 82.3% Temp: 39.7°C

  Next update in 5s... (Ctrl+C to stop)

c  Tick #28  |  Interval: 5000ms  |  8:18:28 PM

 📡 Posting Vitals This Tick:
 Admission #39 [moderate]  MODERATE [3] 
   HR: 111 bpm BP: 140 mmHg SpO2: 92.3% Temp: 38.6°C
 Admission #38 [critical]  CRITICAL [10]  
   HR: 139 bpm BP: 193 mmHg SpO2: 84.9% Temp: 39.9°C
 Admission #37 [recovering]  STABLE [0] 
   HR: 82 bpm BP: 122 mmHg SpO2: 97% Temp: 37°C
 Admission #36 [stable]  STABLE [0] 
   HR: 76 bpm BP: 122 mmHg SpO2: 98.7% Temp: 36.9°C
 Admission #10 [moderate]  MODERATE [4] 
   HR: 108 bpm BP: 149 mmHg SpO2: 92.9% Temp: 38.3°C
 Admission #9 [critical]  CRITICAL [9]  
   HR: 149 bpm BP: 178 mmHg SpO2: 85.8% Temp: 39.7°C
 Admission #8 [recovering]  STABLE [0] 
   HR: 78 bpm BP: 126 mmHg SpO2: 96.9% Temp: 37°C
 Admission #7 [stable]  STABLE [0] 
   HR: 70 bpm BP: 126 mmHg SpO2: 97.4% Temp: 36.9°C
 Admission #6 [moderate]  MODERATE [4] 
   HR: 115 bpm BP: 143 mmHg SpO2: 91.9% Temp: 38.7°C
 Admission #5 [critical]  CRITICAL [10]  
   HR: 144 bpm BP: 190 mmHg SpO2: 84.3% Temp: 40°C

  Next update in 5s... (Ctrl+C to stop)

c  Tick #29  |  Interval: 5000ms  |  8:18:33 PM

 📡 Posting Vitals This Tick:
 Admission #39 [moderate]  MODERATE [4] 
   HR: 109 bpm BP: 147 mmHg SpO2: 92.4% Temp: 38.4°C
 Admission #38 [critical]  CRITICAL [10]  
   HR: 153 bpm BP: 192 mmHg SpO2: 82.5% Temp: 40°C
 Admission #37 [recovering]  STABLE [0] 
   HR: 85 bpm BP: 130 mmHg SpO2: 96.7% Temp: 37.2°C
 Admission #36 [stable]  STABLE [0] 
   HR: 78 bpm BP: 120 mmHg SpO2: 97.1% Temp: 36.9°C
 Admission #10 [moderate]  MODERATE [4] 
   HR: 107 bpm BP: 150 mmHg SpO2: 93.5% Temp: 38.6°C
 Admission #9 [critical]  CRITICAL [10]  
   HR: 149 bpm BP: 187 mmHg SpO2: 84.3% Temp: 39.8°C
 Admission #8 [recovering]  STABLE [0] 
   HR: 85 bpm BP: 128 mmHg SpO2: 97.3% Temp: 37°C
 Admission #7 [stable]  STABLE [0] 
   HR: 70 bpm BP: 123 mmHg SpO2: 98.2% Temp: 36.9°C
 Admission #6 [moderate]  MODERATE [4] 
   HR: 105 bpm BP: 149 mmHg SpO2: 90.6% Temp: 38.3°C
 Admission #5 [critical]  CRITICAL [10]  
   HR: 148 bpm BP: 190 mmHg SpO2: 86% Temp: 39.6°C

  Next update in 5s... (Ctrl+C to stop)

c  Tick #30  |  Interval: 5000ms  |  8:18:38 PM

 📡 Posting Vitals This Tick:
 Admission #39 [moderate]  MODERATE [4] 
   HR: 111 bpm BP: 155 mmHg SpO2: 92.8% Temp: 38.1°C
 Admission #38 [critical]  CRITICAL [9]  
   HR: 154 bpm BP: 180 mmHg SpO2: 85.9% Temp: 39.7°C
 Admission #37 [recovering]  STABLE [0] 
   HR: 83 bpm BP: 132 mmHg SpO2: 96.7% Temp: 37°C
 Admission #36 [stable]  STABLE [0] 
   HR: 78 bpm BP: 115 mmHg SpO2: 97.2% Temp: 36.9°C
 Admission #10 [moderate]  MODERATE [4] 
   HR: 115 bpm BP: 151 mmHg SpO2: 91.9% Temp: 38.1°C
 Admission #9 [critical]  CRITICAL [10]  
   HR: 151 bpm BP: 190 mmHg SpO2: 84% Temp: 39.7°C
 Admission #8 [recovering]  STABLE [0] 
   HR: 78 bpm BP: 131 mmHg SpO2: 97.4% Temp: 37.2°C
 Admission #7 [stable]  STABLE [0] 
   HR: 73 bpm BP: 118 mmHg SpO2: 98.8% Temp: 36.9°C
 Admission #6 [moderate]  MODERATE [3] 
   HR: 104 bpm BP: 139 mmHg SpO2: 91.8% Temp: 38.3°C
 Admission #5 [critical]  CRITICAL [10]  
   HR: 149 bpm BP: 191 mmHg SpO2: 82.8% Temp: 40.1°C

  Next update in 5s... (Ctrl+C to stop)

c  Tick #31  |  Interval: 5000ms  |  8:18:43 PM

 📡 Posting Vitals This Tick:
 Admission #39 [critical]  CRITICAL [10]  
   HR: 151 bpm BP: 189 mmHg SpO2: 83.6% Temp: 40.2°C
 Admission #38 [recovering]  STABLE [0] 
   HR: 86 bpm BP: 123 mmHg SpO2: 96.7% Temp: 37°C
 Admission #37 [stable]  STABLE [0] 
   HR: 72 bpm BP: 124 mmHg SpO2: 98.1% Temp: 36.9°C
 Admission #36 [moderate]  MODERATE [4] 
   HR: 106 bpm BP: 154 mmHg SpO2: 91.3% Temp: 38.3°C
 Admission #10 [critical]  CRITICAL [10]  
   HR: 144 bpm BP: 178 mmHg SpO2: 83.1% Temp: 39.6°C
 Admission #9 [recovering]  STABLE [0] 
   HR: 85 bpm BP: 132 mmHg SpO2: 97.2% Temp: 37.2°C
 Admission #8 [stable]  STABLE [0] 
   HR: 71 bpm BP: 124 mmHg SpO2: 98.9% Temp: 36.6°C
 Admission #7 [moderate]  STABLE [2] 
   HR: 100 bpm BP: 139 mmHg SpO2: 91.6% Temp: 38.5°C
 Admission #6 [critical]  CRITICAL [10]  
   HR: 146 bpm BP: 185 mmHg SpO2: 84% Temp: 39.9°C
 Admission #5 [recovering]  STABLE [0] 
   HR: 83 bpm BP: 129 mmHg SpO2: 97.1% Temp: 37.1°C

  Next update in 5s... (Ctrl+C to stop)

c  Tick #32  |  Interval: 5000ms  |  8:18:48 PM

 📡 Posting Vitals This Tick:
 Admission #39 [critical]  CRITICAL [10]  
   HR: 144 bpm BP: 191 mmHg SpO2: 82.5% Temp: 39.9°C
 Admission #38 [recovering]  STABLE [0] 
   HR: 79 bpm BP: 133 mmHg SpO2: 96.9% Temp: 37°C
 Admission #37 [stable]  STABLE [0] 
   HR: 76 bpm BP: 118 mmHg SpO2: 99% Temp: 36.7°C
 Admission #36 [moderate]  MODERATE [3] 
   HR: 112 bpm BP: 140 mmHg SpO2: 90.9% Temp: 38.2°C
 Admission #10 [critical]  CRITICAL [10]  
   HR: 143 bpm BP: 192 mmHg SpO2: 82.8% Temp: 40.1°C
 Admission #9 [recovering]  STABLE [0] 
   HR: 80 bpm BP: 124 mmHg SpO2: 96.7% Temp: 37°C
 Admission #8 [stable]  STABLE [0] 
   HR: 71 bpm BP: 120 mmHg SpO2: 98.7% Temp: 36.7°C
 Admission #7 [moderate]  MODERATE [4] 
   HR: 112 bpm BP: 149 mmHg SpO2: 91.2% Temp: 38.4°C
 Admission #6 [critical]  CRITICAL [10]  
   HR: 156 bpm BP: 183 mmHg SpO2: 84.1% Temp: 39.6°C
 Admission #5 [recovering]  STABLE [0] 
   HR: 83 bpm BP: 124 mmHg SpO2: 97% Temp: 37.1°C

  Next update in 5s... (Ctrl+C to stop)

c  Tick #33  |  Interval: 5000ms  |  8:18:53 PM

 📡 Posting Vitals This Tick:
 Admission #39 [critical]  CRITICAL [10]  
   HR: 149 bpm BP: 189 mmHg SpO2: 84.6% Temp: 39.8°C
 Admission #38 [recovering]  STABLE [0] 
   HR: 85 bpm BP: 133 mmHg SpO2: 97.3% Temp: 37.2°C
 Admission #37 [stable]  STABLE [0] 
   HR: 72 bpm BP: 114 mmHg SpO2: 98.8% Temp: 36.9°C
 Admission #36 [moderate]  MODERATE [4] 
   HR: 105 bpm BP: 142 mmHg SpO2: 90.6% Temp: 38.2°C
 Admission #10 [critical]  CRITICAL [10]  
   HR: 152 bpm BP: 188 mmHg SpO2: 83.4% Temp: 39.7°C
 Admission #9 [recovering]  STABLE [0] 
   HR: 82 bpm BP: 133 mmHg SpO2: 97.4% Temp: 37.2°C
 Admission #8 [stable]  STABLE [0] 
   HR: 79 bpm BP: 117 mmHg SpO2: 97.8% Temp: 36.8°C
 Admission #7 [moderate]  MODERATE [4] 
   HR: 101 bpm BP: 147 mmHg SpO2: 90.7% Temp: 38.4°C
 Admission #6 [critical]  CRITICAL [10]  
   HR: 148 bpm BP: 189 mmHg SpO2: 85.7% Temp: 39.8°C
 Admission #5 [recovering]  STABLE [0] 
   HR: 80 bpm BP: 128 mmHg SpO2: 96.9% Temp: 37.2°C

  Next update in 5s... (Ctrl+C to stop)

c  Tick #34  |  Interval: 5000ms  |  8:18:58 PM

 📡 Posting Vitals This Tick:
 Admission #39 [critical]  CRITICAL [10]  
   HR: 139 bpm BP: 187 mmHg SpO2: 85.7% Temp: 40.1°C
 Admission #38 [recovering]  STABLE [0] 
   HR: 80 bpm BP: 129 mmHg SpO2: 96.6% Temp: 37.2°C
 Admission #37 [stable]  STABLE [0] 
   HR: 73 bpm BP: 119 mmHg SpO2: 98% Temp: 36.9°C
 Admission #36 [moderate]  MODERATE [4] 
   HR: 113 bpm BP: 155 mmHg SpO2: 91.2% Temp: 38.4°C
 Admission #10 [critical]  CRITICAL [10]  
   HR: 156 bpm BP: 193 mmHg SpO2: 82.2% Temp: 40.2°C
 Admission #9 [recovering]  STABLE [0] 
   HR: 79 bpm BP: 128 mmHg SpO2: 97.5% Temp: 37°C
 Admission #8 [stable]  STABLE [0] 
   HR: 71 bpm BP: 113 mmHg SpO2: 97.3% Temp: 36.9°C
 Admission #7 [moderate]  MODERATE [3] 
   HR: 111 bpm BP: 139 mmHg SpO2: 91.3% Temp: 38.5°C
 Admission #6 [critical]  CRITICAL [10]  
   HR: 150 bpm BP: 179 mmHg SpO2: 83.8% Temp: 39.9°C
 Admission #5 [recovering]  STABLE [0] 
   HR: 86 bpm BP: 122 mmHg SpO2: 97% Temp: 37°C

  Next update in 5s... (Ctrl+C to stop)

c  Tick #35  |  Interval: 5000ms  |  8:19:03 PM

 📡 Posting Vitals This Tick:
 Admission #39 [critical]  CRITICAL [10]  
   HR: 147 bpm BP: 186 mmHg SpO2: 82.4% Temp: 39.9°C
 Admission #38 [recovering]  STABLE [0] 
   HR: 79 bpm BP: 129 mmHg SpO2: 96.7% Temp: 37.2°C
 Admission #37 [stable]  STABLE [0] 
   HR: 71 bpm BP: 113 mmHg SpO2: 98.1% Temp: 36.9°C
 Admission #36 [moderate]  MODERATE [4] 
   HR: 101 bpm BP: 147 mmHg SpO2: 91.6% Temp: 38.3°C
 Admission #10 [critical]  CRITICAL [10]  
   HR: 152 bpm BP: 190 mmHg SpO2: 83% Temp: 39.8°C
 Admission #9 [recovering]  STABLE [0] 
   HR: 80 bpm BP: 132 mmHg SpO2: 97.4% Temp: 37.2°C
 Admission #8 [stable]  STABLE [0] 
   HR: 78 bpm BP: 119 mmHg SpO2: 97.5% Temp: 36.7°C
 Admission #7 [moderate]  MODERATE [4] 
   HR: 110 bpm BP: 150 mmHg SpO2: 90.5% Temp: 38.2°C
 Admission #6 [critical]  CRITICAL [10]  
   HR: 151 bpm BP: 182 mmHg SpO2: 84.1% Temp: 40.1°C
 Admission #5 [recovering]  STABLE [0] 
   HR: 82 bpm BP: 128 mmHg SpO2: 96.8% Temp: 37.1°C

  Next update in 5s... (Ctrl+C to stop)

c  Tick #36  |  Interval: 5000ms  |  8:19:08 PM

 📡 Posting Vitals This Tick:
 Admission #39 [recovering]  STABLE [0] 
   HR: 79 bpm BP: 129 mmHg SpO2: 96.6% Temp: 37.3°C
 Admission #38 [stable]  STABLE [0] 
   HR: 74 bpm BP: 118 mmHg SpO2: 98.8% Temp: 36.6°C
 Admission #37 [moderate]  MODERATE [4] 
   HR: 109 bpm BP: 143 mmHg SpO2: 92.5% Temp: 38.1°C
 Admission #36 [critical]  CRITICAL [10]  
   HR: 148 bpm BP: 193 mmHg SpO2: 82.8% Temp: 40°C
 Admission #10 [recovering]  STABLE [0] 
   HR: 82 bpm BP: 130 mmHg SpO2: 96.5% Temp: 37.3°C
 Admission #9 [stable]  STABLE [0] 
   HR: 71 bpm BP: 120 mmHg SpO2: 98.4% Temp: 36.7°C
 Admission #8 [moderate]  MODERATE [4] 
   HR: 104 bpm BP: 144 mmHg SpO2: 91% Temp: 38.2°C
 Admission #7 [critical]  CRITICAL [10]  
   HR: 141 bpm BP: 181 mmHg SpO2: 83.3% Temp: 39.9°C
 Admission #6 [recovering]  STABLE [0] 
   HR: 79 bpm BP: 129 mmHg SpO2: 97.2% Temp: 37.3°C
 Admission #5 [stable]  STABLE [0] 
   HR: 73 bpm BP: 118 mmHg SpO2: 97.4% Temp: 36.8°C

  Next update in 5s... (Ctrl+C to stop)

c  Tick #37  |  Interval: 5000ms  |  8:19:13 PM

 📡 Posting Vitals This Tick:
 Admission #39 [recovering]  STABLE [0] 
   HR: 85 bpm BP: 123 mmHg SpO2: 96.6% Temp: 37°C
 Admission #38 [stable]  STABLE [0] 
   HR: 74 bpm BP: 126 mmHg SpO2: 98.6% Temp: 36.6°C
 Admission #37 [moderate]  MODERATE [4] 
   HR: 106 bpm BP: 154 mmHg SpO2: 90.9% Temp: 38.6°C
 Admission #36 [critical]  CRITICAL [10]  
   HR: 144 bpm BP: 188 mmHg SpO2: 84.3% Temp: 39.7°C
 Admission #10 [recovering]  STABLE [0] 
   HR: 78 bpm BP: 128 mmHg SpO2: 97% Temp: 37°C
 Admission #9 [stable]  STABLE [0] 
   HR: 76 bpm BP: 120 mmHg SpO2: 97.8% Temp: 36.6°C
 Admission #8 [moderate]  MODERATE [4] 
   HR: 101 bpm BP: 154 mmHg SpO2: 91.2% Temp: 38.5°C
 Admission #7 [critical]  CRITICAL [10]  
   HR: 152 bpm BP: 194 mmHg SpO2: 84.7% Temp: 40.1°C
 Admission #6 [recovering]  STABLE [0] 
   HR: 83 bpm BP: 130 mmHg SpO2: 97.1% Temp: 37.1°C
 Admission #5 [stable]  STABLE [0] 
   HR: 76 bpm BP: 117 mmHg SpO2: 97.9% Temp: 36.9°C

  Next update in 5s... (Ctrl+C to stop)

c  Tick #38  |  Interval: 5000ms  |  8:19:18 PM

 📡 Posting Vitals This Tick:
 Admission #39 [recovering]  STABLE [0] 
   HR: 79 bpm BP: 127 mmHg SpO2: 97.4% Temp: 37°C
 Admission #38 [stable]  STABLE [0] 
   HR: 78 bpm BP: 115 mmHg SpO2: 98.8% Temp: 36.9°C
 Admission #37 [moderate]  MODERATE [3] 
   HR: 112 bpm BP: 139 mmHg SpO2: 90.8% Temp: 38.3°C
c  Tick #39  |  Interval: 5000ms  |  8:19:29 PM

 Admission #36 ✗ Failed: timeout of 8000ms exceeded
c  Tick #40  |  Interval: 5000ms  |  8:21:02 PM

 📡 Posting Vitals This Tick:
 Admission #10 ✗ Failed: timeout of 8000ms exceeded
c  Tick #41  |  Interval: 5000ms  |  8:21:15 PM

 📡 Posting Vitals This Tick:
 Admission #39 ✗ Failed: timeout of 8000ms exceeded
c  Tick #42  |  Interval: 5000ms  |  8:21:39 PM

 Admission #9 ✗ Failed: timeout of 8000ms exceeded
 📡 Posting Vitals This Tick:
 Admission #39 ✗ Failed: timeout of 8000ms exceeded
c  Tick #43  |  Interval: 5000ms  |  8:21:47 PM

 Admission #38 ✗ Failed: timeout of 8000ms exceeded
 📡 Posting Vitals This Tick:
 Admission #8 ✗ Failed: timeout of 8000ms exceeded
 Admission #39 ✗ Failed: timeout of 8000ms exceeded
 Admission #38 ✗ Failed: timeout of 8000ms exceeded
c  Tick #44  |  Interval: 5000ms  |  8:22:03 PM

 📡 Posting Vitals This Tick:
 Admission #37 ✗ Failed: timeout of 8000ms exceeded
 Admission #39 ✗ Failed: timeout of 8000ms exceeded
 📡 Posting Vitals This Tick:
 Admission #38 [moderate]  MODERATE [4] 
   HR: 110 bpm BP: 155 mmHg SpO2: 92.8% Temp: 38.4°C
 Admission #7 ✗ Failed: timeout of 8000ms exceeded
 Admission #39 [stable]  STABLE [0] 
   HR: 77 bpm BP: 122 mmHg SpO2: 98.7% Temp: 36.9°C
 Admission #37 [moderate]  MODERATE [4] 
   HR: 109 bpm BP: 155 mmHg SpO2: 91.8% Temp: 38.1°C
 Admission #38 [stable]  STABLE [0] 
   HR: 78 bpm BP: 116 mmHg SpO2: 98.8% Temp: 36.8°C
 Admission #36 [critical]  CRITICAL [10]  
   HR: 151 bpm BP: 179 mmHg SpO2: 84.5% Temp: 39.6°C
 Admission #37 [moderate]  MODERATE [4] 
   HR: 102 bpm BP: 141 mmHg SpO2: 92.7% Temp: 38.6°C
 Admission #39 [stable]  STABLE [0] 
   HR: 72 bpm BP: 120 mmHg SpO2: 97.8% Temp: 36.8°C
 Admission #10 [recovering]  STABLE [0] 
   HR: 85 bpm BP: 133 mmHg SpO2: 96.8% Temp: 37.3°C
c  Tick #45  |  Interval: 5000ms  |  8:22:09 PM

 📡 Posting Vitals This Tick:
 Admission #6 [recovering]  STABLE [0] 
   HR: 82 bpm BP: 133 mmHg SpO2: 96.8% Temp: 36.9°C
 Admission #38 [moderate]  MODERATE [4] 
   HR: 112 bpm BP: 150 mmHg SpO2: 90.6% Temp: 38.1°C
 Admission #39 [stable]  STABLE [0] 
   HR: 77 bpm BP: 117 mmHg SpO2: 97.1% Temp: 36.8°C
 Admission #9 [stable]  STABLE [0] 
   HR: 74 bpm BP: 123 mmHg SpO2: 97% Temp: 36.6°C
 Admission #38 [moderate]  MODERATE [4] 
   HR: 108 bpm BP: 142 mmHg SpO2: 93% Temp: 38.2°C
 Admission #5 [stable]  STABLE [0] 
   HR: 71 bpm BP: 121 mmHg SpO2: 98% Temp: 36.9°C

  Next update in 5s... (Ctrl+C to stop)

 Admission #37 [critical]  CRITICAL [10]  
   HR: 144 bpm BP: 189 mmHg SpO2: 83.6% Temp: 40°C
 Admission #37 [critical]  CRITICAL [10]  
   HR: 141 bpm BP: 187 mmHg SpO2: 83.2% Temp: 39.8°C
 Admission #8 [moderate]  MODERATE [4] 
   HR: 103 bpm BP: 141 mmHg SpO2: 90.5% Temp: 38.3°C
 Admission #36 [critical]  CRITICAL [10]  
   HR: 143 bpm BP: 180 mmHg SpO2: 82.4% Temp: 40°C
 Admission #36 [critical]  CRITICAL [10]  
   HR: 140 bpm BP: 192 mmHg SpO2: 84.1% Temp: 39.9°C
 Admission #37 [critical]  CRITICAL [10]  
   HR: 139 bpm BP: 188 mmHg SpO2: 84.9% Temp: 39.7°C
 Admission #7 [critical]  CRITICAL [10]  
   HR: 150 bpm BP: 185 mmHg SpO2: 84.6% Temp: 39.7°C
 Admission #36 [critical]  CRITICAL [10]  
   HR: 141 bpm BP: 178 mmHg SpO2: 83.2% Temp: 40.1°C
 Admission #10 [recovering]  STABLE [0] 
   HR: 82 bpm BP: 129 mmHg SpO2: 96.9% Temp: 37.1°C
 Admission #10 [recovering]  STABLE [0] 
   HR: 78 bpm BP: 123 mmHg SpO2: 97.3% Temp: 37.2°C
 Admission #6 [recovering]  STABLE [0] 
   HR: 81 bpm BP: 123 mmHg SpO2: 96.8% Temp: 37.2°C
 Admission #38 [moderate]  MODERATE [4] 
   HR: 103 bpm BP: 147 mmHg SpO2: 92.6% Temp: 38.2°C
 Admission #36 [recovering]  STABLE [0] 
   HR: 81 bpm BP: 126 mmHg SpO2: 96.7% Temp: 36.9°C
 Admission #10 [recovering]  STABLE [0] 
   HR: 84 bpm BP: 126 mmHg SpO2: 97% Temp: 37.1°C
 Admission #5 [stable]  STABLE [0] 
   HR: 73 bpm BP: 128 mmHg SpO2: 98.1% Temp: 36.6°C

  Next update in 5s... (Ctrl+C to stop)

 Admission #9 [stable]  STABLE [0] 
   HR: 74 bpm BP: 125 mmHg SpO2: 97.4% Temp: 36.9°C
 Admission #36 [critical]  CRITICAL [10]  
   HR: 155 bpm BP: 185 mmHg SpO2: 85.5% Temp: 40.1°C
 Admission #9 [stable]  STABLE [0] 
   HR: 77 bpm BP: 114 mmHg SpO2: 98.9% Temp: 36.9°C
 Admission #37 [critical]  CRITICAL [10]  
   HR: 157 bpm BP: 193 mmHg SpO2: 84.8% Temp: 39.8°C
c  Tick #46  |  Interval: 5000ms  |  8:22:14 PM

 📡 Posting Vitals This Tick:
 Admission #10 [stable]  STABLE [0] 
   HR: 76 bpm BP: 119 mmHg SpO2: 98.4% Temp: 36.9°C
 Admission #10 [stable]  STABLE [0] 
   HR: 73 bpm BP: 115 mmHg SpO2: 97.8% Temp: 36.7°C
 Admission #9 [stable]  STABLE [0] 
   HR: 74 bpm BP: 117 mmHg SpO2: 97.7% Temp: 36.6°C
 Admission #8 [moderate]  MODERATE [4] 
   HR: 101 bpm BP: 155 mmHg SpO2: 93.1% Temp: 38.6°C
 Admission #36 [recovering]  STABLE [0] 
   HR: 81 bpm BP: 129 mmHg SpO2: 96.8% Temp: 37.2°C
 Admission #8 [moderate]  MODERATE [3] 
   HR: 111 bpm BP: 140 mmHg SpO2: 92.7% Temp: 38.2°C
 Admission #7 [critical]  CRITICAL [10]  
   HR: 150 bpm BP: 184 mmHg SpO2: 85.7% Temp: 40.2°C
 Admission #39 [moderate]  MODERATE [4] 
   HR: 108 bpm BP: 157 mmHg SpO2: 91.4% Temp: 38.7°C
 Admission #8 [moderate]  MODERATE [4] 
   HR: 105 bpm BP: 157 mmHg SpO2: 91.9% Temp: 38.4°C
 Admission #9 [moderate]  MODERATE [4] 
   HR: 107 bpm BP: 147 mmHg SpO2: 92.5% Temp: 38.4°C
 Admission #9 [moderate]  MODERATE [4] 
   HR: 116 bpm BP: 157 mmHg SpO2: 92.6% Temp: 38.1°C
 Admission #7 [critical]  CRITICAL [9]  
   HR: 138 bpm BP: 185 mmHg SpO2: 86% Temp: 39.9°C
 Admission #10 [stable]  STABLE [0] 
   HR: 73 bpm BP: 122 mmHg SpO2: 97.9% Temp: 36.6°C
 Admission #6 [recovering]  STABLE [0] 
   HR: 83 bpm BP: 125 mmHg SpO2: 96.7% Temp: 37.2°C
c  Tick #47  |  Interval: 5000ms  |  8:22:19 PM

 Admission #7 [recovering]  STABLE [0] 
   HR: 79 bpm BP: 124 mmHg SpO2: 96.6% Temp: 37°C
 Admission #8 [critical]  CRITICAL [10]  
   HR: 145 bpm BP: 185 mmHg SpO2: 83.6% Temp: 40.2°C
 Admission #38 [critical]  CRITICAL [10]  
   HR: 152 bpm BP: 186 mmHg SpO2: 83.5% Temp: 39.7°C
 Admission #6 [recovering]  STABLE [0] 
   HR: 83 bpm BP: 125 mmHg SpO2: 97% Temp: 37.3°C
 Admission #8 [critical]  CRITICAL [10]  
   HR: 157 bpm BP: 189 mmHg SpO2: 84.6% Temp: 39.8°C
 Admission #5 [stable]  STABLE [0] 
   HR: 74 bpm BP: 116 mmHg SpO2: 97.6% Temp: 36.9°C

  Next update in 5s... (Ctrl+C to stop)

 Admission #9 [moderate]  MODERATE [4] 
   HR: 103 bpm BP: 156 mmHg SpO2: 93.4% Temp: 38.5°C
 Admission #7 [recovering]  STABLE [0] 
   HR: 85 bpm BP: 129 mmHg SpO2: 96.7% Temp: 37°C
 Admission #5 [stable]  STABLE [0] 
   HR: 77 bpm BP: 113 mmHg SpO2: 97.7% Temp: 36.7°C

  Next update in 5s... (Ctrl+C to stop)

 Admission #6 [stable]  STABLE [0] 
   HR: 78 bpm BP: 116 mmHg SpO2: 98.4% Temp: 37°C
 Admission #7 [recovering]  STABLE [0] 
   HR: 82 bpm BP: 128 mmHg SpO2: 97.4% Temp: 36.9°C
 Admission #37 [recovering]  STABLE [0] 
   HR: 82 bpm BP: 132 mmHg SpO2: 97.1% Temp: 37°C
 📡 Posting Vitals This Tick:
 Admission #8 [critical]  CRITICAL [8]  
   HR: 140 bpm BP: 180 mmHg SpO2: 85.2% Temp: 39.9°C
 Admission #5 [moderate]  MODERATE [4] 
   HR: 110 bpm BP: 155 mmHg SpO2: 91.1% Temp: 38.2°C

  Next update in 5s... (Ctrl+C to stop)

 Admission #39 [moderate]  MODERATE [4] 
   HR: 102 bpm BP: 150 mmHg SpO2: 92.6% Temp: 38.3°C
 Admission #6 [stable]  STABLE [0] 
   HR: 79 bpm BP: 118 mmHg SpO2: 97.6% Temp: 36.8°C
 Admission #36 [stable]  STABLE [0] 
   HR: 71 bpm BP: 112 mmHg SpO2: 98.6% Temp: 36.9°C
 Admission #6 [stable]  STABLE [0] 
   HR: 71 bpm BP: 124 mmHg SpO2: 98% Temp: 36.9°C
 Admission #7 [recovering]  STABLE [0] 
   HR: 84 bpm BP: 132 mmHg SpO2: 96.6% Temp: 37.2°C
 Admission #5 [moderate]  MODERATE [4] 
   HR: 115 bpm BP: 155 mmHg SpO2: 92.5% Temp: 38.7°C

  Next update in 5s... (Ctrl+C to stop)

 Admission #6 [stable]  STABLE [0] 
   HR: 80 bpm BP: 115 mmHg SpO2: 97.6% Temp: 36.8°C
 Admission #10 [moderate]  MODERATE [4] 
   HR: 110 bpm BP: 150 mmHg SpO2: 92% Temp: 38.2°C
 Admission #5 [moderate]  MODERATE [4] 
   HR: 115 bpm BP: 151 mmHg SpO2: 92.1% Temp: 38.2°C

  Next update in 5s... (Ctrl+C to stop)

 Admission #38 [critical]  CRITICAL [10]  
   HR: 151 bpm BP: 184 mmHg SpO2: 82.9% Temp: 40.1°C
 Admission #37 [recovering]  STABLE [0] 
   HR: 82 bpm BP: 122 mmHg SpO2: 97.3% Temp: 37.1°C
 Admission #5 [moderate]  MODERATE [4] 
   HR: 106 bpm BP: 149 mmHg SpO2: 91.6% Temp: 38.1°C

  Next update in 5s... (Ctrl+C to stop)

 Admission #9 [critical]  CRITICAL [10]  
   HR: 148 bpm BP: 188 mmHg SpO2: 85.5% Temp: 40.1°C
 Admission #36 [stable]  STABLE [0] 
   HR: 70 bpm BP: 124 mmHg SpO2: 98.9% Temp: 36.7°C
c  Tick #48  |  Interval: 5000ms  |  8:22:24 PM

 📡 Posting Vitals This Tick:
 Admission #8 [recovering]  STABLE [0] 
   HR: 85 bpm BP: 133 mmHg SpO2: 96.9% Temp: 37.1°C
 Admission #10 [moderate]  MODERATE [4] 
   HR: 111 bpm BP: 142 mmHg SpO2: 91.8% Temp: 38.7°C
 Admission #7 [stable]  STABLE [0] 
   HR: 75 bpm BP: 117 mmHg SpO2: 97.6% Temp: 36.8°C
 Admission #39 [moderate]  MODERATE [4] 
   HR: 115 bpm BP: 149 mmHg SpO2: 91.3% Temp: 38.4°C
 Admission #6 [moderate]  MODERATE [4] 
   HR: 115 bpm BP: 143 mmHg SpO2: 90.5% Temp: 38.4°C
 Admission #9 [critical]  CRITICAL [10]  
   HR: 157 bpm BP: 179 mmHg SpO2: 83.9% Temp: 39.7°C
 Admission #38 [critical]  CRITICAL [10]  
   HR: 142 bpm BP: 183 mmHg SpO2: 85.5% Temp: 40°C
 Admission #5 [critical]  CRITICAL [10]  
   HR: 148 bpm BP: 188 mmHg SpO2: 84% Temp: 39.8°C

  Next update in 5s... (Ctrl+C to stop)

 Admission #37 [recovering]  STABLE [0] 
   HR: 79 bpm BP: 127 mmHg SpO2: 96.9% Temp: 37°C
 Admission #8 [recovering]  STABLE [0] 
   HR: 82 bpm BP: 126 mmHg SpO2: 96.5% Temp: 37.1°C
 Admission #36 [stable]  STABLE [0] 
   HR: 72 bpm BP: 126 mmHg SpO2: 97.5% Temp: 36.6°C
 Admission #7 [stable]  STABLE [0] 
   HR: 70 bpm BP: 125 mmHg SpO2: 99% Temp: 37°C
 Admission #10 [moderate]  MODERATE [4] 
   HR: 114 bpm BP: 156 mmHg SpO2: 93.2% Temp: 38.5°C
 Admission #6 [moderate]  MODERATE [4] 
   HR: 101 bpm BP: 148 mmHg SpO2: 91.9% Temp: 38.7°C
 Admission #9 [critical]  CRITICAL [10]  
   HR: 155 bpm BP: 191 mmHg SpO2: 83.7% Temp: 39.7°C
 Admission #5 [critical]  CRITICAL [10]  
   HR: 146 bpm BP: 192 mmHg SpO2: 82.9% Temp: 40.2°C

  Next update in 5s... (Ctrl+C to stop)

 Admission #8 [recovering]  STABLE [0] 
   HR: 80 bpm BP: 127 mmHg SpO2: 97.2% Temp: 37.2°C
 Admission #7 [stable]  STABLE [0] 
   HR: 77 bpm BP: 117 mmHg SpO2: 98.1% Temp: 36.6°C
 Admission #6 [moderate]  MODERATE [3] 
   HR: 102 bpm BP: 140 mmHg SpO2: 92.2% Temp: 38.2°C
 Admission #5 [critical]  CRITICAL [9]  
   HR: 139 bpm BP: 182 mmHg SpO2: 85.6% Temp: 39.9°C

  Next update in 5s... (Ctrl+C to stop)

c  Tick #49  |  Interval: 5000ms  |  8:22:29 PM

 📡 Posting Vitals This Tick:
 Admission #39 [moderate]  MODERATE [4] 
   HR: 109 bpm BP: 155 mmHg SpO2: 92.4% Temp: 38.1°C
 Admission #38 [critical]  CRITICAL [10]  
   HR: 146 bpm BP: 179 mmHg SpO2: 83% Temp: 40.2°C
 Admission #37 [recovering]  STABLE [0] 
   HR: 79 bpm BP: 126 mmHg SpO2: 96.6% Temp: 37.1°C
 Admission #36 [stable]  STABLE [0] 
   HR: 73 bpm BP: 117 mmHg SpO2: 97.6% Temp: 36.8°C
 Admission #10 [moderate]  MODERATE [4] 
   HR: 113 bpm BP: 155 mmHg SpO2: 91.1% Temp: 38.6°C
 Admission #9 [critical]  CRITICAL [10]  
   HR: 148 bpm BP: 183 mmHg SpO2: 82.2% Temp: 39.6°C
 Admission #8 [recovering]  STABLE [0] 
   HR: 82 bpm BP: 123 mmHg SpO2: 96.7% Temp: 36.9°C
 Admission #7 [stable]  STABLE [0] 
   HR: 76 bpm BP: 120 mmHg SpO2: 97.8% Temp: 36.7°C
 Admission #6 [moderate]  MODERATE [4] 
   HR: 110 bpm BP: 148 mmHg SpO2: 93.4% Temp: 38.5°C
 Admission #5 [critical]  CRITICAL [10]  
   HR: 143 bpm BP: 189 mmHg SpO2: 84.7% Temp: 40.1°C

  Next update in 5s... (Ctrl+C to stop)

c  Tick #50  |  Interval: 5000ms  |  8:22:34 PM

 📡 Posting Vitals This Tick:
 Admission #39 [moderate]  MODERATE [4] 
   HR: 110 bpm BP: 148 mmHg SpO2: 91.9% Temp: 38.2°C
 Admission #38 [critical]  CRITICAL [9]  
   HR: 139 bpm BP: 194 mmHg SpO2: 85.2% Temp: 39.7°C
 Admission #37 [recovering]  STABLE [0] 
   HR: 83 bpm BP: 128 mmHg SpO2: 96.5% Temp: 37.1°C
 Admission #36 [stable]  STABLE [0] 
   HR: 74 bpm BP: 121 mmHg SpO2: 98.8% Temp: 36.9°C
 Admission #10 [moderate]  MODERATE [4] 
   HR: 115 bpm BP: 143 mmHg SpO2: 91.6% Temp: 38.4°C
 Admission #9 [critical]  CRITICAL [10]  
   HR: 148 bpm BP: 180 mmHg SpO2: 85.5% Temp: 40.2°C
 Admission #8 [recovering]  STABLE [0] 
   HR: 81 bpm BP: 131 mmHg SpO2: 96.9% Temp: 37°C
 Admission #7 [stable]  STABLE [0] 
   HR: 73 bpm BP: 122 mmHg SpO2: 98.7% Temp: 36.6°C
 Admission #6 [moderate]  MODERATE [3] 
   HR: 105 bpm BP: 139 mmHg SpO2: 92.9% Temp: 38.5°C
 Admission #5 [critical]  CRITICAL [10]  
   HR: 150 bpm BP: 185 mmHg SpO2: 85.7% Temp: 40.1°C

  Next update in 5s... (Ctrl+C to stop)

c  Tick #51  |  Interval: 5000ms  |  8:22:39 PM

 📡 Posting Vitals This Tick:
 Admission #39 [critical]  CRITICAL [10]  
   HR: 149 bpm BP: 182 mmHg SpO2: 86% Temp: 39.6°C
 Admission #38 [recovering]  STABLE [0] 
   HR: 83 bpm BP: 129 mmHg SpO2: 97.4% Temp: 37.3°C
 Admission #37 [stable]  STABLE [0] 
   HR: 76 bpm BP: 120 mmHg SpO2: 98% Temp: 37°C
 Admission #36 [moderate]  MODERATE [4] 
   HR: 109 bpm BP: 154 mmHg SpO2: 92.3% Temp: 38.3°C
 Admission #10 [critical]  CRITICAL [10]  
   HR: 144 bpm BP: 183 mmHg SpO2: 84.6% Temp: 39.7°C
 Admission #9 [recovering]  STABLE [0] 
   HR: 82 bpm BP: 129 mmHg SpO2: 96.8% Temp: 37.3°C
 Admission #8 [stable]  STABLE [0] 
   HR: 78 bpm BP: 116 mmHg SpO2: 98.1% Temp: 36.9°C
 Admission #7 [moderate]  MODERATE [4] 
   HR: 115 bpm BP: 157 mmHg SpO2: 91.3% Temp: 38.2°C
 Admission #6 [critical]  CRITICAL [10]  
   HR: 149 bpm BP: 182 mmHg SpO2: 85.2% Temp: 40.1°C
 Admission #5 [recovering]  STABLE [0] 
   HR: 86 bpm BP: 133 mmHg SpO2: 96.5% Temp: 37°C

  Next update in 5s... (Ctrl+C to stop)

c  Tick #52  |  Interval: 5000ms  |  8:22:44 PM

 📡 Posting Vitals This Tick:
 Admission #39 [critical]  CRITICAL [10]  
   HR: 151 bpm BP: 187 mmHg SpO2: 85.9% Temp: 39.6°C
 Admission #38 [recovering]  STABLE [0] 
   HR: 78 bpm BP: 126 mmHg SpO2: 96.8% Temp: 37.2°C
 Admission #37 [stable]  STABLE [0] 
   HR: 77 bpm BP: 113 mmHg SpO2: 98.8% Temp: 36.8°C
 Admission #36 [moderate]  MODERATE [4] 
   HR: 101 bpm BP: 150 mmHg SpO2: 91.1% Temp: 38.2°C
 Admission #10 [critical]  CRITICAL [10]  
   HR: 139 bpm BP: 181 mmHg SpO2: 84% Temp: 39.7°C
 Admission #9 [recovering]  STABLE [0] 
   HR: 84 bpm BP: 127 mmHg SpO2: 97.1% Temp: 37.1°C
 Admission #8 [stable]  STABLE [0] 
   HR: 73 bpm BP: 121 mmHg SpO2: 98.4% Temp: 36.9°C
 Admission #7 [moderate]  MODERATE [4] 
   HR: 108 bpm BP: 144 mmHg SpO2: 92.1% Temp: 38.3°C
 Admission #6 [critical]  CRITICAL [10]  
   HR: 148 bpm BP: 189 mmHg SpO2: 83.9% Temp: 39.9°C
 Admission #5 [recovering]  STABLE [0] 
   HR: 79 bpm BP: 127 mmHg SpO2: 97.1% Temp: 37°C

  Next update in 5s... (Ctrl+C to stop)

c  Tick #53  |  Interval: 5000ms  |  8:22:49 PM

 📡 Posting Vitals This Tick:
 Admission #39 [critical]  CRITICAL [10]  
   HR: 145 bpm BP: 189 mmHg SpO2: 85.5% Temp: 40.1°C
 Admission #38 [recovering]  STABLE [0] 
   HR: 83 bpm BP: 130 mmHg SpO2: 96.8% Temp: 37°C
 Admission #37 [stable]  STABLE [0] 
   HR: 72 bpm BP: 120 mmHg SpO2: 98.5% Temp: 36.6°C
 Admission #36 [moderate]  MODERATE [4] 
   HR: 110 bpm BP: 149 mmHg SpO2: 91.3% Temp: 38.6°C
 Admission #10 [critical]  CRITICAL [10]  
   HR: 143 bpm BP: 181 mmHg SpO2: 85.5% Temp: 40°C
 Admission #9 [recovering]  STABLE [0] 
   HR: 83 bpm BP: 126 mmHg SpO2: 96.6% Temp: 37.3°C
c  Tick #54  |  Interval: 5000ms  |  8:22:54 PM

 📡 Posting Vitals This Tick:
 Admission #8 [stable]  STABLE [0] 
   HR: 71 bpm BP: 128 mmHg SpO2: 98.7% Temp: 36.7°C
 Admission #39 [critical]  CRITICAL [10]  
   HR: 148 bpm BP: 185 mmHg SpO2: 85% Temp: 39.8°C
 Admission #7 [moderate]  MODERATE [4] 
   HR: 110 bpm BP: 153 mmHg SpO2: 93.3% Temp: 38.3°C
 Admission #38 [recovering]  STABLE [0] 
   HR: 82 bpm BP: 126 mmHg SpO2: 97.2% Temp: 37°C
 Admission #6 [critical]  CRITICAL [10]  
   HR: 149 bpm BP: 179 mmHg SpO2: 84.3% Temp: 40°C
 Admission #37 [stable]  STABLE [0] 
   HR: 78 bpm BP: 116 mmHg SpO2: 97.2% Temp: 36.9°C
 Admission #5 [recovering]  STABLE [0] 
   HR: 84 bpm BP: 131 mmHg SpO2: 97.3% Temp: 37.2°C

  Next update in 5s... (Ctrl+C to stop)

 Admission #36 [moderate]  MODERATE [3] 
   HR: 110 bpm BP: 138 mmHg SpO2: 92.6% Temp: 38.5°C
 Admission #10 [critical]  CRITICAL [10]  
   HR: 155 bpm BP: 183 mmHg SpO2: 84.9% Temp: 39.8°C
 Admission #9 [recovering]  STABLE [0] 
   HR: 78 bpm BP: 123 mmHg SpO2: 97% Temp: 37.1°C
 Admission #8 [stable]  STABLE [0] 
   HR: 71 bpm BP: 113 mmHg SpO2: 97.4% Temp: 36.9°C
 Admission #7 [moderate]  MODERATE [4] 
   HR: 116 bpm BP: 157 mmHg SpO2: 91.3% Temp: 38.1°C
 Admission #6 [critical]  CRITICAL [10]  
   HR: 144 bpm BP: 191 mmHg SpO2: 82.9% Temp: 40°C
 Admission #5 [recovering]  STABLE [0] 
   HR: 79 bpm BP: 124 mmHg SpO2: 97% Temp: 37.3°C

  Next update in 5s... (Ctrl+C to stop)

c  Tick #55  |  Interval: 5000ms  |  8:22:59 PM

 📡 Posting Vitals This Tick:
 Admission #39 [critical]  CRITICAL [10]  
   HR: 139 bpm BP: 184 mmHg SpO2: 82.4% Temp: 39.8°C
 Admission #38 [recovering]  STABLE [0] 
   HR: 86 bpm BP: 130 mmHg SpO2: 97% Temp: 36.9°C
 Admission #37 [stable]  STABLE [0] 
   HR: 74 bpm BP: 125 mmHg SpO2: 97.7% Temp: 36.7°C
 Admission #36 [moderate]  MODERATE [4] 
   HR: 112 bpm BP: 146 mmHg SpO2: 92.8% Temp: 38.1°C
 Admission #10 [critical]  CRITICAL [10]  
   HR: 154 bpm BP: 192 mmHg SpO2: 83.1% Temp: 40.2°C
 Admission #9 [recovering]  STABLE [0] 
   HR: 78 bpm BP: 132 mmHg SpO2: 97% Temp: 36.9°C
 Admission #8 [stable]  STABLE [0] 
   HR: 71 bpm BP: 117 mmHg SpO2: 97.5% Temp: 36.7°C
 Admission #7 [moderate]  MODERATE [4] 
   HR: 103 bpm BP: 154 mmHg SpO2: 90.7% Temp: 38.1°C
 Admission #6 [critical]  CRITICAL [10]  
   HR: 152 bpm BP: 178 mmHg SpO2: 84% Temp: 40°C
 Admission #5 [recovering]  STABLE [0] 
   HR: 83 bpm BP: 123 mmHg SpO2: 97.1% Temp: 37°C

  Next update in 5s... (Ctrl+C to stop)

c  Tick #56  |  Interval: 5000ms  |  8:23:04 PM

 📡 Posting Vitals This Tick:
 Admission #39 [recovering]  STABLE [0] 
   HR: 80 bpm BP: 125 mmHg SpO2: 97.1% Temp: 37.3°C
 Admission #38 [stable]  STABLE [0] 
   HR: 78 bpm BP: 124 mmHg SpO2: 98.4% Temp: 37°C
 Admission #37 [moderate]  MODERATE [4] 
   HR: 115 bpm BP: 144 mmHg SpO2: 92.4% Temp: 38.2°C
 Admission #36 [critical]  CRITICAL [10]  
   HR: 158 bpm BP: 185 mmHg SpO2: 84.1% Temp: 40.2°C
 Admission #10 [recovering]  STABLE [0] 
   HR: 78 bpm BP: 125 mmHg SpO2: 97.3% Temp: 37.2°C
c  Tick #57  |  Interval: 5000ms  |  8:23:09 PM

 📡 Posting Vitals This Tick:
 Admission #9 [stable]  STABLE [0] 
   HR: 71 bpm BP: 116 mmHg SpO2: 97.8% Temp: 36.8°C
 Admission #39 [recovering]  STABLE [0] 
   HR: 80 bpm BP: 127 mmHg SpO2: 96.8% Temp: 37.2°C
 Admission #8 [moderate]  MODERATE [4] 
   HR: 108 bpm BP: 143 mmHg SpO2: 93.4% Temp: 38.3°C
 Admission #38 [stable]  STABLE [0] 
   HR: 73 bpm BP: 128 mmHg SpO2: 97.1% Temp: 36.7°C
 Admission #7 [critical]  CRITICAL [10]  
   HR: 150 bpm BP: 193 mmHg SpO2: 82.4% Temp: 39.9°C
 Admission #37 [moderate]  MODERATE [4] 
   HR: 108 bpm BP: 146 mmHg SpO2: 91.9% Temp: 38.5°C
 Admission #6 [recovering]  STABLE [0] 
   HR: 79 bpm BP: 127 mmHg SpO2: 96.7% Temp: 37°C
 Admission #5 [stable]  STABLE [0] 
   HR: 79 bpm BP: 122 mmHg SpO2: 98.1% Temp: 36.7°C

  Next update in 5s... (Ctrl+C to stop)

 Admission #36 [critical]  CRITICAL [10]  
   HR: 145 bpm BP: 189 mmHg SpO2: 83.7% Temp: 39.6°C
 Admission #10 [recovering]  STABLE [0] 
   HR: 86 bpm BP: 134 mmHg SpO2: 96.6% Temp: 37.2°C
 Admission #9 [stable]  STABLE [0] 
   HR: 72 bpm BP: 116 mmHg SpO2: 98.8% Temp: 36.7°C
 Admission #8 [moderate]  MODERATE [4] 
   HR: 114 bpm BP: 150 mmHg SpO2: 90.9% Temp: 38.5°C
 Admission #7 [critical]  CRITICAL [10]  
   HR: 155 bpm BP: 193 mmHg SpO2: 84.4% Temp: 39.7°C
 Admission #6 [recovering]  STABLE [0] 
   HR: 86 bpm BP: 127 mmHg SpO2: 97.3% Temp: 37.1°C
 Admission #5 [stable]  STABLE [0] 
   HR: 75 bpm BP: 128 mmHg SpO2: 97.4% Temp: 37°C

  Next update in 5s... (Ctrl+C to stop)

c  Tick #58  |  Interval: 5000ms  |  8:23:14 PM

 📡 Posting Vitals This Tick:
 Admission #39 [recovering]  STABLE [0] 
   HR: 82 bpm BP: 128 mmHg SpO2: 97.1% Temp: 37.1°C
 Admission #38 [stable]  STABLE [0] 
   HR: 78 bpm BP: 123 mmHg SpO2: 98.6% Temp: 36.9°C
 Admission #37 [moderate]  MODERATE [4] 
   HR: 101 bpm BP: 147 mmHg SpO2: 92.3% Temp: 38.6°C
 Admission #36 [critical]  CRITICAL [10]  
   HR: 152 bpm BP: 189 mmHg SpO2: 85.3% Temp: 39.8°C
 Admission #10 [recovering]  STABLE [0] 
   HR: 82 bpm BP: 124 mmHg SpO2: 97.4% Temp: 37.2°C
 Admission #9 [stable]  STABLE [0] 
   HR: 72 bpm BP: 114 mmHg SpO2: 98.6% Temp: 36.7°C
 Admission #8 [moderate]  MODERATE [4] 
   HR: 114 bpm BP: 145 mmHg SpO2: 91.5% Temp: 38.2°C
 Admission #7 [critical]  CRITICAL [10]  
   HR: 145 bpm BP: 183 mmHg SpO2: 86% Temp: 40.2°C
 Admission #6 [recovering]  STABLE [0] 
   HR: 81 bpm BP: 129 mmHg SpO2: 96.5% Temp: 37.2°C
 Admission #5 [stable]  STABLE [0] 
   HR: 77 bpm BP: 113 mmHg SpO2: 97.4% Temp: 36.9°C

  Next update in 5s... (Ctrl+C to stop)

c  Tick #59  |  Interval: 5000ms  |  8:23:19 PM

 📡 Posting Vitals This Tick:
 Admission #39 [recovering]  STABLE [0] 
   HR: 84 bpm BP: 129 mmHg SpO2: 96.8% Temp: 37.3°C
 Admission #38 [stable]  STABLE [0] 
   HR: 76 bpm BP: 127 mmHg SpO2: 98.7% Temp: 36.8°C
 Admission #37 [moderate]  MODERATE [4] 
   HR: 114 bpm BP: 158 mmHg SpO2: 91.2% Temp: 38.5°C
 Admission #36 [critical]  CRITICAL [10]  
   HR: 155 bpm BP: 187 mmHg SpO2: 82.2% Temp: 39.7°C
 Admission #10 [recovering]  STABLE [0] 
   HR: 78 bpm BP: 132 mmHg SpO2: 97.2% Temp: 37.2°C
 Admission #9 [stable]  STABLE [0] 
   HR: 76 bpm BP: 115 mmHg SpO2: 98.1% Temp: 36.7°C
 Admission #8 [moderate]  MODERATE [4] 
   HR: 104 bpm BP: 143 mmHg SpO2: 91.2% Temp: 38.4°C
 Admission #7 [critical]  CRITICAL [10]  
   HR: 146 bpm BP: 185 mmHg SpO2: 82.3% Temp: 39.9°C
 Admission #6 [recovering]  STABLE [0] 
   HR: 85 bpm BP: 123 mmHg SpO2: 97.2% Temp: 37.1°C
 Admission #5 [stable]  STABLE [0] 
   HR: 72 bpm BP: 113 mmHg SpO2: 98% Temp: 36.8°C

  Next update in 5s... (Ctrl+C to stop)

c  Tick #60  |  Interval: 5000ms  |  8:23:24 PM

 📡 Posting Vitals This Tick:
 Admission #39 [recovering]  STABLE [0] 
   HR: 86 bpm BP: 122 mmHg SpO2: 96.9% Temp: 37.2°C
 Admission #38 [stable]  STABLE [0] 
   HR: 78 bpm BP: 112 mmHg SpO2: 97.5% Temp: 36.7°C
 Admission #37 [moderate]  MODERATE [3] 
   HR: 104 bpm BP: 139 mmHg SpO2: 91.1% Temp: 38.2°C
 Admission #36 [critical]  CRITICAL [10]  
   HR: 139 bpm BP: 188 mmHg SpO2: 84.8% Temp: 39.8°C
 Admission #10 [recovering]  STABLE [0] 
   HR: 83 bpm BP: 124 mmHg SpO2: 96.8% Temp: 36.9°C
 Admission #9 [stable]  STABLE [0] 
   HR: 78 bpm BP: 126 mmHg SpO2: 97.7% Temp: 37°C
 Admission #8 [moderate]  MODERATE [4] 
   HR: 107 bpm BP: 152 mmHg SpO2: 93.2% Temp: 38.5°C
 Admission #7 [critical]  CRITICAL [10]  
   HR: 146 bpm BP: 184 mmHg SpO2: 82.8% Temp: 39.8°C
 Admission #6 [recovering]  STABLE [0] 
   HR: 81 bpm BP: 133 mmHg SpO2: 97.4% Temp: 37.1°C
 Admission #5 [stable]  STABLE [0] 
   HR: 74 bpm BP: 117 mmHg SpO2: 98.9% Temp: 36.7°C

  Next update in 5s... (Ctrl+C to stop)

c  Tick #61  |  Interval: 5000ms  |  8:23:29 PM

 📡 Posting Vitals This Tick:
 Admission #39 [stable]  STABLE [0] 
   HR: 78 bpm BP: 127 mmHg SpO2: 97.1% Temp: 36.6°C
 Admission #38 [moderate]  MODERATE [4] 
   HR: 107 bpm BP: 155 mmHg SpO2: 93.3% Temp: 38.2°C
 Admission #37 [critical]  CRITICAL [10]  
   HR: 147 bpm BP: 190 mmHg SpO2: 85% Temp: 40°C
 Admission #36 [recovering]  STABLE [0] 
   HR: 81 bpm BP: 128 mmHg SpO2: 96.7% Temp: 36.9°C
 Admission #10 [stable]  STABLE [0] 
   HR: 75 bpm BP: 117 mmHg SpO2: 98% Temp: 36.8°C
 Admission #9 [moderate]  MODERATE [4] 
   HR: 104 bpm BP: 156 mmHg SpO2: 91.5% Temp: 38.5°C
 Admission #8 [critical]  CRITICAL [10]  
   HR: 141 bpm BP: 181 mmHg SpO2: 85% Temp: 40.1°C
 Admission #7 [recovering]  STABLE [0] 
   HR: 85 bpm BP: 129 mmHg SpO2: 96.9% Temp: 37.2°C
 Admission #6 [stable]  STABLE [0] 
   HR: 76 bpm BP: 119 mmHg SpO2: 98% Temp: 36.6°C
 Admission #5 [moderate]  MODERATE [4] 
   HR: 102 bpm BP: 158 mmHg SpO2: 93.4% Temp: 38.4°C

  Next update in 5s... (Ctrl+C to stop)

c  Tick #62  |  Interval: 5000ms  |  8:23:34 PM

 📡 Posting Vitals This Tick:
 Admission #39 [stable]  STABLE [0] 
   HR: 71 bpm BP: 123 mmHg SpO2: 98.7% Temp: 36.7°C
 Admission #38 [moderate]  MODERATE [4] 
   HR: 104 bpm BP: 158 mmHg SpO2: 90.8% Temp: 38.1°C
 Admission #37 [critical]  CRITICAL [10]  
   HR: 149 bpm BP: 185 mmHg SpO2: 86% Temp: 39.6°C
 Admission #36 [recovering]  STABLE [0] 
   HR: 81 bpm BP: 126 mmHg SpO2: 96.9% Temp: 37.1°C
 Admission #10 [stable]  STABLE [0] 
   HR: 75 bpm BP: 113 mmHg SpO2: 98.2% Temp: 36.8°C
 Admission #9 [moderate]  MODERATE [4] 
   HR: 105 bpm BP: 152 mmHg SpO2: 92.8% Temp: 38.7°C
 Admission #8 [critical]  CRITICAL [10]  
   HR: 155 bpm BP: 191 mmHg SpO2: 84.4% Temp: 39.7°C
 Admission #7 [recovering]  STABLE [0] 
   HR: 80 bpm BP: 123 mmHg SpO2: 96.9% Temp: 36.9°C
 Admission #6 [stable]  STABLE [0] 
   HR: 72 bpm BP: 112 mmHg SpO2: 98.8% Temp: 37°C
 Admission #5 [moderate]  MODERATE [4] 
   HR: 102 bpm BP: 150 mmHg SpO2: 90.8% Temp: 38.6°C

  Next update in 5s... (Ctrl+C to stop)

c  Tick #63  |  Interval: 5000ms  |  8:23:39 PM

 📡 Posting Vitals This Tick:
 Admission #39 [stable]  STABLE [0] 
   HR: 74 bpm BP: 125 mmHg SpO2: 98.9% Temp: 37°C
 Admission #38 [moderate]  MODERATE [4] 
   HR: 106 bpm BP: 147 mmHg SpO2: 90.8% Temp: 38.4°C
 Admission #37 [critical]  CRITICAL [10]  
   HR: 149 bpm BP: 192 mmHg SpO2: 84.3% Temp: 39.7°C
 Admission #36 [recovering]  STABLE [0] 
   HR: 81 bpm BP: 126 mmHg SpO2: 96.7% Temp: 37.3°C
 Admission #10 [stable]  STABLE [0] 
   HR: 78 bpm BP: 121 mmHg SpO2: 97.5% Temp: 37°C
 Admission #9 [moderate]  MODERATE [4] 
   HR: 108 bpm BP: 141 mmHg SpO2: 92.7% Temp: 38.3°C
 Admission #8 [critical]  CRITICAL [10]  
   HR: 147 bpm BP: 187 mmHg SpO2: 83.9% Temp: 39.7°C
 Admission #7 [recovering]  STABLE [0] 
   HR: 80 bpm BP: 127 mmHg SpO2: 96.8% Temp: 37°C
 Admission #6 [stable]  STABLE [0] 
   HR: 72 bpm BP: 124 mmHg SpO2: 97.8% Temp: 36.8°C
 Admission #5 [moderate]  MODERATE [3] 
   HR: 100 bpm BP: 149 mmHg SpO2: 92.2% Temp: 38.1°C

  Next update in 5s... (Ctrl+C to stop)

c  Tick #64  |  Interval: 5000ms  |  8:23:44 PM

 📡 Posting Vitals This Tick:
 Admission #39 [stable]  STABLE [0] 
   HR: 73 bpm BP: 127 mmHg SpO2: 98.6% Temp: 36.7°C
 Admission #38 [moderate]  MODERATE [3] 
   HR: 100 bpm BP: 141 mmHg SpO2: 90.8% Temp: 38.3°C
 Admission #37 [critical]  CRITICAL [10]  
   HR: 153 bpm BP: 183 mmHg SpO2: 85.3% Temp: 39.8°C
 Admission #36 [recovering]  STABLE [0] 
   HR: 79 bpm BP: 128 mmHg SpO2: 96.7% Temp: 36.9°C
 Admission #10 [stable]  STABLE [0] 
   HR: 76 bpm BP: 121 mmHg SpO2: 98.2% Temp: 36.9°C
 Admission #9 [moderate]  MODERATE [4] 
   HR: 109 bpm BP: 155 mmHg SpO2: 92.4% Temp: 38.7°C
 Admission #8 [critical]  CRITICAL [9]  
   HR: 157 bpm BP: 179 mmHg SpO2: 85.9% Temp: 39.7°C
 Admission #7 [recovering]  STABLE [0] 
   HR: 81 bpm BP: 122 mmHg SpO2: 97.2% Temp: 36.9°C
 Admission #6 [stable]  STABLE [0] 
   HR: 78 bpm BP: 120 mmHg SpO2: 98.9% Temp: 36.9°C
 Admission #5 [moderate]  MODERATE [4] 
   HR: 111 bpm BP: 148 mmHg SpO2: 91.4% Temp: 38.4°C

  Next update in 5s... (Ctrl+C to stop)

c  Tick #65  |  Interval: 5000ms  |  8:23:49 PM

 📡 Posting Vitals This Tick:
 Admission #39 [stable]  STABLE [0] 
   HR: 78 bpm BP: 114 mmHg SpO2: 98.3% Temp: 36.7°C
 Admission #38 [moderate]  MODERATE [3] 
   HR: 107 bpm BP: 138 mmHg SpO2: 90.6% Temp: 38.7°C
 Admission #37 [critical]  CRITICAL [10]  
   HR: 151 bpm BP: 179 mmHg SpO2: 84.2% Temp: 39.8°C
 Admission #36 [recovering]  STABLE [0] 
   HR: 84 bpm BP: 124 mmHg SpO2: 96.8% Temp: 37°C
 Admission #10 [stable]  STABLE [0] 
   HR: 72 bpm BP: 119 mmHg SpO2: 98.7% Temp: 36.7°C
 Admission #9 [moderate]  MODERATE [3] 
   HR: 109 bpm BP: 140 mmHg SpO2: 90.6% Temp: 38.4°C
 Admission #8 [critical]  CRITICAL [10]  
   HR: 158 bpm BP: 184 mmHg SpO2: 82.1% Temp: 40.2°C
 Admission #7 [recovering]  STABLE [0] 
   HR: 85 bpm BP: 124 mmHg SpO2: 97% Temp: 37.3°C
 Admission #6 [stable]  STABLE [0] 
   HR: 77 bpm BP: 126 mmHg SpO2: 98.9% Temp: 36.7°C
 Admission #5 [moderate]  MODERATE [4] 
   HR: 109 bpm BP: 143 mmHg SpO2: 92.2% Temp: 38.1°C

  Next update in 5s... (Ctrl+C to stop)

c  Tick #66  |  Interval: 5000ms  |  8:23:54 PM

 📡 Posting Vitals This Tick:
 Admission #39 [moderate]  MODERATE [4] 
   HR: 104 bpm BP: 148 mmHg SpO2: 91.3% Temp: 38.7°C
 Admission #38 [critical]  CRITICAL [10]  
   HR: 157 bpm BP: 179 mmHg SpO2: 83.7% Temp: 40.1°C
 Admission #37 [recovering]  STABLE [0] 
   HR: 83 bpm BP: 123 mmHg SpO2: 96.7% Temp: 36.9°C
 Admission #36 [stable]  STABLE [0] 
   HR: 75 bpm BP: 118 mmHg SpO2: 98.7% Temp: 37°C
 Admission #10 [moderate]  MODERATE [4] 
   HR: 114 bpm BP: 146 mmHg SpO2: 92% Temp: 38.5°C
 Admission #9 [critical]  CRITICAL [10]  
   HR: 149 bpm BP: 182 mmHg SpO2: 85.5% Temp: 39.6°C
 Admission #8 [recovering]  STABLE [0] 
   HR: 82 bpm BP: 133 mmHg SpO2: 96.6% Temp: 37.1°C
 Admission #7 [stable]  STABLE [0] 
   HR: 78 bpm BP: 126 mmHg SpO2: 98.8% Temp: 36.9°C
 Admission #6 [moderate]  MODERATE [4] 
   HR: 104 bpm BP: 148 mmHg SpO2: 90.6% Temp: 38.5°C
 Admission #5 [critical]  CRITICAL [10]  
   HR: 140 bpm BP: 193 mmHg SpO2: 84.7% Temp: 40.1°C

  Next update in 5s... (Ctrl+C to stop)

c  Tick #67  |  Interval: 5000ms  |  8:23:59 PM

 📡 Posting Vitals This Tick:
 Admission #39 [moderate]  MODERATE [4] 
   HR: 106 bpm BP: 152 mmHg SpO2: 93.2% Temp: 38.5°C
 Admission #38 [critical]  CRITICAL [10]  
   HR: 146 bpm BP: 182 mmHg SpO2: 85.7% Temp: 39.8°C
 Admission #37 [recovering]  STABLE [0] 
   HR: 82 bpm BP: 127 mmHg SpO2: 97.2% Temp: 37.2°C
 Admission #36 [stable]  STABLE [0] 
   HR: 72 bpm BP: 127 mmHg SpO2: 98.6% Temp: 36.8°C
 Admission #10 [moderate]  MODERATE [4] 
   HR: 108 bpm BP: 146 mmHg SpO2: 93.1% Temp: 38.5°C
 Admission #9 [critical]  CRITICAL [10]  
   HR: 148 bpm BP: 187 mmHg SpO2: 85.8% Temp: 39.9°C
 Admission #8 [recovering]  STABLE [0] 
   HR: 82 bpm BP: 125 mmHg SpO2: 97.3% Temp: 36.9°C
 Admission #7 [stable]  STABLE [0] 
   HR: 76 bpm BP: 119 mmHg SpO2: 97.8% Temp: 36.7°C
 Admission #6 [moderate]  MODERATE [4] 
   HR: 102 bpm BP: 157 mmHg SpO2: 92.6% Temp: 38.3°C
 Admission #5 [critical]  CRITICAL [10]  
   HR: 154 bpm BP: 191 mmHg SpO2: 82% Temp: 39.6°C

  Next update in 5s... (Ctrl+C to stop)

c  Tick #68  |  Interval: 5000ms  |  8:24:04 PM

 📡 Posting Vitals This Tick:
 Admission #39 [moderate]  MODERATE [4] 
   HR: 105 bpm BP: 146 mmHg SpO2: 90.5% Temp: 38.6°C
 Admission #38 [critical]  CRITICAL [10]  
   HR: 144 bpm BP: 181 mmHg SpO2: 85.1% Temp: 39.8°C
 Admission #37 [recovering]  STABLE [0] 
   HR: 83 bpm BP: 125 mmHg SpO2: 97.1% Temp: 37.3°C
 Admission #36 [stable]  STABLE [0] 
   HR: 80 bpm BP: 125 mmHg SpO2: 97.4% Temp: 36.7°C
 Admission #10 [moderate]  MODERATE [4] 
   HR: 107 bpm BP: 148 mmHg SpO2: 92.9% Temp: 38.5°C
 Admission #9 [critical]  CRITICAL [10]  
   HR: 145 bpm BP: 191 mmHg SpO2: 84.6% Temp: 40.2°C
 Admission #8 [recovering]  STABLE [0] 
   HR: 84 bpm BP: 132 mmHg SpO2: 96.8% Temp: 37°C
 Admission #7 [stable]  STABLE [0] 
   HR: 70 bpm BP: 119 mmHg SpO2: 97.1% Temp: 36.8°C
 Admission #6 [moderate]  MODERATE [4] 
   HR: 104 bpm BP: 142 mmHg SpO2: 90.9% Temp: 38.2°C
 Admission #5 [critical]  CRITICAL [10]  
   HR: 148 bpm BP: 188 mmHg SpO2: 85.9% Temp: 39.7°C

  Next update in 5s... (Ctrl+C to stop)

c  Tick #69  |  Interval: 5000ms  |  8:24:09 PM

 📡 Posting Vitals This Tick:
 Admission #39 [moderate]  MODERATE [3] 
   HR: 100 bpm BP: 142 mmHg SpO2: 92.9% Temp: 38.3°C
 Admission #38 [critical]  CRITICAL [10]  
   HR: 146 bpm BP: 191 mmHg SpO2: 84.1% Temp: 39.8°C
 Admission #37 [recovering]  STABLE [0] 
   HR: 85 bpm BP: 126 mmHg SpO2: 96.5% Temp: 37°C
 Admission #36 [stable]  STABLE [0] 
   HR: 72 bpm BP: 125 mmHg SpO2: 98% Temp: 36.6°C
 Admission #10 [moderate]  MODERATE [4] 
   HR: 109 bpm BP: 144 mmHg SpO2: 91.5% Temp: 38.3°C
 Admission #9 [critical]  CRITICAL [10]  
   HR: 140 bpm BP: 182 mmHg SpO2: 82.9% Temp: 39.8°C
 Admission #8 [recovering]  STABLE [0] 
   HR: 82 bpm BP: 128 mmHg SpO2: 96.8% Temp: 37.2°C
 Admission #7 [stable]  STABLE [0] 
   HR: 77 bpm BP: 127 mmHg SpO2: 98.8% Temp: 36.8°C
 Admission #6 [moderate]  MODERATE [4] 
   HR: 108 bpm BP: 146 mmHg SpO2: 91.8% Temp: 38.3°C
 Admission #5 [critical]  CRITICAL [10]  
   HR: 143 bpm BP: 182 mmHg SpO2: 83.7% Temp: 39.7°C

  Next update in 5s... (Ctrl+C to stop)

c  Tick #70  |  Interval: 5000ms  |  8:24:14 PM

 📡 Posting Vitals This Tick:
 Admission #39 [moderate]  MODERATE [4] 
   HR: 114 bpm BP: 151 mmHg SpO2: 93.2% Temp: 38.4°C
 Admission #38 [critical]  CRITICAL [10]  
   HR: 140 bpm BP: 191 mmHg SpO2: 84.8% Temp: 40°C
 Admission #37 [recovering]  STABLE [0] 
   HR: 83 bpm BP: 133 mmHg SpO2: 97.4% Temp: 37°C
 Admission #36 [stable]  STABLE [0] 
   HR: 79 bpm BP: 116 mmHg SpO2: 98.7% Temp: 36.6°C
 Admission #10 [moderate]  MODERATE [4] 
   HR: 102 bpm BP: 146 mmHg SpO2: 91.6% Temp: 38.6°C
 Admission #9 [critical]  CRITICAL [10]  
   HR: 154 bpm BP: 186 mmHg SpO2: 85.2% Temp: 40°C
 Admission #8 [recovering]  STABLE [0] 
   HR: 80 bpm BP: 126 mmHg SpO2: 97.5% Temp: 37°C
 Admission #7 [stable]  STABLE [0] 
   HR: 79 bpm BP: 113 mmHg SpO2: 98.4% Temp: 36.7°C
 Admission #6 [moderate]  MODERATE [3] 
   HR: 111 bpm BP: 139 mmHg SpO2: 93.1% Temp: 38.3°C
 Admission #5 [critical]  CRITICAL [10]  
   HR: 150 bpm BP: 188 mmHg SpO2: 84.2% Temp: 39.8°C

  Next update in 5s... (Ctrl+C to stop)

c  Tick #71  |  Interval: 5000ms  |  8:24:19 PM

 📡 Posting Vitals This Tick:
 Admission #39 [critical]  CRITICAL [10]  
   HR: 143 bpm BP: 189 mmHg SpO2: 84% Temp: 39.6°C
 Admission #38 [recovering]  STABLE [0] 
   HR: 78 bpm BP: 133 mmHg SpO2: 96.6% Temp: 37.2°C
 Admission #37 [stable]  STABLE [0] 
   HR: 75 bpm BP: 127 mmHg SpO2: 97.4% Temp: 36.9°C
 Admission #36 [moderate]  MODERATE [4] 
   HR: 116 bpm BP: 151 mmHg SpO2: 92.2% Temp: 38.4°C
 Admission #10 [critical]  CRITICAL [10]  
   HR: 146 bpm BP: 184 mmHg SpO2: 84.5% Temp: 39.7°C
 Admission #9 [recovering]  STABLE [0] 
   HR: 79 bpm BP: 124 mmHg SpO2: 97.4% Temp: 37°C
 Admission #8 [stable]  STABLE [0] 
   HR: 70 bpm BP: 117 mmHg SpO2: 97.8% Temp: 36.7°C
 Admission #7 [moderate]  MODERATE [4] 
   HR: 104 bpm BP: 155 mmHg SpO2: 91.2% Temp: 38.7°C
 Admission #6 [critical]  CRITICAL [10]  
   HR: 146 bpm BP: 189 mmHg SpO2: 83.5% Temp: 40°C
 Admission #5 [recovering]  STABLE [0] 
   HR: 83 bpm BP: 126 mmHg SpO2: 97.1% Temp: 37.1°C

  Next update in 5s... (Ctrl+C to stop)

c  Tick #72  |  Interval: 5000ms  |  8:24:24 PM

 📡 Posting Vitals This Tick:
 Admission #39 [critical]  CRITICAL [10]  
   HR: 150 bpm BP: 192 mmHg SpO2: 85.9% Temp: 39.7°C
 Admission #38 [recovering]  STABLE [0] 
   HR: 84 bpm BP: 130 mmHg SpO2: 96.6% Temp: 36.9°C
 Admission #37 [stable]  STABLE [0] 
   HR: 74 bpm BP: 128 mmHg SpO2: 99% Temp: 36.7°C
 Admission #36 [moderate]  MODERATE [3] 
   HR: 114 bpm BP: 139 mmHg SpO2: 91.8% Temp: 38.3°C
 Admission #10 [critical]  CRITICAL [10]  
   HR: 144 bpm BP: 185 mmHg SpO2: 84.1% Temp: 39.7°C
 Admission #9 [recovering]  STABLE [0] 
   HR: 78 bpm BP: 130 mmHg SpO2: 97.1% Temp: 37.3°C
 Admission #8 [stable]  STABLE [0] 
   HR: 78 bpm BP: 115 mmHg SpO2: 98.8% Temp: 37°C
 Admission #7 [moderate]  MODERATE [4] 
   HR: 114 bpm BP: 144 mmHg SpO2: 91.4% Temp: 38.3°C
 Admission #6 [critical]  CRITICAL [10]  
   HR: 152 bpm BP: 191 mmHg SpO2: 85.5% Temp: 39.7°C
 Admission #5 [recovering]  STABLE [0] 
   HR: 85 bpm BP: 131 mmHg SpO2: 96.7% Temp: 36.9°C

  Next update in 5s... (Ctrl+C to stop)

c  Tick #73  |  Interval: 5000ms  |  8:24:29 PM

 📡 Posting Vitals This Tick:
 Admission #39 [critical]  CRITICAL [10]  
   HR: 152 bpm BP: 185 mmHg SpO2: 82% Temp: 40°C
 Admission #38 [recovering]  STABLE [0] 
   HR: 83 bpm BP: 132 mmHg SpO2: 97.1% Temp: 37.2°C
 Admission #37 [stable]  STABLE [0] 
   HR: 76 bpm BP: 115 mmHg SpO2: 98.5% Temp: 37°C
 Admission #36 [moderate]  MODERATE [4] 
   HR: 102 bpm BP: 142 mmHg SpO2: 90.9% Temp: 38.2°C
 Admission #10 [critical]  CRITICAL [10]  
   HR: 142 bpm BP: 190 mmHg SpO2: 84.2% Temp: 39.9°C
 Admission #9 [recovering]  STABLE [0] 
   HR: 83 bpm BP: 129 mmHg SpO2: 97.2% Temp: 37°C
 Admission #8 [stable]  STABLE [0] 
   HR: 71 bpm BP: 123 mmHg SpO2: 98.1% Temp: 36.7°C
 Admission #7 [moderate]  MODERATE [4] 
   HR: 109 bpm BP: 141 mmHg SpO2: 92.2% Temp: 38.5°C
 Admission #6 [critical]  CRITICAL [10]  
   HR: 151 bpm BP: 189 mmHg SpO2: 85.6% Temp: 39.6°C
 Admission #5 [recovering]  STABLE [0] 
   HR: 84 bpm BP: 134 mmHg SpO2: 97% Temp: 37°C

  Next update in 5s... (Ctrl+C to stop)

c  Tick #74  |  Interval: 5000ms  |  8:24:34 PM

 📡 Posting Vitals This Tick:
 Admission #39 [critical]  CRITICAL [10]  
   HR: 151 bpm BP: 183 mmHg SpO2: 85.9% Temp: 39.9°C
 Admission #38 [recovering]  STABLE [0] 
   HR: 84 bpm BP: 130 mmHg SpO2: 97.1% Temp: 37.1°C
 Admission #37 [stable]  STABLE [0] 
   HR: 73 bpm BP: 114 mmHg SpO2: 97.9% Temp: 36.6°C
 Admission #36 [moderate]  MODERATE [4] 
   HR: 103 bpm BP: 149 mmHg SpO2: 92.5% Temp: 38.5°C
 Admission #10 [critical]  CRITICAL [10]  
   HR: 146 bpm BP: 185 mmHg SpO2: 85.5% Temp: 40°C
 Admission #9 [recovering]  STABLE [0] 
   HR: 84 bpm BP: 128 mmHg SpO2: 96.7% Temp: 37.3°C
 Admission #8 [stable]  STABLE [0] 
   HR: 72 bpm BP: 125 mmHg SpO2: 98.8% Temp: 36.9°C
 Admission #7 [moderate]  MODERATE [4] 
   HR: 104 bpm BP: 152 mmHg SpO2: 90.7% Temp: 38.5°C
 Admission #6 [critical]  CRITICAL [9]  
   HR: 153 bpm BP: 180 mmHg SpO2: 85.7% Temp: 39.7°C
 Admission #5 [recovering]  STABLE [0] 
   HR: 83 bpm BP: 123 mmHg SpO2: 96.9% Temp: 37.1°C

  Next update in 5s... (Ctrl+C to stop)

c  Tick #75  |  Interval: 5000ms  |  8:24:39 PM

 📡 Posting Vitals This Tick:
 Admission #39 [critical]  CRITICAL [10]  
   HR: 149 bpm BP: 190 mmHg SpO2: 85.8% Temp: 39.6°C
 Admission #38 [recovering]  STABLE [0] 
   HR: 85 bpm BP: 127 mmHg SpO2: 97% Temp: 37.2°C
 Admission #37 [stable]  STABLE [0] 
   HR: 71 bpm BP: 122 mmHg SpO2: 98.6% Temp: 36.8°C
 Admission #36 [moderate]  MODERATE [3] 
   HR: 100 bpm BP: 143 mmHg SpO2: 90.5% Temp: 38.3°C
 Admission #10 [critical]  CRITICAL [10]  
   HR: 149 bpm BP: 188 mmHg SpO2: 82.5% Temp: 39.6°C
 Admission #9 [recovering]  STABLE [0] 
   HR: 80 bpm BP: 126 mmHg SpO2: 97.5% Temp: 37.2°C
 Admission #8 [stable]  STABLE [0] 
   HR: 74 bpm BP: 119 mmHg SpO2: 98.5% Temp: 36.6°C
 Admission #7 [moderate]  MODERATE [4] 
   HR: 106 bpm BP: 154 mmHg SpO2: 91.1% Temp: 38.7°C
 Admission #6 [critical]  CRITICAL [10]  
   HR: 156 bpm BP: 184 mmHg SpO2: 83.8% Temp: 39.8°C
 Admission #5 [recovering]  STABLE [0] 
   HR: 83 bpm BP: 122 mmHg SpO2: 97.3% Temp: 36.9°C

  Next update in 5s... (Ctrl+C to stop)

c  Tick #76  |  Interval: 5000ms  |  8:24:44 PM

 📡 Posting Vitals This Tick:
 Admission #39 [recovering]  STABLE [0] 
   HR: 85 bpm BP: 134 mmHg SpO2: 97.2% Temp: 36.9°C
 Admission #38 [stable]  STABLE [0] 
   HR: 79 bpm BP: 118 mmHg SpO2: 97.2% Temp: 36.6°C
 Admission #37 [moderate]  MODERATE [4] 
   HR: 103 bpm BP: 142 mmHg SpO2: 93% Temp: 38.4°C
 Admission #36 [critical]  CRITICAL [10]  
   HR: 143 bpm BP: 191 mmHg SpO2: 83.3% Temp: 40.2°C
 Admission #10 [recovering]  STABLE [0] 
   HR: 85 bpm BP: 130 mmHg SpO2: 96.7% Temp: 37°C
 Admission #9 [stable]  STABLE [0] 
   HR: 73 bpm BP: 120 mmHg SpO2: 97.2% Temp: 36.7°C
 Admission #8 [moderate]  MODERATE [4] 
   HR: 115 bpm BP: 152 mmHg SpO2: 93% Temp: 38.2°C
 Admission #7 [critical]  CRITICAL [10]  
   HR: 155 bpm BP: 191 mmHg SpO2: 84.2% Temp: 40.1°C
 Admission #6 [recovering]  STABLE [0] 
   HR: 82 bpm BP: 127 mmHg SpO2: 97.2% Temp: 37.1°C
 Admission #5 [stable]  STABLE [0] 
   HR: 79 bpm BP: 119 mmHg SpO2: 97.2% Temp: 36.9°C

  Next update in 5s... (Ctrl+C to stop)

c  Tick #77  |  Interval: 5000ms  |  8:24:49 PM

 📡 Posting Vitals This Tick:
 Admission #39 [recovering]  STABLE [0] 
   HR: 78 bpm BP: 131 mmHg SpO2: 97.1% Temp: 37°C
 Admission #38 [stable]  STABLE [0] 
   HR: 80 bpm BP: 117 mmHg SpO2: 97.3% Temp: 36.7°C
 Admission #37 [moderate]  MODERATE [4] 
   HR: 108 bpm BP: 149 mmHg SpO2: 90.6% Temp: 38.4°C
 Admission #36 [critical]  CRITICAL [10]  
   HR: 147 bpm BP: 181 mmHg SpO2: 83.1% Temp: 39.7°C
 Admission #10 [recovering]  STABLE [0] 
   HR: 80 bpm BP: 132 mmHg SpO2: 96.6% Temp: 36.9°C
 Admission #9 [stable]  STABLE [0] 
   HR: 73 bpm BP: 115 mmHg SpO2: 98.4% Temp: 36.9°C
 Admission #8 [moderate]  MODERATE [4] 
   HR: 107 bpm BP: 155 mmHg SpO2: 93.2% Temp: 38.6°C
 Admission #7 [critical]  CRITICAL [10]  
   HR: 147 bpm BP: 181 mmHg SpO2: 82.2% Temp: 39.6°C
 Admission #6 [recovering]  STABLE [0] 
   HR: 79 bpm BP: 124 mmHg SpO2: 96.7% Temp: 36.9°C
 Admission #5 [stable]  STABLE [0] 
   HR: 71 bpm BP: 116 mmHg SpO2: 98.6% Temp: 37°C

  Next update in 5s... (Ctrl+C to stop)

c  Tick #78  |  Interval: 5000ms  |  8:24:54 PM

 📡 Posting Vitals This Tick:
 Admission #39 [recovering]  STABLE [0] 
   HR: 83 bpm BP: 125 mmHg SpO2: 97.1% Temp: 36.9°C
 Admission #38 [stable]  STABLE [0] 
   HR: 75 bpm BP: 113 mmHg SpO2: 98.6% Temp: 36.8°C
 Admission #37 [moderate]  MODERATE [4] 
   HR: 114 bpm BP: 153 mmHg SpO2: 91.1% Temp: 38.4°C
 Admission #36 [critical]  CRITICAL [10]  
   HR: 149 bpm BP: 186 mmHg SpO2: 85.4% Temp: 39.8°C
 Admission #10 [recovering]  STABLE [0] 
   HR: 78 bpm BP: 129 mmHg SpO2: 97.2% Temp: 37°C
 Admission #9 [stable]  STABLE [0] 
   HR: 79 bpm BP: 124 mmHg SpO2: 97.4% Temp: 36.9°C
 Admission #8 [moderate]  MODERATE [3] 
   HR: 115 bpm BP: 140 mmHg SpO2: 92.9% Temp: 38.4°C
 Admission #7 [critical]  CRITICAL [10]  
   HR: 156 bpm BP: 181 mmHg SpO2: 82.6% Temp: 39.8°C
 Admission #6 [recovering]  STABLE [0] 
   HR: 83 bpm BP: 126 mmHg SpO2: 96.6% Temp: 37.3°C
 Admission #5 [stable]  STABLE [0] 
   HR: 75 bpm BP: 124 mmHg SpO2: 97.4% Temp: 37°C

  Next update in 5s... (Ctrl+C to stop)

c  Tick #79  |  Interval: 5000ms  |  8:24:59 PM

 📡 Posting Vitals This Tick:
 Admission #39 [recovering]  STABLE [0] 
   HR: 78 bpm BP: 131 mmHg SpO2: 97% Temp: 37.1°C
 Admission #38 [stable]  STABLE [0] 
   HR: 71 bpm BP: 121 mmHg SpO2: 97% Temp: 36.9°C
 Admission #37 [moderate]  MODERATE [4] 
   HR: 103 bpm BP: 145 mmHg SpO2: 91.3% Temp: 38.4°C
 Admission #36 [critical]  CRITICAL [10]  
   HR: 152 bpm BP: 183 mmHg SpO2: 82.3% Temp: 40.2°C
 Admission #10 [recovering]  STABLE [0] 
   HR: 80 bpm BP: 122 mmHg SpO2: 97% Temp: 37°C
 Admission #9 [stable]  STABLE [0] 
   HR: 79 bpm BP: 118 mmHg SpO2: 98.1% Temp: 36.7°C
 Admission #8 [moderate]  MODERATE [4] 
   HR: 109 bpm BP: 155 mmHg SpO2: 90.7% Temp: 38.6°C
 Admission #7 [critical]  CRITICAL [10]  
   HR: 141 bpm BP: 192 mmHg SpO2: 84.3% Temp: 40.1°C
 Admission #6 [recovering]  STABLE [0] 
   HR: 79 bpm BP: 126 mmHg SpO2: 97.3% Temp: 37.3°C
 Admission #5 [stable]  STABLE [0] 
   HR: 76 bpm BP: 113 mmHg SpO2: 97.6% Temp: 36.6°C

  Next update in 5s... (Ctrl+C to stop)

c  Tick #80  |  Interval: 5000ms  |  8:25:04 PM

 📡 Posting Vitals This Tick:
 Admission #39 [recovering]  STABLE [0] 
   HR: 82 bpm BP: 131 mmHg SpO2: 97.3% Temp: 37.2°C
 Admission #38 [stable]  STABLE [0] 
   HR: 72 bpm BP: 127 mmHg SpO2: 97.7% Temp: 36.7°C
 Admission #37 [moderate]  MODERATE [4] 
   HR: 113 bpm BP: 143 mmHg SpO2: 91% Temp: 38.1°C
 Admission #36 [critical]  CRITICAL [10]  
   HR: 157 bpm BP: 182 mmHg SpO2: 83.8% Temp: 40.2°C
 Admission #10 [recovering]  STABLE [0] 
   HR: 86 bpm BP: 128 mmHg SpO2: 96.9% Temp: 37°C
 Admission #9 [stable]  STABLE [0] 
   HR: 73 bpm BP: 116 mmHg SpO2: 97.2% Temp: 36.9°C
 Admission #8 [moderate]  MODERATE [4] 
   HR: 103 bpm BP: 147 mmHg SpO2: 92.2% Temp: 38.7°C
 Admission #7 [critical]  CRITICAL [10]  
   HR: 156 bpm BP: 188 mmHg SpO2: 85.2% Temp: 39.8°C
 Admission #6 [recovering]  STABLE [0] 
   HR: 79 bpm BP: 129 mmHg SpO2: 97.4% Temp: 37.3°C
 Admission #5 [stable]  STABLE [0] 
   HR: 78 bpm BP: 122 mmHg SpO2: 98.1% Temp: 36.9°C

  Next update in 5s... (Ctrl+C to stop)

c  Tick #81  |  Interval: 5000ms  |  8:25:09 PM

 📡 Posting Vitals This Tick:
 Admission #39 [stable]  STABLE [0] 
   HR: 76 bpm BP: 120 mmHg SpO2: 98.3% Temp: 36.6°C
 Admission #38 [moderate]  MODERATE [4] 
   HR: 104 bpm BP: 158 mmHg SpO2: 91.1% Temp: 38.2°C
 Admission #37 [critical]  CRITICAL [10]  
   HR: 141 bpm BP: 193 mmHg SpO2: 84.3% Temp: 39.9°C
 Admission #36 [recovering]  STABLE [0] 
   HR: 84 bpm BP: 129 mmHg SpO2: 97.1% Temp: 37.2°C
 Admission #10 [stable]  STABLE [0] 
   HR: 70 bpm BP: 114 mmHg SpO2: 97.1% Temp: 36.9°C
 Admission #9 [moderate]  MODERATE [4] 
   HR: 106 bpm BP: 143 mmHg SpO2: 92.8% Temp: 38.4°C
 Admission #8 [critical]  CRITICAL [10]  
   HR: 150 bpm BP: 185 mmHg SpO2: 83.3% Temp: 40.2°C
 Admission #7 [recovering]  STABLE [0] 
   HR: 83 bpm BP: 122 mmHg SpO2: 97.2% Temp: 37.1°C
 Admission #6 [stable]  STABLE [0] 
   HR: 75 bpm BP: 113 mmHg SpO2: 97.4% Temp: 36.7°C
 Admission #5 [moderate]  MODERATE [3] 
   HR: 108 bpm BP: 140 mmHg SpO2: 91.6% Temp: 38.5°C

  Next update in 5s... (Ctrl+C to stop)

c  Tick #82  |  Interval: 5000ms  |  8:25:14 PM

 📡 Posting Vitals This Tick:
 Admission #39 [stable]  STABLE [0] 
   HR: 74 bpm BP: 119 mmHg SpO2: 98.2% Temp: 36.9°C
 Admission #38 [moderate]  MODERATE [4] 
   HR: 115 bpm BP: 154 mmHg SpO2: 91.4% Temp: 38.5°C
 Admission #37 [critical]  CRITICAL [10]  
   HR: 152 bpm BP: 182 mmHg SpO2: 83.3% Temp: 39.7°C
 Admission #36 [recovering]  STABLE [0] 
   HR: 79 bpm BP: 132 mmHg SpO2: 97.2% Temp: 37°C
 Admission #10 [stable]  STABLE [0] 
   HR: 71 bpm BP: 119 mmHg SpO2: 97.2% Temp: 36.9°C
 Admission #9 [moderate]  MODERATE [4] 
   HR: 110 bpm BP: 147 mmHg SpO2: 92.4% Temp: 38.5°C
 Admission #8 [critical]  CRITICAL [10]  
   HR: 154 bpm BP: 184 mmHg SpO2: 85.4% Temp: 39.6°C
 Admission #7 [recovering]  STABLE [0] 
   HR: 78 bpm BP: 134 mmHg SpO2: 97.4% Temp: 36.9°C
 Admission #6 [stable]  STABLE [0] 
   HR: 74 bpm BP: 119 mmHg SpO2: 97.5% Temp: 36.9°C
 Admission #5 [moderate]  MODERATE [3] 
   HR: 111 bpm BP: 139 mmHg SpO2: 91% Temp: 38.3°C

  Next update in 5s... (Ctrl+C to stop)

c  Tick #83  |  Interval: 5000ms  |  8:25:19 PM

 📡 Posting Vitals This Tick:
 Admission #39 [stable]  STABLE [0] 
   HR: 78 bpm BP: 126 mmHg SpO2: 98% Temp: 36.7°C
 Admission #38 [moderate]  MODERATE [4] 
   HR: 116 bpm BP: 152 mmHg SpO2: 93.1% Temp: 38.1°C
 Admission #37 [critical]  CRITICAL [10]  
   HR: 144 bpm BP: 179 mmHg SpO2: 82.5% Temp: 40.1°C
 Admission #36 [recovering]  STABLE [0] 
   HR: 86 bpm BP: 123 mmHg SpO2: 97.4% Temp: 37.2°C
 Admission #10 [stable]  STABLE [0] 
   HR: 77 bpm BP: 115 mmHg SpO2: 97.5% Temp: 36.8°C
 Admission #9 [moderate]  MODERATE [4] 
   HR: 113 bpm BP: 148 mmHg SpO2: 93.2% Temp: 38.5°C
 Admission #8 [critical]  CRITICAL [10]  
   HR: 154 bpm BP: 181 mmHg SpO2: 83.2% Temp: 40.1°C
 Admission #7 [recovering]  STABLE [0] 
   HR: 82 bpm BP: 133 mmHg SpO2: 97.2% Temp: 37.2°C
 Admission #6 [stable]  STABLE [0] 
   HR: 73 bpm BP: 114 mmHg SpO2: 98.3% Temp: 37°C
 Admission #5 [moderate]  MODERATE [4] 
   HR: 115 bpm BP: 152 mmHg SpO2: 92.3% Temp: 38.2°C

  Next update in 5s... (Ctrl+C to stop)

c  Tick #84  |  Interval: 5000ms  |  8:25:24 PM

 📡 Posting Vitals This Tick:
 Admission #39 [stable]  STABLE [0] 
   HR: 74 bpm BP: 120 mmHg SpO2: 98.9% Temp: 36.8°C
 Admission #38 [moderate]  MODERATE [4] 
   HR: 102 bpm BP: 144 mmHg SpO2: 92.4% Temp: 38.2°C
 Admission #37 [critical]  CRITICAL [10]  
   HR: 151 bpm BP: 181 mmHg SpO2: 85% Temp: 40.1°C
 Admission #36 [recovering]  STABLE [0] 
   HR: 84 bpm BP: 125 mmHg SpO2: 97% Temp: 37.2°C
 Admission #10 [stable]  STABLE [0] 
   HR: 76 bpm BP: 114 mmHg SpO2: 98% Temp: 37°C
 Admission #9 [moderate]  MODERATE [4] 
   HR: 108 bpm BP: 157 mmHg SpO2: 92% Temp: 38.2°C
 Admission #8 [critical]  CRITICAL [10]  
   HR: 157 bpm BP: 192 mmHg SpO2: 84.1% Temp: 40.2°C
 Admission #7 [recovering]  STABLE [0] 
   HR: 83 bpm BP: 132 mmHg SpO2: 97.4% Temp: 37.2°C
 Admission #6 [stable]  STABLE [0] 
   HR: 79 bpm BP: 126 mmHg SpO2: 98.3% Temp: 36.9°C
 Admission #5 [moderate]  MODERATE [4] 
   HR: 108 bpm BP: 145 mmHg SpO2: 92.2% Temp: 38.6°C

  Next update in 5s... (Ctrl+C to stop)

c  Tick #85  |  Interval: 5000ms  |  8:25:29 PM

 📡 Posting Vitals This Tick:
 Admission #39 [stable]  STABLE [0] 
   HR: 73 bpm BP: 124 mmHg SpO2: 97.6% Temp: 36.6°C
 Admission #38 [moderate]  MODERATE [4] 
   HR: 107 bpm BP: 152 mmHg SpO2: 91.8% Temp: 38.5°C
 Admission #37 [critical]  CRITICAL [10]  
   HR: 145 bpm BP: 183 mmHg SpO2: 84.4% Temp: 39.7°C
 Admission #36 [recovering]  STABLE [0] 
   HR: 84 bpm BP: 133 mmHg SpO2: 96.9% Temp: 37.1°C
 Admission #10 [stable]  STABLE [0] 
   HR: 77 bpm BP: 113 mmHg SpO2: 98.5% Temp: 36.7°C
 Admission #9 [moderate]  MODERATE [4] 
   HR: 111 bpm BP: 155 mmHg SpO2: 93.3% Temp: 38.7°C
 Admission #8 [critical]  CRITICAL [10]  
   HR: 149 bpm BP: 181 mmHg SpO2: 84% Temp: 39.9°C
 Admission #7 [recovering]  STABLE [0] 
   HR: 85 bpm BP: 124 mmHg SpO2: 96.6% Temp: 37°C
 Admission #6 [stable]  STABLE [0] 
   HR: 73 bpm BP: 122 mmHg SpO2: 98% Temp: 36.9°C
 Admission #5 [moderate]  MODERATE [4] 
   HR: 101 bpm BP: 158 mmHg SpO2: 92.3% Temp: 38.5°C

  Next update in 5s... (Ctrl+C to stop)

c  Tick #86  |  Interval: 5000ms  |  8:25:35 PM

 📡 Posting Vitals This Tick:
 Admission #39 [moderate]  MODERATE [4] 
   HR: 114 bpm BP: 154 mmHg SpO2: 92.2% Temp: 38.1°C
 Admission #38 [critical]  CRITICAL [10]  
   HR: 149 bpm BP: 187 mmHg SpO2: 85.2% Temp: 40.1°C
 Admission #37 [recovering]  STABLE [0] 
   HR: 84 bpm BP: 132 mmHg SpO2: 96.5% Temp: 37°C
 Admission #36 [stable]  STABLE [0] 
   HR: 76 bpm BP: 118 mmHg SpO2: 98.2% Temp: 36.7°C
 Admission #10 [moderate]  MODERATE [3] 
   HR: 108 bpm BP: 140 mmHg SpO2: 93.2% Temp: 38.2°C
 Admission #9 [critical]  CRITICAL [10]  
   HR: 151 bpm BP: 182 mmHg SpO2: 84.2% Temp: 40.2°C
 Admission #8 [recovering]  STABLE [0] 
   HR: 85 bpm BP: 132 mmHg SpO2: 96.9% Temp: 37.2°C
 Admission #7 [stable]  STABLE [0] 
   HR: 74 bpm BP: 116 mmHg SpO2: 98.9% Temp: 37°C
 Admission #6 [moderate]  MODERATE [4] 
   HR: 107 bpm BP: 156 mmHg SpO2: 93.2% Temp: 38.7°C
 Admission #5 [critical]  CRITICAL [10]  
   HR: 155 bpm BP: 193 mmHg SpO2: 82.9% Temp: 39.7°C

  Next update in 5s... (Ctrl+C to stop)

c  Tick #87  |  Interval: 5000ms  |  8:25:40 PM

 📡 Posting Vitals This Tick:
 Admission #39 [moderate]  MODERATE [4] 
   HR: 103 bpm BP: 150 mmHg SpO2: 91.4% Temp: 38.5°C
 Admission #38 [critical]  CRITICAL [10]  
   HR: 148 bpm BP: 190 mmHg SpO2: 84.9% Temp: 39.7°C
 Admission #37 [recovering]  STABLE [0] 
   HR: 80 bpm BP: 127 mmHg SpO2: 97.2% Temp: 36.9°C
 Admission #36 [stable]  STABLE [0] 
   HR: 71 bpm BP: 117 mmHg SpO2: 97.5% Temp: 36.9°C
 Admission #10 [moderate]  MODERATE [4] 
   HR: 108 bpm BP: 148 mmHg SpO2: 92.7% Temp: 38.7°C
 Admission #9 [critical]  CRITICAL [10]  
   HR: 148 bpm BP: 185 mmHg SpO2: 82.8% Temp: 40.2°C
 Admission #8 [recovering]  STABLE [0] 
   HR: 80 bpm BP: 133 mmHg SpO2: 97.2% Temp: 37.1°C
 Admission #7 [stable]  STABLE [0] 
   HR: 75 bpm BP: 117 mmHg SpO2: 98.6% Temp: 36.6°C
 Admission #6 [moderate]  MODERATE [4] 
   HR: 111 bpm BP: 151 mmHg SpO2: 91% Temp: 38.3°C
 Admission #5 [critical]  CRITICAL [10]  
   HR: 149 bpm BP: 188 mmHg SpO2: 82.9% Temp: 40°C

  Next update in 5s... (Ctrl+C to stop)

c  Tick #88  |  Interval: 5000ms  |  8:25:45 PM

 📡 Posting Vitals This Tick:
 Admission #39 [moderate]  MODERATE [4] 
   HR: 103 bpm BP: 146 mmHg SpO2: 92.9% Temp: 38.3°C
 Admission #38 [critical]  CRITICAL [10]  
   HR: 149 bpm BP: 190 mmHg SpO2: 82.3% Temp: 39.9°C
 Admission #37 [recovering]  STABLE [0] 
   HR: 80 bpm BP: 128 mmHg SpO2: 96.7% Temp: 37.2°C
 Admission #36 [stable]  STABLE [0] 
   HR: 79 bpm BP: 116 mmHg SpO2: 98.3% Temp: 36.8°C
 Admission #10 [moderate]  MODERATE [4] 
   HR: 103 bpm BP: 141 mmHg SpO2: 91.9% Temp: 38.2°C
 Admission #9 [critical]  CRITICAL [10]  
   HR: 152 bpm BP: 189 mmHg SpO2: 85.9% Temp: 39.7°C
 Admission #8 [recovering]  STABLE [0] 
   HR: 81 bpm BP: 125 mmHg SpO2: 96.9% Temp: 37°C
 Admission #7 [stable]  STABLE [0] 
   HR: 75 bpm BP: 120 mmHg SpO2: 97.2% Temp: 36.9°C
 Admission #6 [moderate]  MODERATE [4] 
   HR: 112 bpm BP: 145 mmHg SpO2: 92.2% Temp: 38.6°C
 Admission #5 [critical]  CRITICAL [10]  
   HR: 157 bpm BP: 187 mmHg SpO2: 84.7% Temp: 40.2°C

  Next update in 5s... (Ctrl+C to stop)

c  Tick #89  |  Interval: 5000ms  |  8:25:50 PM

 📡 Posting Vitals This Tick:
 Admission #39 [moderate]  MODERATE [3] 
   HR: 113 bpm BP: 139 mmHg SpO2: 90.8% Temp: 38.3°C
 Admission #38 [critical]  CRITICAL [10]  
   HR: 143 bpm BP: 193 mmHg SpO2: 82.3% Temp: 39.9°C
 Admission #37 [recovering]  STABLE [0] 
   HR: 81 bpm BP: 133 mmHg SpO2: 97.5% Temp: 37°C
 Admission #36 [stable]  STABLE [0] 
   HR: 71 bpm BP: 115 mmHg SpO2: 98.3% Temp: 36.8°C
 Admission #10 [moderate]  MODERATE [4] 
   HR: 109 bpm BP: 157 mmHg SpO2: 92.9% Temp: 38.1°C
 Admission #9 [critical]  CRITICAL [10]  
   HR: 154 bpm BP: 187 mmHg SpO2: 83.3% Temp: 40°C
 Admission #8 [recovering]  STABLE [0] 
   HR: 85 bpm BP: 124 mmHg SpO2: 96.9% Temp: 37.2°C
 Admission #7 [stable]  STABLE [0] 
   HR: 79 bpm BP: 121 mmHg SpO2: 98.4% Temp: 36.6°C
 Admission #6 [moderate]  MODERATE [4] 
   HR: 108 bpm BP: 150 mmHg SpO2: 92.5% Temp: 38.5°C
 Admission #5 [critical]  CRITICAL [10]  
   HR: 143 bpm BP: 183 mmHg SpO2: 84.9% Temp: 40.1°C

  Next update in 5s... (Ctrl+C to stop)

c  Tick #90  |  Interval: 5000ms  |  8:25:55 PM

 📡 Posting Vitals This Tick:
 Admission #39 [moderate]  MODERATE [4] 
   HR: 107 bpm BP: 148 mmHg SpO2: 91.2% Temp: 38.1°C
 Admission #38 [critical]  CRITICAL [10]  
   HR: 145 bpm BP: 189 mmHg SpO2: 82.9% Temp: 39.9°C
 Admission #37 [recovering]  STABLE [0] 
   HR: 83 bpm BP: 132 mmHg SpO2: 96.6% Temp: 37.3°C
 Admission #36 [stable]  STABLE [0] 
   HR: 71 bpm BP: 119 mmHg SpO2: 97.2% Temp: 36.8°C
 Admission #10 [moderate]  MODERATE [4] 
   HR: 105 bpm BP: 144 mmHg SpO2: 93.4% Temp: 38.7°C
 Admission #9 [critical]  CRITICAL [10]  
   HR: 144 bpm BP: 194 mmHg SpO2: 83.2% Temp: 39.7°C
 Admission #8 [recovering]  STABLE [0] 
   HR: 80 bpm BP: 125 mmHg SpO2: 97.2% Temp: 37.1°C
 Admission #7 [stable]  STABLE [0] 
   HR: 75 bpm BP: 115 mmHg SpO2: 98% Temp: 36.6°C
 Admission #6 [moderate]  STABLE [2] 
   HR: 100 bpm BP: 139 mmHg SpO2: 92.3% Temp: 38.2°C
 Admission #5 [critical]  CRITICAL [10]  
   HR: 144 bpm BP: 193 mmHg SpO2: 82.9% Temp: 39.8°C

  Next update in 5s... (Ctrl+C to stop)

c  Tick #91  |  Interval: 5000ms  |  8:26:00 PM

 📡 Posting Vitals This Tick:
 Admission #39 [critical]  CRITICAL [10]  
   HR: 152 bpm BP: 184 mmHg SpO2: 84.5% Temp: 39.9°C
 Admission #38 [recovering]  STABLE [0] 
   HR: 82 bpm BP: 125 mmHg SpO2: 97.2% Temp: 37.2°C
 Admission #37 [stable]  STABLE [0] 
   HR: 73 bpm BP: 122 mmHg SpO2: 98.4% Temp: 36.8°C
 Admission #36 [moderate]  MODERATE [4] 
   HR: 104 bpm BP: 154 mmHg SpO2: 93% Temp: 38.6°C
 Admission #10 [critical]  CRITICAL [10]  
   HR: 150 bpm BP: 181 mmHg SpO2: 85.1% Temp: 40°C
 Admission #9 [recovering]  STABLE [0] 
   HR: 80 bpm BP: 126 mmHg SpO2: 97.1% Temp: 37.2°C
 Admission #8 [stable]  STABLE [0] 
   HR: 70 bpm BP: 113 mmHg SpO2: 97.5% Temp: 36.8°C
 Admission #7 [moderate]  MODERATE [4] 
   HR: 115 bpm BP: 149 mmHg SpO2: 90.6% Temp: 38.5°C
 Admission #6 [critical]  CRITICAL [10]  
   HR: 155 bpm BP: 179 mmHg SpO2: 84.9% Temp: 40°C
 Admission #5 [recovering]  STABLE [0] 
   HR: 82 bpm BP: 129 mmHg SpO2: 96.8% Temp: 36.9°C

  Next update in 5s... (Ctrl+C to stop)

c  Tick #92  |  Interval: 5000ms  |  8:26:05 PM

 📡 Posting Vitals This Tick:
 Admission #39 [critical]  CRITICAL [10]  
   HR: 157 bpm BP: 191 mmHg SpO2: 84.1% Temp: 39.6°C
 Admission #38 [recovering]  STABLE [0] 
   HR: 79 bpm BP: 126 mmHg SpO2: 97.2% Temp: 37°C
 Admission #37 [stable]  STABLE [0] 
   HR: 72 bpm BP: 128 mmHg SpO2: 98.9% Temp: 36.6°C
 Admission #36 [moderate]  MODERATE [4] 
   HR: 104 bpm BP: 153 mmHg SpO2: 90.6% Temp: 38.2°C
 Admission #10 [critical]  CRITICAL [10]  
   HR: 145 bpm BP: 194 mmHg SpO2: 82.9% Temp: 40.1°C
 Admission #9 [recovering]  STABLE [0] 
   HR: 79 bpm BP: 125 mmHg SpO2: 97.2% Temp: 37.2°C
 Admission #8 [stable]  STABLE [0] 
   HR: 71 bpm BP: 118 mmHg SpO2: 97% Temp: 36.7°C
 Admission #7 [moderate]  MODERATE [4] 
   HR: 109 bpm BP: 151 mmHg SpO2: 90.5% Temp: 38.1°C
 Admission #6 [critical]  CRITICAL [10]  
   HR: 144 bpm BP: 190 mmHg SpO2: 85.6% Temp: 40°C
 Admission #5 [recovering]  STABLE [0] 
   HR: 86 bpm BP: 130 mmHg SpO2: 97.1% Temp: 37°C

  Next update in 5s... (Ctrl+C to stop)

c  Tick #93  |  Interval: 5000ms  |  8:26:10 PM

 📡 Posting Vitals This Tick:
 Admission #39 [critical]  CRITICAL [10]  
   HR: 156 bpm BP: 187 mmHg SpO2: 84.2% Temp: 40°C
 Admission #38 [recovering]  STABLE [0] 
   HR: 84 bpm BP: 124 mmHg SpO2: 97.2% Temp: 37°C
 Admission #37 [stable]  STABLE [0] 
   HR: 80 bpm BP: 123 mmHg SpO2: 97.5% Temp: 37°C
 Admission #36 [moderate]  MODERATE [4] 
   HR: 102 bpm BP: 151 mmHg SpO2: 90.9% Temp: 38.5°C
 Admission #10 [critical]  CRITICAL [10]  
   HR: 147 bpm BP: 193 mmHg SpO2: 85.1% Temp: 39.9°C
 Admission #9 [recovering]  STABLE [0] 
   HR: 84 bpm BP: 127 mmHg SpO2: 97% Temp: 37.1°C
 Admission #8 [stable]  STABLE [0] 
   HR: 74 bpm BP: 126 mmHg SpO2: 98.5% Temp: 36.8°C
 Admission #7 [moderate]  MODERATE [3] 
   HR: 109 bpm BP: 140 mmHg SpO2: 91% Temp: 38.3°C
 Admission #6 [critical]  CRITICAL [10]  
   HR: 154 bpm BP: 190 mmHg SpO2: 84.3% Temp: 40°C
 Admission #5 [recovering]  STABLE [0] 
   HR: 84 bpm BP: 129 mmHg SpO2: 96.8% Temp: 37.2°C

  Next update in 5s... (Ctrl+C to stop)

c  Tick #94  |  Interval: 5000ms  |  8:26:15 PM

 📡 Posting Vitals This Tick:
 Admission #39 [critical]  CRITICAL [10]  
   HR: 158 bpm BP: 182 mmHg SpO2: 82.2% Temp: 39.8°C
 Admission #38 [recovering]  STABLE [0] 
   HR: 84 bpm BP: 132 mmHg SpO2: 97.4% Temp: 37°C
 Admission #37 [stable]  STABLE [0] 
   HR: 74 bpm BP: 121 mmHg SpO2: 97.7% Temp: 36.6°C
 Admission #36 [moderate]  MODERATE [3] 
   HR: 100 bpm BP: 149 mmHg SpO2: 93.4% Temp: 38.1°C
 Admission #10 [critical]  CRITICAL [9]  
   HR: 152 bpm BP: 179 mmHg SpO2: 85.6% Temp: 40°C
 Admission #9 [recovering]  STABLE [0] 
   HR: 84 bpm BP: 132 mmHg SpO2: 97.2% Temp: 36.9°C
 Admission #8 [stable]  STABLE [0] 
   HR: 76 bpm BP: 124 mmHg SpO2: 97.3% Temp: 36.7°C
 Admission #7 [moderate]  MODERATE [3] 
   HR: 105 bpm BP: 140 mmHg SpO2: 91.2% Temp: 38.1°C
 Admission #6 [critical]  CRITICAL [10]  
   HR: 148 bpm BP: 182 mmHg SpO2: 82.4% Temp: 40°C
 Admission #5 [recovering]  STABLE [0] 
   HR: 81 bpm BP: 129 mmHg SpO2: 96.9% Temp: 37.2°C

  Next update in 5s... (Ctrl+C to stop)

c  Tick #95  |  Interval: 5000ms  |  8:26:20 PM

 📡 Posting Vitals This Tick:
 Admission #39 [critical]  CRITICAL [10]  
   HR: 151 bpm BP: 183 mmHg SpO2: 85.7% Temp: 40°C
 Admission #38 [recovering]  STABLE [0] 
   HR: 83 bpm BP: 128 mmHg SpO2: 97% Temp: 36.9°C
 Admission #37 [stable]  STABLE [0] 
   HR: 72 bpm BP: 118 mmHg SpO2: 97.4% Temp: 36.6°C
 Admission #36 [moderate]  MODERATE [4] 
   HR: 101 bpm BP: 156 mmHg SpO2: 90.8% Temp: 38.3°C
 Admission #10 [critical]  CRITICAL [10]  
   HR: 139 bpm BP: 181 mmHg SpO2: 82.8% Temp: 40.1°C
 Admission #9 [recovering]  STABLE [0] 
   HR: 85 bpm BP: 126 mmHg SpO2: 97.4% Temp: 37.2°C
 Admission #8 [stable]  STABLE [0] 
   HR: 73 bpm BP: 113 mmHg SpO2: 98.1% Temp: 36.7°C
 Admission #7 [moderate]  MODERATE [4] 
   HR: 113 bpm BP: 155 mmHg SpO2: 93.2% Temp: 38.4°C
 Admission #6 [critical]  CRITICAL [10]  
   HR: 145 bpm BP: 178 mmHg SpO2: 82.4% Temp: 39.8°C
 Admission #5 [recovering]  STABLE [0] 
   HR: 79 bpm BP: 129 mmHg SpO2: 96.6% Temp: 37.1°C

  Next update in 5s... (Ctrl+C to stop)

c  Tick #96  |  Interval: 5000ms  |  8:26:25 PM

 📡 Posting Vitals This Tick:
 Admission #39 [recovering]  STABLE [0] 
   HR: 82 bpm BP: 125 mmHg SpO2: 97.4% Temp: 37.2°C
 Admission #38 [stable]  STABLE [0] 
   HR: 73 bpm BP: 124 mmHg SpO2: 98.5% Temp: 36.7°C
 Admission #37 [moderate]  MODERATE [4] 
   HR: 107 bpm BP: 154 mmHg SpO2: 92.6% Temp: 38.4°C
 Admission #36 [critical]  CRITICAL [10]  
   HR: 141 bpm BP: 186 mmHg SpO2: 83.4% Temp: 39.8°C
 Admission #10 [recovering]  STABLE [0] 
   HR: 80 bpm BP: 123 mmHg SpO2: 96.8% Temp: 37°C
 Admission #9 [stable]  STABLE [0] 
   HR: 72 bpm BP: 120 mmHg SpO2: 98.3% Temp: 36.9°C
 Admission #8 [moderate]  MODERATE [4] 
   HR: 104 bpm BP: 150 mmHg SpO2: 93.2% Temp: 38.4°C
 Admission #7 [critical]  CRITICAL [10]  
   HR: 157 bpm BP: 188 mmHg SpO2: 84.5% Temp: 39.7°C
 Admission #6 [recovering]  STABLE [0] 
   HR: 78 bpm BP: 128 mmHg SpO2: 96.6% Temp: 37°C
 Admission #5 [stable]  STABLE [0] 
   HR: 78 bpm BP: 125 mmHg SpO2: 97.1% Temp: 36.7°C

  Next update in 5s... (Ctrl+C to stop)

c  Tick #97  |  Interval: 5000ms  |  8:26:30 PM

 📡 Posting Vitals This Tick:
 Admission #39 [recovering]  STABLE [0] 
   HR: 84 bpm BP: 133 mmHg SpO2: 97.4% Temp: 36.9°C
 Admission #38 [stable]  STABLE [0] 
   HR: 79 bpm BP: 124 mmHg SpO2: 98.8% Temp: 36.8°C
 Admission #37 [moderate]  MODERATE [4] 
   HR: 102 bpm BP: 142 mmHg SpO2: 92.7% Temp: 38.5°C
 Admission #36 [critical]  CRITICAL [10]  
   HR: 151 bpm BP: 181 mmHg SpO2: 83.1% Temp: 40.1°C
 Admission #10 [recovering]  STABLE [0] 
   HR: 84 bpm BP: 125 mmHg SpO2: 97.4% Temp: 37°C
 Admission #9 [stable]  STABLE [0] 
   HR: 72 bpm BP: 120 mmHg SpO2: 97.7% Temp: 36.8°C
 Admission #8 [moderate]  MODERATE [3] 
   HR: 113 bpm BP: 140 mmHg SpO2: 91.3% Temp: 38.4°C
 Admission #7 [critical]  CRITICAL [10]  
   HR: 149 bpm BP: 192 mmHg SpO2: 83.9% Temp: 39.8°C
 Admission #6 [recovering]  STABLE [0] 
   HR: 83 bpm BP: 134 mmHg SpO2: 97.5% Temp: 37°C
 Admission #5 [stable]  STABLE [0] 
   HR: 72 bpm BP: 121 mmHg SpO2: 98.6% Temp: 36.8°C

  Next update in 5s... (Ctrl+C to stop)

c  Tick #98  |  Interval: 5000ms  |  8:26:35 PM

 📡 Posting Vitals This Tick:
 Admission #39 [recovering]  STABLE [0] 
   HR: 84 bpm BP: 126 mmHg SpO2: 97.2% Temp: 37.3°C
 Admission #38 [stable]  STABLE [0] 
   HR: 77 bpm BP: 114 mmHg SpO2: 98.7% Temp: 36.7°C
 Admission #37 [moderate]  MODERATE [4] 
   HR: 111 bpm BP: 156 mmHg SpO2: 92.8% Temp: 38.3°C
 Admission #36 [critical]  CRITICAL [10]  
   HR: 152 bpm BP: 180 mmHg SpO2: 83.9% Temp: 40.2°C
 Admission #10 [recovering]  STABLE [0] 
   HR: 80 bpm BP: 124 mmHg SpO2: 96.9% Temp: 37.2°C
 Admission #9 [stable]  STABLE [0] 
   HR: 74 bpm BP: 121 mmHg SpO2: 98.6% Temp: 36.7°C
 Admission #8 [moderate]  MODERATE [4] 
   HR: 107 bpm BP: 143 mmHg SpO2: 91.2% Temp: 38.5°C
 Admission #7 [critical]  CRITICAL [10]  
   HR: 151 bpm BP: 181 mmHg SpO2: 82.6% Temp: 39.8°C
 Admission #6 [recovering]  STABLE [0] 
   HR: 83 bpm BP: 124 mmHg SpO2: 97.4% Temp: 37.1°C
 Admission #5 [stable]  STABLE [0] 
   HR: 72 bpm BP: 120 mmHg SpO2: 98.5% Temp: 36.9°C

  Next update in 5s... (Ctrl+C to stop)

c  Tick #99  |  Interval: 5000ms  |  8:26:40 PM

 📡 Posting Vitals This Tick:
 Admission #39 [recovering]  STABLE [0] 
   HR: 81 bpm BP: 128 mmHg SpO2: 97.4% Temp: 37.1°C
 Admission #38 [stable]  STABLE [0] 
   HR: 79 bpm BP: 116 mmHg SpO2: 97.1% Temp: 36.8°C
 Admission #37 [moderate]  MODERATE [4] 
   HR: 107 bpm BP: 154 mmHg SpO2: 92.6% Temp: 38.3°C
 Admission #36 [critical]  CRITICAL [10]  
   HR: 155 bpm BP: 186 mmHg SpO2: 83.2% Temp: 39.9°C
 Admission #10 [recovering]  STABLE [0] 
   HR: 80 bpm BP: 130 mmHg SpO2: 96.9% Temp: 37.2°C
 Admission #9 [stable]  STABLE [0] 
   HR: 72 bpm BP: 115 mmHg SpO2: 97.2% Temp: 36.9°C
 Admission #8 [moderate]  MODERATE [4] 
   HR: 114 bpm BP: 147 mmHg SpO2: 91.9% Temp: 38.2°C
 Admission #7 [critical]  CRITICAL [10]  
   HR: 147 bpm BP: 188 mmHg SpO2: 84.6% Temp: 40.1°C
 Admission #6 [recovering]  STABLE [0] 
   HR: 83 bpm BP: 123 mmHg SpO2: 96.7% Temp: 37.1°C
 Admission #5 [stable]  STABLE [0] 
   HR: 77 bpm BP: 113 mmHg SpO2: 97.1% Temp: 36.7°C

  Next update in 5s... (Ctrl+C to stop)

c  Tick #100  |  Interval: 5000ms  |  8:26:45 PM

 📡 Posting Vitals This Tick:
 Admission #39 [recovering]  STABLE [0] 
   HR: 85 bpm BP: 129 mmHg SpO2: 96.8% Temp: 37.2°C
 Admission #38 [stable]  STABLE [0] 
   HR: 73 bpm BP: 114 mmHg SpO2: 98.5% Temp: 36.6°C
 Admission #37 [moderate]  MODERATE [4] 
   HR: 103 bpm BP: 156 mmHg SpO2: 93.1% Temp: 38.6°C
 Admission #36 [critical]  CRITICAL [10]  
   HR: 149 bpm BP: 189 mmHg SpO2: 82.6% Temp: 39.9°C
 Admission #10 [recovering]  STABLE [0] 
   HR: 81 bpm BP: 123 mmHg SpO2: 97.5% Temp: 37°C
 Admission #9 [stable]  STABLE [0] 
   HR: 74 bpm BP: 123 mmHg SpO2: 98.3% Temp: 36.8°C
 Admission #8 [moderate]  MODERATE [4] 
   HR: 113 bpm BP: 154 mmHg SpO2: 91.7% Temp: 38.3°C
 Admission #7 [critical]  CRITICAL [10]  
   HR: 140 bpm BP: 190 mmHg SpO2: 82.7% Temp: 40.1°C
 Admission #6 [recovering]  STABLE [0] 
   HR: 83 bpm BP: 124 mmHg SpO2: 96.7% Temp: 37.1°C
 Admission #5 [stable]  STABLE [0] 
   HR: 72 bpm BP: 125 mmHg SpO2: 98.3% Temp: 36.8°C

  Next update in 5s... (Ctrl+C to stop)

c  Tick #101  |  Interval: 5000ms  |  8:26:50 PM

 📡 Posting Vitals This Tick:
 Admission #39 [stable]  STABLE [0] 
   HR: 74 bpm BP: 128 mmHg SpO2: 98.7% Temp: 36.7°C
 Admission #38 [moderate]  MODERATE [4] 
   HR: 110 bpm BP: 142 mmHg SpO2: 92.6% Temp: 38.7°C
 Admission #37 [critical]  CRITICAL [10]  
   HR: 153 bpm BP: 190 mmHg SpO2: 82.3% Temp: 40.1°C
 Admission #36 [recovering]  STABLE [0] 
   HR: 80 bpm BP: 127 mmHg SpO2: 96.6% Temp: 37.1°C
 Admission #10 [stable]  STABLE [0] 
   HR: 72 bpm BP: 114 mmHg SpO2: 97.1% Temp: 36.7°C
 Admission #9 [moderate]  MODERATE [4] 
   HR: 109 bpm BP: 154 mmHg SpO2: 91.1% Temp: 38.6°C
 Admission #8 [critical]  CRITICAL [10]  
   HR: 145 bpm BP: 187 mmHg SpO2: 85.5% Temp: 40°C
 Admission #7 [recovering]  STABLE [0] 
   HR: 82 bpm BP: 127 mmHg SpO2: 96.8% Temp: 37.2°C
 Admission #6 [stable]  STABLE [0] 
   HR: 75 bpm BP: 121 mmHg SpO2: 97.9% Temp: 36.9°C
 Admission #5 [moderate]  MODERATE [4] 
   HR: 107 bpm BP: 147 mmHg SpO2: 92.6% Temp: 38.4°C

  Next update in 5s... (Ctrl+C to stop)

c  Tick #102  |  Interval: 5000ms  |  8:26:55 PM

 📡 Posting Vitals This Tick:
 Admission #39 [stable]  STABLE [0] 
   HR: 80 bpm BP: 113 mmHg SpO2: 97.8% Temp: 36.7°C
 Admission #38 [moderate]  MODERATE [4] 
   HR: 108 bpm BP: 143 mmHg SpO2: 90.8% Temp: 38.7°C
 Admission #37 [critical]  CRITICAL [10]  
   HR: 146 bpm BP: 179 mmHg SpO2: 82.2% Temp: 39.6°C
 Admission #36 [recovering]  STABLE [0] 
   HR: 79 bpm BP: 133 mmHg SpO2: 96.9% Temp: 37.2°C
 Admission #10 [stable]  STABLE [0] 
   HR: 72 bpm BP: 125 mmHg SpO2: 98.3% Temp: 36.7°C
 Admission #9 [moderate]  MODERATE [4] 
   HR: 114 bpm BP: 150 mmHg SpO2: 92.7% Temp: 38.5°C
 Admission #8 [critical]  CRITICAL [10]  
   HR: 138 bpm BP: 193 mmHg SpO2: 82.4% Temp: 39.7°C
 Admission #7 [recovering]  STABLE [0] 
   HR: 79 bpm BP: 127 mmHg SpO2: 97.4% Temp: 37°C
 Admission #6 [stable]  STABLE [0] 
   HR: 75 bpm BP: 125 mmHg SpO2: 97.7% Temp: 36.8°C
 Admission #5 [moderate]  MODERATE [3] 
   HR: 100 bpm BP: 155 mmHg SpO2: 92.1% Temp: 38.6°C

  Next update in 5s... (Ctrl+C to stop)

c  Tick #103  |  Interval: 5000ms  |  8:27:00 PM

 📡 Posting Vitals This Tick:
 Admission #39 [stable]  STABLE [0] 
   HR: 76 bpm BP: 115 mmHg SpO2: 98.4% Temp: 36.9°C
 Admission #38 [moderate]  MODERATE [4] 
   HR: 106 bpm BP: 142 mmHg SpO2: 92.8% Temp: 38.3°C
 Admission #37 [critical]  CRITICAL [10]  
   HR: 158 bpm BP: 192 mmHg SpO2: 83.2% Temp: 40.2°C
 Admission #36 [recovering]  STABLE [0] 
   HR: 83 bpm BP: 123 mmHg SpO2: 96.6% Temp: 37.1°C
 Admission #10 [stable]  STABLE [0] 
   HR: 70 bpm BP: 124 mmHg SpO2: 98.1% Temp: 36.8°C
 Admission #9 [moderate]  MODERATE [4] 
   HR: 106 bpm BP: 154 mmHg SpO2: 92.5% Temp: 38.6°C
 Admission #8 [critical]  CRITICAL [10]  
   HR: 147 bpm BP: 192 mmHg SpO2: 83% Temp: 39.8°C
 Admission #7 [recovering]  STABLE [0] 
   HR: 79 bpm BP: 124 mmHg SpO2: 96.6% Temp: 37.2°C
 Admission #6 [stable]  STABLE [0] 
   HR: 74 bpm BP: 122 mmHg SpO2: 98.6% Temp: 36.8°C
 Admission #5 [moderate]  MODERATE [3] 
   HR: 100 bpm BP: 151 mmHg SpO2: 92.8% Temp: 38.3°C

  Next update in 5s... (Ctrl+C to stop)

c  Tick #104  |  Interval: 5000ms  |  8:27:05 PM

 📡 Posting Vitals This Tick:
 Admission #39 [stable]  STABLE [0] 
   HR: 78 bpm BP: 119 mmHg SpO2: 98.3% Temp: 37°C
 Admission #38 [moderate]  MODERATE [3] 
   HR: 112 bpm BP: 140 mmHg SpO2: 92.4% Temp: 38.7°C
 Admission #37 [critical]  CRITICAL [10]  
   HR: 148 bpm BP: 182 mmHg SpO2: 83.3% Temp: 39.6°C
 Admission #36 [recovering]  STABLE [0] 
   HR: 80 bpm BP: 126 mmHg SpO2: 97% Temp: 37.3°C
 Admission #10 [stable]  STABLE [0] 
   HR: 79 bpm BP: 127 mmHg SpO2: 97% Temp: 36.8°C
 Admission #9 [moderate]  MODERATE [4] 
   HR: 114 bpm BP: 142 mmHg SpO2: 92.5% Temp: 38.1°C
 Admission #8 [critical]  CRITICAL [10]  
   HR: 157 bpm BP: 182 mmHg SpO2: 83.1% Temp: 40°C
 Admission #7 [recovering]  STABLE [0] 
   HR: 84 bpm BP: 129 mmHg SpO2: 96.9% Temp: 36.9°C
 Admission #6 [stable]  STABLE [0] 
   HR: 79 bpm BP: 127 mmHg SpO2: 98.3% Temp: 36.9°C
 Admission #5 [moderate]  MODERATE [4] 
   HR: 110 bpm BP: 153 mmHg SpO2: 91.9% Temp: 38.7°C

  Next update in 5s... (Ctrl+C to stop)

c  Tick #105  |  Interval: 5000ms  |  8:27:10 PM

 📡 Posting Vitals This Tick:
 Admission #39 [stable]  STABLE [0] 
   HR: 77 bpm BP: 123 mmHg SpO2: 98.5% Temp: 36.9°C
 Admission #38 [moderate]  MODERATE [4] 
   HR: 105 bpm BP: 147 mmHg SpO2: 92.4% Temp: 38.6°C
 Admission #37 [critical]  CRITICAL [10]  
   HR: 145 bpm BP: 192 mmHg SpO2: 84.8% Temp: 40°C
 Admission #36 [recovering]  STABLE [0] 
   HR: 84 bpm BP: 128 mmHg SpO2: 96.7% Temp: 37°C
 Admission #10 [stable]  STABLE [0] 
   HR: 72 bpm BP: 119 mmHg SpO2: 98.8% Temp: 36.7°C
 Admission #9 [moderate]  MODERATE [3] 
   HR: 100 bpm BP: 148 mmHg SpO2: 90.5% Temp: 38.7°C
 Admission #8 [critical]  CRITICAL [10]  
   HR: 154 bpm BP: 193 mmHg SpO2: 86% Temp: 39.8°C
 Admission #7 [recovering]  STABLE [0] 
   HR: 85 bpm BP: 131 mmHg SpO2: 97.1% Temp: 36.9°C
 Admission #6 [stable]  STABLE [0] 
   HR: 78 bpm BP: 128 mmHg SpO2: 98.4% Temp: 36.9°C
 Admission #5 [moderate]  MODERATE [4] 
   HR: 113 bpm BP: 142 mmHg SpO2: 91.6% Temp: 38.1°C

  Next update in 5s... (Ctrl+C to stop)

c  Tick #106  |  Interval: 5000ms  |  8:27:15 PM

 📡 Posting Vitals This Tick:
 Admission #39 [moderate]  MODERATE [3] 
   HR: 104 bpm BP: 139 mmHg SpO2: 93.4% Temp: 38.5°C
 Admission #38 [critical]  CRITICAL [10]  
   HR: 146 bpm BP: 192 mmHg SpO2: 84.6% Temp: 40.1°C
 Admission #37 [recovering]  STABLE [0] 
   HR: 83 bpm BP: 124 mmHg SpO2: 97.1% Temp: 36.9°C
 Admission #36 [stable]  STABLE [0] 
   HR: 78 bpm BP: 119 mmHg SpO2: 97.2% Temp: 36.7°C
 Admission #10 [moderate]  MODERATE [4] 
   HR: 110 bpm BP: 155 mmHg SpO2: 92.1% Temp: 38.5°C
 Admission #9 [critical]  CRITICAL [10]  
   HR: 153 bpm BP: 179 mmHg SpO2: 84.9% Temp: 39.9°C
 Admission #8 [recovering]  STABLE [0] 
   HR: 85 bpm BP: 124 mmHg SpO2: 96.7% Temp: 36.9°C
 Admission #7 [stable]  STABLE [0] 
   HR: 74 bpm BP: 121 mmHg SpO2: 97.8% Temp: 36.9°C
 Admission #6 [moderate]  MODERATE [4] 
   HR: 107 bpm BP: 148 mmHg SpO2: 92.5% Temp: 38.2°C
 Admission #5 [critical]  CRITICAL [8]  
   HR: 139 bpm BP: 179 mmHg SpO2: 85.6% Temp: 40°C

  Next update in 5s... (Ctrl+C to stop)

c  Tick #107  |  Interval: 5000ms  |  8:27:20 PM

 📡 Posting Vitals This Tick:
 Admission #39 [moderate]  MODERATE [4] 
   HR: 111 bpm BP: 143 mmHg SpO2: 91.1% Temp: 38.5°C
 Admission #38 [critical]  CRITICAL [10]  
   HR: 149 bpm BP: 194 mmHg SpO2: 84.5% Temp: 39.8°C
 Admission #37 [recovering]  STABLE [0] 
   HR: 84 bpm BP: 125 mmHg SpO2: 96.6% Temp: 37.1°C
 Admission #36 [stable]  STABLE [0] 
   HR: 75 bpm BP: 119 mmHg SpO2: 97.1% Temp: 36.8°C
 Admission #10 [moderate]  MODERATE [4] 
   HR: 109 bpm BP: 154 mmHg SpO2: 91.1% Temp: 38.6°C
 Admission #9 [critical]  CRITICAL [10]  
   HR: 140 bpm BP: 181 mmHg SpO2: 83.1% Temp: 39.7°C
 Admission #8 [recovering]  STABLE [0] 
   HR: 79 bpm BP: 132 mmHg SpO2: 96.7% Temp: 37.1°C
 Admission #7 [stable]  STABLE [0] 
   HR: 73 bpm BP: 117 mmHg SpO2: 98.9% Temp: 36.9°C
 Admission #6 [moderate]  MODERATE [4] 
   HR: 113 bpm BP: 151 mmHg SpO2: 90.9% Temp: 38.4°C
 Admission #5 [critical]  CRITICAL [10]  
   HR: 157 bpm BP: 179 mmHg SpO2: 83.1% Temp: 39.7°C

  Next update in 5s... (Ctrl+C to stop)

c  Tick #108  |  Interval: 5000ms  |  8:27:25 PM

 📡 Posting Vitals This Tick:
 Admission #39 [moderate]  MODERATE [4] 
   HR: 114 bpm BP: 143 mmHg SpO2: 91.1% Temp: 38.4°C
 Admission #38 [critical]  CRITICAL [10]  
   HR: 149 bpm BP: 191 mmHg SpO2: 82.7% Temp: 39.9°C
 Admission #37 [recovering]  STABLE [0] 
   HR: 83 bpm BP: 124 mmHg SpO2: 96.5% Temp: 36.9°C
 Admission #36 [stable]  STABLE [0] 
   HR: 72 bpm BP: 122 mmHg SpO2: 97.1% Temp: 36.7°C
 Admission #10 [moderate]  MODERATE [4] 
   HR: 106 bpm BP: 157 mmHg SpO2: 91.5% Temp: 38.6°C
 Admission #9 [critical]  CRITICAL [10]  
   HR: 145 bpm BP: 183 mmHg SpO2: 85.7% Temp: 39.8°C
 Admission #8 [recovering]  STABLE [0] 
   HR: 82 bpm BP: 126 mmHg SpO2: 96.9% Temp: 37°C
 Admission #7 [stable]  STABLE [0] 
   HR: 74 bpm BP: 128 mmHg SpO2: 98.9% Temp: 36.7°C
 Admission #6 [moderate]  MODERATE [4] 
   HR: 112 bpm BP: 157 mmHg SpO2: 91.9% Temp: 38.2°C
 Admission #5 [critical]  CRITICAL [10]  
   HR: 155 bpm BP: 187 mmHg SpO2: 83.6% Temp: 40°C

  Next update in 5s... (Ctrl+C to stop)

c  Tick #109  |  Interval: 5000ms  |  8:27:30 PM

 📡 Posting Vitals This Tick:
 Admission #39 [moderate]  MODERATE [4] 
   HR: 106 bpm BP: 148 mmHg SpO2: 92.3% Temp: 38.2°C
 Admission #38 [critical]  CRITICAL [10]  
   HR: 148 bpm BP: 185 mmHg SpO2: 83.8% Temp: 39.8°C
 Admission #37 [recovering]  STABLE [0] 
   HR: 80 bpm BP: 130 mmHg SpO2: 96.8% Temp: 37.1°C
 Admission #36 [stable]  STABLE [0] 
   HR: 74 bpm BP: 127 mmHg SpO2: 97.1% Temp: 37°C
 Admission #10 [moderate]  MODERATE [4] 
   HR: 107 bpm BP: 156 mmHg SpO2: 90.8% Temp: 38.5°C
 Admission #9 [critical]  CRITICAL [10]  
   HR: 155 bpm BP: 188 mmHg SpO2: 84.4% Temp: 40.1°C
 Admission #8 [recovering]  STABLE [0] 
   HR: 81 bpm BP: 131 mmHg SpO2: 96.8% Temp: 37.1°C
 Admission #7 [stable]  STABLE [0] 
   HR: 78 bpm BP: 120 mmHg SpO2: 97.9% Temp: 36.8°C
 Admission #6 [moderate]  MODERATE [4] 
   HR: 103 bpm BP: 154 mmHg SpO2: 91.5% Temp: 38.5°C
 Admission #5 [critical]  CRITICAL [9]  
   HR: 139 bpm BP: 180 mmHg SpO2: 82.8% Temp: 39.9°C

  Next update in 5s... (Ctrl+C to stop)

c  Tick #110  |  Interval: 5000ms  |  8:27:35 PM

 📡 Posting Vitals This Tick:
 Admission #39 [moderate]  MODERATE [4] 
   HR: 107 bpm BP: 146 mmHg SpO2: 92.3% Temp: 38.6°C
 Admission #38 [critical]  CRITICAL [10]  
   HR: 144 bpm BP: 188 mmHg SpO2: 85.8% Temp: 40.1°C
 Admission #37 [recovering]  STABLE [0] 
   HR: 83 bpm BP: 134 mmHg SpO2: 97.3% Temp: 37.2°C
 Admission #36 [stable]  STABLE [0] 
   HR: 74 bpm BP: 128 mmHg SpO2: 97.8% Temp: 36.8°C
 Admission #10 [moderate]  MODERATE [4] 
   HR: 103 bpm BP: 152 mmHg SpO2: 93% Temp: 38.5°C
 Admission #9 [critical]  CRITICAL [10]  
   HR: 154 bpm BP: 187 mmHg SpO2: 83.6% Temp: 40°C
 Admission #8 [recovering]  STABLE [0] 
   HR: 84 bpm BP: 129 mmHg SpO2: 97.5% Temp: 37°C
 Admission #7 [stable]  STABLE [0] 
   HR: 71 bpm BP: 118 mmHg SpO2: 98.6% Temp: 36.9°C
 Admission #6 [moderate]  MODERATE [4] 
   HR: 108 bpm BP: 151 mmHg SpO2: 91.3% Temp: 38.3°C
 Admission #5 [critical]  CRITICAL [10]  
   HR: 146 bpm BP: 188 mmHg SpO2: 83.1% Temp: 40°C

  Next update in 5s... (Ctrl+C to stop)

c  Tick #111  |  Interval: 5000ms  |  8:27:40 PM

 📡 Posting Vitals This Tick:
 Admission #39 [critical]  CRITICAL [10]  
   HR: 140 bpm BP: 189 mmHg SpO2: 84.3% Temp: 39.7°C
 Admission #38 [recovering]  STABLE [0] 
   HR: 85 bpm BP: 130 mmHg SpO2: 97.1% Temp: 37°C
 Admission #37 [stable]  STABLE [0] 
   HR: 76 bpm BP: 115 mmHg SpO2: 97.5% Temp: 36.9°C
 Admission #36 [moderate]  MODERATE [4] 
   HR: 108 bpm BP: 150 mmHg SpO2: 93.2% Temp: 38.5°C
 Admission #10 [critical]  CRITICAL [10]  
   HR: 140 bpm BP: 189 mmHg SpO2: 84.5% Temp: 40.1°C
 Admission #9 [recovering]  STABLE [0] 
   HR: 82 bpm BP: 126 mmHg SpO2: 96.6% Temp: 37.1°C
 Admission #8 [stable]  STABLE [0] 
   HR: 76 bpm BP: 125 mmHg SpO2: 98.7% Temp: 36.8°C
 Admission #7 [moderate]  MODERATE [4] 
   HR: 111 bpm BP: 146 mmHg SpO2: 90.7% Temp: 38.6°C
 Admission #6 [critical]  CRITICAL [10]  
   HR: 145 bpm BP: 179 mmHg SpO2: 82.8% Temp: 39.8°C
 Admission #5 [recovering]  STABLE [0] 
   HR: 79 bpm BP: 123 mmHg SpO2: 96.8% Temp: 37.1°C

  Next update in 5s... (Ctrl+C to stop)

c  Tick #112  |  Interval: 5000ms  |  8:27:45 PM

 📡 Posting Vitals This Tick:
 Admission #39 [critical]  CRITICAL [10]  
   HR: 150 bpm BP: 193 mmHg SpO2: 83.7% Temp: 40°C
 Admission #38 [recovering]  STABLE [0] 
   HR: 86 bpm BP: 134 mmHg SpO2: 96.8% Temp: 37.2°C
 Admission #37 [stable]  STABLE [0] 
   HR: 78 bpm BP: 125 mmHg SpO2: 97.3% Temp: 36.9°C
 Admission #36 [moderate]  MODERATE [3] 
   HR: 110 bpm BP: 140 mmHg SpO2: 90.6% Temp: 38.2°C
 Admission #10 [critical]  CRITICAL [10]  
   HR: 156 bpm BP: 192 mmHg SpO2: 82.8% Temp: 40.1°C
 Admission #9 [recovering]  STABLE [0] 
   HR: 84 bpm BP: 131 mmHg SpO2: 97% Temp: 37.2°C
 Admission #8 [stable]  STABLE [0] 
   HR: 78 bpm BP: 115 mmHg SpO2: 97.8% Temp: 36.9°C
 Admission #7 [moderate]  MODERATE [4] 
   HR: 104 bpm BP: 142 mmHg SpO2: 93.3% Temp: 38.4°C
 Admission #6 [critical]  CRITICAL [10]  
   HR: 156 bpm BP: 189 mmHg SpO2: 83.7% Temp: 40.2°C
 Admission #5 [recovering]  STABLE [0] 
   HR: 86 bpm BP: 131 mmHg SpO2: 97.5% Temp: 37.3°C

  Next update in 5s... (Ctrl+C to stop)

c  Tick #113  |  Interval: 5000ms  |  8:27:50 PM

 📡 Posting Vitals This Tick:
 Admission #39 [critical]  CRITICAL [10]  
   HR: 152 bpm BP: 181 mmHg SpO2: 82.3% Temp: 40.1°C
 Admission #38 [recovering]  STABLE [0] 
   HR: 82 bpm BP: 128 mmHg SpO2: 96.9% Temp: 37.1°C
 Admission #37 [stable]  STABLE [0] 
   HR: 74 bpm BP: 113 mmHg SpO2: 97.8% Temp: 36.8°C
 Admission #36 [moderate]  MODERATE [4] 
   HR: 115 bpm BP: 154 mmHg SpO2: 91% Temp: 38.2°C
 Admission #10 [critical]  CRITICAL [10]  
   HR: 143 bpm BP: 182 mmHg SpO2: 82.8% Temp: 39.6°C
 Admission #9 [recovering]  STABLE [0] 
   HR: 82 bpm BP: 123 mmHg SpO2: 97.3% Temp: 37°C
 Admission #8 [stable]  STABLE [0] 
   HR: 75 bpm BP: 123 mmHg SpO2: 98.2% Temp: 36.6°C
 Admission #7 [moderate]  MODERATE [4] 
   HR: 103 bpm BP: 142 mmHg SpO2: 91.5% Temp: 38.6°C
 Admission #6 [critical]  CRITICAL [10]  
   HR: 143 bpm BP: 181 mmHg SpO2: 84.9% Temp: 39.9°C
 Admission #5 [recovering]  STABLE [0] 
   HR: 86 bpm BP: 126 mmHg SpO2: 96.8% Temp: 37.2°C

  Next update in 5s... (Ctrl+C to stop)

c  Tick #114  |  Interval: 5000ms  |  8:27:55 PM

 📡 Posting Vitals This Tick:
 Admission #39 [critical]  CRITICAL [10]  
   HR: 157 bpm BP: 181 mmHg SpO2: 83% Temp: 39.7°C
 Admission #38 [recovering]  STABLE [0] 
   HR: 82 bpm BP: 124 mmHg SpO2: 96.6% Temp: 37°C
 Admission #37 [stable]  STABLE [0] 
   HR: 75 bpm BP: 118 mmHg SpO2: 99% Temp: 36.6°C
 Admission #36 [moderate]  MODERATE [4] 
   HR: 108 bpm BP: 152 mmHg SpO2: 91.7% Temp: 38.7°C
 Admission #10 [critical]  CRITICAL [10]  
   HR: 154 bpm BP: 192 mmHg SpO2: 84.4% Temp: 39.6°C
 Admission #9 [recovering]  STABLE [0] 
   HR: 83 bpm BP: 133 mmHg SpO2: 96.7% Temp: 37°C
 Admission #8 [stable]  STABLE [0] 
   HR: 73 bpm BP: 119 mmHg SpO2: 97.7% Temp: 36.8°C
 Admission #7 [moderate]  MODERATE [4] 
   HR: 115 bpm BP: 144 mmHg SpO2: 91.7% Temp: 38.3°C
 Admission #6 [critical]  CRITICAL [10]  
   HR: 151 bpm BP: 188 mmHg SpO2: 85.9% Temp: 39.7°C
 Admission #5 [recovering]  STABLE [0] 
   HR: 81 bpm BP: 123 mmHg SpO2: 97.2% Temp: 37.1°C

  Next update in 5s... (Ctrl+C to stop)

c  Tick #115  |  Interval: 5000ms  |  8:28:00 PM

 📡 Posting Vitals This Tick:
 Admission #39 [critical]  CRITICAL [10]  
   HR: 141 bpm BP: 187 mmHg SpO2: 83.3% Temp: 39.7°C
 Admission #38 [recovering]  STABLE [0] 
   HR: 81 bpm BP: 133 mmHg SpO2: 96.9% Temp: 36.9°C
 Admission #37 [stable]  STABLE [0] 
   HR: 73 bpm BP: 125 mmHg SpO2: 97.3% Temp: 36.8°C
 Admission #36 [moderate]  MODERATE [4] 
   HR: 104 bpm BP: 153 mmHg SpO2: 92.8% Temp: 38.7°C
 Admission #10 [critical]  CRITICAL [10]  
   HR: 147 bpm BP: 181 mmHg SpO2: 82.6% Temp: 39.7°C
 Admission #9 [recovering]  STABLE [0] 
   HR: 84 bpm BP: 130 mmHg SpO2: 97.4% Temp: 37°C
 Admission #8 [stable]  STABLE [0] 
   HR: 71 bpm BP: 125 mmHg SpO2: 97.4% Temp: 36.7°C
 Admission #7 [moderate]  MODERATE [3] 
   HR: 115 bpm BP: 140 mmHg SpO2: 92.7% Temp: 38.2°C
 Admission #6 [critical]  CRITICAL [10]  
   HR: 141 bpm BP: 179 mmHg SpO2: 83.5% Temp: 40°C
 Admission #5 [recovering]  STABLE [0] 
   HR: 82 bpm BP: 130 mmHg SpO2: 96.5% Temp: 37.1°C

  Next update in 5s... (Ctrl+C to stop)

c  Tick #116  |  Interval: 5000ms  |  8:28:05 PM

 📡 Posting Vitals This Tick:
 Admission #39 [recovering]  STABLE [0] 
   HR: 81 bpm BP: 134 mmHg SpO2: 97.3% Temp: 37°C
 Admission #38 [stable]  STABLE [0] 
   HR: 75 bpm BP: 117 mmHg SpO2: 97.9% Temp: 37°C
 Admission #37 [moderate]  MODERATE [4] 
   HR: 109 bpm BP: 153 mmHg SpO2: 93.3% Temp: 38.6°C
 Admission #36 [critical]  CRITICAL [10]  
   HR: 149 bpm BP: 194 mmHg SpO2: 83.1% Temp: 39.6°C
 Admission #10 [recovering]  STABLE [0] 
   HR: 84 bpm BP: 133 mmHg SpO2: 97.4% Temp: 37.1°C
 Admission #9 [stable]  STABLE [0] 
   HR: 72 bpm BP: 127 mmHg SpO2: 98.9% Temp: 36.8°C
 Admission #8 [moderate]  MODERATE [4] 
   HR: 113 bpm BP: 156 mmHg SpO2: 92.1% Temp: 38.6°C
 Admission #7 [critical]  CRITICAL [10]  
   HR: 143 bpm BP: 182 mmHg SpO2: 83.5% Temp: 40°C
 Admission #6 [recovering]  STABLE [0] 
   HR: 84 bpm BP: 128 mmHg SpO2: 96.7% Temp: 37.2°C
 Admission #5 [stable]  STABLE [0] 
   HR: 71 bpm BP: 119 mmHg SpO2: 97.1% Temp: 36.6°C

  Next update in 5s... (Ctrl+C to stop)

c  Tick #117  |  Interval: 5000ms  |  8:28:10 PM

 📡 Posting Vitals This Tick:
 Admission #39 [recovering]  STABLE [0] 
   HR: 84 bpm BP: 130 mmHg SpO2: 96.5% Temp: 37.2°C
 Admission #38 [stable]  STABLE [0] 
   HR: 78 bpm BP: 113 mmHg SpO2: 97.3% Temp: 36.8°C
 Admission #37 [moderate]  MODERATE [4] 
   HR: 106 bpm BP: 150 mmHg SpO2: 93% Temp: 38.1°C
 Admission #36 [critical]  CRITICAL [10]  
   HR: 155 bpm BP: 190 mmHg SpO2: 82.1% Temp: 40°C
 Admission #10 [recovering]  STABLE [0] 
   HR: 85 bpm BP: 129 mmHg SpO2: 96.7% Temp: 37.3°C
 Admission #9 [stable]  STABLE [0] 
   HR: 74 bpm BP: 115 mmHg SpO2: 97.6% Temp: 36.9°C
 Admission #8 [moderate]  MODERATE [4] 
   HR: 103 bpm BP: 153 mmHg SpO2: 93.1% Temp: 38.5°C
 Admission #7 [critical]  CRITICAL [10]  
   HR: 150 bpm BP: 189 mmHg SpO2: 84% Temp: 40.1°C
 Admission #6 [recovering]  STABLE [0] 
   HR: 80 bpm BP: 127 mmHg SpO2: 97.4% Temp: 36.9°C
 Admission #5 [stable]  STABLE [0] 
   HR: 76 bpm BP: 112 mmHg SpO2: 98.9% Temp: 37°C

  Next update in 5s... (Ctrl+C to stop)

c  Tick #118  |  Interval: 5000ms  |  8:28:15 PM

 📡 Posting Vitals This Tick:
 Admission #39 [recovering]  STABLE [0] 
   HR: 79 bpm BP: 123 mmHg SpO2: 97.2% Temp: 37°C
 Admission #38 [stable]  STABLE [0] 
   HR: 74 bpm BP: 122 mmHg SpO2: 97.3% Temp: 36.8°C
 Admission #37 [moderate]  MODERATE [3] 
   HR: 107 bpm BP: 140 mmHg SpO2: 92.1% Temp: 38.4°C
 Admission #36 [critical]  CRITICAL [10]  
   HR: 143 bpm BP: 192 mmHg SpO2: 82.7% Temp: 39.9°C
 Admission #10 [recovering]  STABLE [0] 
   HR: 86 bpm BP: 133 mmHg SpO2: 96.7% Temp: 37°C
 Admission #9 [stable]  STABLE [0] 
   HR: 73 bpm BP: 119 mmHg SpO2: 97.2% Temp: 36.9°C
 Admission #8 [moderate]  MODERATE [4] 
   HR: 114 bpm BP: 150 mmHg SpO2: 92.8% Temp: 38.2°C
 Admission #7 [critical]  CRITICAL [10]  
   HR: 156 bpm BP: 183 mmHg SpO2: 82.8% Temp: 39.8°C
 Admission #6 [recovering]  STABLE [0] 
   HR: 83 bpm BP: 126 mmHg SpO2: 96.9% Temp: 37°C
 Admission #5 [stable]  STABLE [0] 
   HR: 72 bpm BP: 120 mmHg SpO2: 98.1% Temp: 36.8°C

  Next update in 5s... (Ctrl+C to stop)

c  Tick #119  |  Interval: 5000ms  |  8:28:20 PM

 📡 Posting Vitals This Tick:
 Admission #39 [recovering]  STABLE [0] 
   HR: 83 bpm BP: 126 mmHg SpO2: 97.3% Temp: 37.1°C
 Admission #38 [stable]  STABLE [0] 
   HR: 73 bpm BP: 125 mmHg SpO2: 98.3% Temp: 36.7°C
 Admission #37 [moderate]  MODERATE [4] 
   HR: 103 bpm BP: 143 mmHg SpO2: 92.5% Temp: 38.4°C
 Admission #36 [critical]  CRITICAL [10]  
   HR: 148 bpm BP: 180 mmHg SpO2: 84.6% Temp: 39.8°C
 Admission #10 [recovering]  STABLE [0] 
   HR: 82 bpm BP: 124 mmHg SpO2: 96.8% Temp: 36.9°C
 Admission #9 [stable]  STABLE [0] 
   HR: 76 bpm BP: 122 mmHg SpO2: 98.7% Temp: 37°C
 Admission #8 [moderate]  MODERATE [4] 
   HR: 106 bpm BP: 151 mmHg SpO2: 91.3% Temp: 38.4°C
 Admission #7 [critical]  CRITICAL [10]  
   HR: 143 bpm BP: 184 mmHg SpO2: 83.5% Temp: 40.1°C
 Admission #6 [recovering]  STABLE [0] 
   HR: 78 bpm BP: 132 mmHg SpO2: 96.8% Temp: 37.3°C
 Admission #5 [stable]  STABLE [0] 
   HR: 76 bpm BP: 121 mmHg SpO2: 98.6% Temp: 36.8°C

  Next update in 5s... (Ctrl+C to stop)

c  Tick #120  |  Interval: 5000ms  |  8:28:25 PM

 📡 Posting Vitals This Tick:
 Admission #39 [recovering]  STABLE [0] 
   HR: 85 bpm BP: 126 mmHg SpO2: 96.6% Temp: 37.3°C
 Admission #38 [stable]  STABLE [0] 
   HR: 80 bpm BP: 117 mmHg SpO2: 98.3% Temp: 36.8°C
 Admission #37 [moderate]  MODERATE [3] 
   HR: 107 bpm BP: 138 mmHg SpO2: 92.8% Temp: 38.1°C
 Admission #36 [critical]  CRITICAL [10]  
   HR: 145 bpm BP: 182 mmHg SpO2: 84.2% Temp: 39.8°C
 Admission #10 [recovering]  STABLE [0] 
   HR: 79 bpm BP: 132 mmHg SpO2: 96.8% Temp: 37.2°C
 Admission #9 [stable]  STABLE [0] 
   HR: 73 bpm BP: 114 mmHg SpO2: 97.9% Temp: 36.7°C
 Admission #8 [moderate]  MODERATE [4] 
   HR: 107 bpm BP: 151 mmHg SpO2: 92.9% Temp: 38.5°C
 Admission #7 [critical]  CRITICAL [10]  
   HR: 147 bpm BP: 191 mmHg SpO2: 85.4% Temp: 39.9°C
 Admission #6 [recovering]  STABLE [0] 
   HR: 79 bpm BP: 130 mmHg SpO2: 97.3% Temp: 37.2°C
 Admission #5 [stable]  STABLE [0] 
   HR: 74 bpm BP: 127 mmHg SpO2: 98.7% Temp: 36.8°C

  Next update in 5s... (Ctrl+C to stop)

c  Tick #121  |  Interval: 5000ms  |  8:28:30 PM

 📡 Posting Vitals This Tick:
 Admission #39 [stable]  STABLE [0] 
   HR: 79 bpm BP: 127 mmHg SpO2: 97.3% Temp: 36.9°C
 Admission #38 [moderate]  MODERATE [3] 
   HR: 104 bpm BP: 139 mmHg SpO2: 93.2% Temp: 38.1°C
 Admission #37 [critical]  CRITICAL [10]  
   HR: 143 bpm BP: 193 mmHg SpO2: 85.8% Temp: 39.8°C
 Admission #36 [recovering]  STABLE [0] 
   HR: 80 bpm BP: 132 mmHg SpO2: 96.7% Temp: 37.3°C
 Admission #10 [stable]  STABLE [0] 
   HR: 73 bpm BP: 127 mmHg SpO2: 97.6% Temp: 36.8°C
 Admission #9 [moderate]  MODERATE [4] 
   HR: 115 bpm BP: 145 mmHg SpO2: 93.5% Temp: 38.4°C
 Admission #8 [critical]  CRITICAL [10]  
   HR: 144 bpm BP: 192 mmHg SpO2: 84.6% Temp: 39.7°C
 Admission #7 [recovering]  STABLE [0] 
   HR: 83 bpm BP: 132 mmHg SpO2: 97.3% Temp: 37°C
 Admission #6 [stable]  STABLE [0] 
   HR: 73 bpm BP: 122 mmHg SpO2: 97.7% Temp: 36.7°C
 Admission #5 [moderate]  MODERATE [4] 
   HR: 113 bpm BP: 144 mmHg SpO2: 91.2% Temp: 38.4°C

  Next update in 5s... (Ctrl+C to stop)

c  Tick #122  |  Interval: 5000ms  |  8:28:35 PM

 📡 Posting Vitals This Tick:
 Admission #39 [stable]  STABLE [0] 
   HR: 73 bpm BP: 123 mmHg SpO2: 97.1% Temp: 36.6°C
 Admission #38 [moderate]  MODERATE [3] 
   HR: 100 bpm BP: 146 mmHg SpO2: 91.5% Temp: 38.5°C
 Admission #37 [critical]  CRITICAL [10]  
   HR: 147 bpm BP: 185 mmHg SpO2: 84.5% Temp: 40°C
 Admission #36 [recovering]  STABLE [0] 
   HR: 84 bpm BP: 122 mmHg SpO2: 97.2% Temp: 37.3°C
 Admission #10 [stable]  STABLE [0] 
   HR: 74 bpm BP: 116 mmHg SpO2: 97.7% Temp: 36.7°C
 Admission #9 [moderate]  MODERATE [4] 
   HR: 113 bpm BP: 148 mmHg SpO2: 91.8% Temp: 38.2°C
 Admission #8 [critical]  CRITICAL [10]  
   HR: 148 bpm BP: 192 mmHg SpO2: 84.4% Temp: 39.9°C
 Admission #7 [recovering]  STABLE [0] 
   HR: 78 bpm BP: 129 mmHg SpO2: 97.1% Temp: 37.2°C
 Admission #6 [stable]  STABLE [0] 
   HR: 74 bpm BP: 118 mmHg SpO2: 97.2% Temp: 36.6°C
 Admission #5 [moderate]  MODERATE [4] 
   HR: 101 bpm BP: 155 mmHg SpO2: 90.5% Temp: 38.5°C

  Next update in 5s... (Ctrl+C to stop)

c  Tick #123  |  Interval: 5000ms  |  8:28:40 PM

 📡 Posting Vitals This Tick:
 Admission #39 [stable]  STABLE [0] 
   HR: 78 bpm BP: 126 mmHg SpO2: 97.1% Temp: 36.7°C
 Admission #38 [moderate]  MODERATE [4] 
   HR: 107 bpm BP: 143 mmHg SpO2: 93.2% Temp: 38.1°C
 Admission #37 [critical]  CRITICAL [10]  
   HR: 154 bpm BP: 182 mmHg SpO2: 83.8% Temp: 40.2°C
 Admission #36 [recovering]  STABLE [0] 
   HR: 81 bpm BP: 133 mmHg SpO2: 97.4% Temp: 37.1°C
 Admission #10 [stable]  STABLE [0] 
   HR: 73 bpm BP: 123 mmHg SpO2: 97.4% Temp: 36.7°C
 Admission #9 [moderate]  MODERATE [4] 
   HR: 105 bpm BP: 157 mmHg SpO2: 91.3% Temp: 38.7°C
 Admission #8 [critical]  CRITICAL [10]  
   HR: 142 bpm BP: 179 mmHg SpO2: 85.8% Temp: 40.1°C
 Admission #7 [recovering]  STABLE [0] 
   HR: 84 bpm BP: 132 mmHg SpO2: 97% Temp: 36.9°C
 Admission #6 [stable]  STABLE [0] 
   HR: 74 bpm BP: 124 mmHg SpO2: 97.6% Temp: 36.8°C
 Admission #5 [moderate]  MODERATE [3] 
   HR: 115 bpm BP: 139 mmHg SpO2: 90.5% Temp: 38.6°C

  Next update in 5s... (Ctrl+C to stop)

c  Tick #124  |  Interval: 5000ms  |  8:28:45 PM

 📡 Posting Vitals This Tick:
 Admission #39 [stable]  STABLE [0] 
   HR: 74 bpm BP: 126 mmHg SpO2: 97.6% Temp: 37°C
 Admission #38 [moderate]  MODERATE [4] 
   HR: 110 bpm BP: 155 mmHg SpO2: 91.8% Temp: 38.5°C
 Admission #37 [critical]  CRITICAL [10]  
   HR: 152 bpm BP: 190 mmHg SpO2: 85.1% Temp: 39.7°C
 Admission #36 [recovering]  STABLE [0] 
   HR: 86 bpm BP: 124 mmHg SpO2: 96.8% Temp: 37°C
 Admission #10 [stable]  STABLE [0] 
   HR: 70 bpm BP: 122 mmHg SpO2: 98.1% Temp: 36.7°C
 Admission #9 [moderate]  MODERATE [4] 
   HR: 105 bpm BP: 156 mmHg SpO2: 90.6% Temp: 38.3°C
 Admission #8 [critical]  CRITICAL [10]  
   HR: 153 bpm BP: 187 mmHg SpO2: 82.2% Temp: 39.9°C
 Admission #7 [recovering]  STABLE [0] 
   HR: 81 bpm BP: 133 mmHg SpO2: 96.5% Temp: 37°C
 Admission #6 [stable]  STABLE [0] 
   HR: 72 bpm BP: 114 mmHg SpO2: 98.1% Temp: 37°C
 Admission #5 [moderate]  MODERATE [4] 
   HR: 111 bpm BP: 154 mmHg SpO2: 92.5% Temp: 38.3°C

  Next update in 5s... (Ctrl+C to stop)

c  Tick #125  |  Interval: 5000ms  |  8:28:50 PM

 📡 Posting Vitals This Tick:
 Admission #39 [stable]  STABLE [0] 
   HR: 75 bpm BP: 117 mmHg SpO2: 98.5% Temp: 36.9°C
 Admission #38 [moderate]  MODERATE [4] 
   HR: 109 bpm BP: 145 mmHg SpO2: 92.6% Temp: 38.2°C
 Admission #37 [critical]  CRITICAL [10]  
   HR: 158 bpm BP: 180 mmHg SpO2: 85% Temp: 40.1°C
 Admission #36 [recovering]  STABLE [0] 
   HR: 79 bpm BP: 129 mmHg SpO2: 97.3% Temp: 37.2°C
 Admission #10 [stable]  STABLE [0] 
   HR: 76 bpm BP: 124 mmHg SpO2: 98.9% Temp: 37°C
 Admission #9 [moderate]  MODERATE [4] 
   HR: 111 bpm BP: 149 mmHg SpO2: 92.3% Temp: 38.4°C
 Admission #8 [critical]  CRITICAL [10]  
   HR: 157 bpm BP: 186 mmHg SpO2: 85.9% Temp: 40.1°C
 Admission #7 [recovering]  STABLE [0] 
   HR: 81 bpm BP: 128 mmHg SpO2: 96.5% Temp: 37.3°C
 Admission #6 [stable]  STABLE [0] 
   HR: 77 bpm BP: 117 mmHg SpO2: 97.1% Temp: 36.6°C
 Admission #5 [moderate]  MODERATE [4] 
   HR: 111 bpm BP: 153 mmHg SpO2: 90.9% Temp: 38.5°C

  Next update in 5s... (Ctrl+C to stop)

c  Tick #126  |  Interval: 5000ms  |  8:28:55 PM

 📡 Posting Vitals This Tick:
 Admission #39 [moderate]  MODERATE [4] 
   HR: 112 bpm BP: 145 mmHg SpO2: 90.7% Temp: 38.3°C
 Admission #38 [critical]  CRITICAL [10]  
   HR: 146 bpm BP: 194 mmHg SpO2: 85.1% Temp: 40.2°C
 Admission #37 [recovering]  STABLE [0] 
   HR: 82 bpm BP: 128 mmHg SpO2: 97.1% Temp: 37.1°C
 Admission #36 [stable]  STABLE [0] 
   HR: 78 bpm BP: 118 mmHg SpO2: 97.5% Temp: 36.7°C
 Admission #10 [moderate]  MODERATE [3] 
   HR: 114 bpm BP: 138 mmHg SpO2: 93% Temp: 38.6°C
 Admission #9 [critical]  CRITICAL [10]  
   HR: 139 bpm BP: 183 mmHg SpO2: 84.4% Temp: 39.9°C
 Admission #8 [recovering]  STABLE [0] 
   HR: 82 bpm BP: 124 mmHg SpO2: 97% Temp: 37°C
 Admission #7 [stable]  STABLE [0] 
   HR: 77 bpm BP: 118 mmHg SpO2: 98.6% Temp: 36.8°C
 Admission #6 [moderate]  MODERATE [3] 
   HR: 110 bpm BP: 139 mmHg SpO2: 91.2% Temp: 38.4°C
 Admission #5 [critical]  CRITICAL [10]  
   HR: 147 bpm BP: 179 mmHg SpO2: 84.8% Temp: 39.8°C

  Next update in 5s... (Ctrl+C to stop)

c  Tick #127  |  Interval: 5000ms  |  8:29:00 PM

 📡 Posting Vitals This Tick:
 Admission #39 [moderate]  MODERATE [4] 
   HR: 105 bpm BP: 143 mmHg SpO2: 93.4% Temp: 38.1°C
 Admission #38 [critical]  CRITICAL [9]  
   HR: 149 bpm BP: 180 mmHg SpO2: 85.2% Temp: 39.7°C
 Admission #37 [recovering]  STABLE [0] 
   HR: 78 bpm BP: 125 mmHg SpO2: 96.9% Temp: 37°C
 Admission #36 [stable]  STABLE [0] 
   HR: 78 bpm BP: 119 mmHg SpO2: 97.8% Temp: 36.6°C
 Admission #10 [moderate]  MODERATE [4] 
   HR: 112 bpm BP: 145 mmHg SpO2: 92.3% Temp: 38.2°C
 Admission #9 [critical]  CRITICAL [10]  
   HR: 154 bpm BP: 193 mmHg SpO2: 84.3% Temp: 39.8°C
 Admission #8 [recovering]  STABLE [0] 
   HR: 82 bpm BP: 131 mmHg SpO2: 96.9% Temp: 37.2°C
 Admission #7 [stable]  STABLE [0] 
   HR: 79 bpm BP: 125 mmHg SpO2: 97.8% Temp: 36.8°C
 Admission #6 [moderate]  MODERATE [4] 
   HR: 106 bpm BP: 147 mmHg SpO2: 93.1% Temp: 38.3°C
 Admission #5 [critical]  CRITICAL [10]  
   HR: 143 bpm BP: 186 mmHg SpO2: 82.7% Temp: 40.1°C

  Next update in 5s... (Ctrl+C to stop)

c  Tick #128  |  Interval: 5000ms  |  8:29:05 PM

 📡 Posting Vitals This Tick:
 Admission #39 [moderate]  MODERATE [4] 
   HR: 114 bpm BP: 141 mmHg SpO2: 91.8% Temp: 38.4°C
 Admission #38 [critical]  CRITICAL [10]  
   HR: 146 bpm BP: 185 mmHg SpO2: 82% Temp: 40.2°C
 Admission #37 [recovering]  STABLE [0] 
   HR: 80 bpm BP: 122 mmHg SpO2: 96.9% Temp: 37.2°C
 Admission #36 [stable]  STABLE [0] 
   HR: 78 bpm BP: 118 mmHg SpO2: 98.3% Temp: 36.8°C
 Admission #10 [moderate]  MODERATE [4] 
   HR: 111 bpm BP: 146 mmHg SpO2: 93.1% Temp: 38.3°C
 Admission #9 [critical]  CRITICAL [10]  
   HR: 157 bpm BP: 188 mmHg SpO2: 84.8% Temp: 39.7°C
 Admission #8 [recovering]  STABLE [0] 
   HR: 78 bpm BP: 126 mmHg SpO2: 97.4% Temp: 36.9°C
 Admission #7 [stable]  STABLE [0] 
   HR: 73 bpm BP: 127 mmHg SpO2: 98.6% Temp: 36.8°C
c  Tick #129  |  Interval: 5000ms  |  8:29:10 PM

 Admission #6 [moderate]  MODERATE [3] 
   HR: 113 bpm BP: 140 mmHg SpO2: 93.4% Temp: 38.3°C
 📡 Posting Vitals This Tick:
 Admission #5 [critical]  CRITICAL [10]  
   HR: 146 bpm BP: 187 mmHg SpO2: 82.3% Temp: 40.1°C

  Next update in 5s... (Ctrl+C to stop)

 Admission #39 [moderate]  MODERATE [4] 
   HR: 113 bpm BP: 143 mmHg SpO2: 92.3% Temp: 38.5°C
 Admission #38 [critical]  CRITICAL [10]  
   HR: 138 bpm BP: 192 mmHg SpO2: 82.6% Temp: 40.2°C
 Admission #37 [recovering]  STABLE [0] 
   HR: 81 bpm BP: 127 mmHg SpO2: 97.4% Temp: 37°C
 Admission #36 [stable]  STABLE [0] 
   HR: 72 bpm BP: 126 mmHg SpO2: 98.4% Temp: 36.9°C
 Admission #10 [moderate]  MODERATE [4] 
   HR: 114 bpm BP: 157 mmHg SpO2: 92.9% Temp: 38.3°C
 Admission #9 [critical]  CRITICAL [10]  
   HR: 139 bpm BP: 188 mmHg SpO2: 83.3% Temp: 40.2°C
 Admission #8 [recovering]  STABLE [0] 
   HR: 82 bpm BP: 123 mmHg SpO2: 97.3% Temp: 37°C
 Admission #7 [stable]  STABLE [0] 
   HR: 76 bpm BP: 114 mmHg SpO2: 98.4% Temp: 36.7°C
 Admission #6 [moderate]  MODERATE [4] 
   HR: 115 bpm BP: 141 mmHg SpO2: 92.4% Temp: 38.5°C
 Admission #5 [critical]  CRITICAL [10]  
   HR: 149 bpm BP: 185 mmHg SpO2: 82.9% Temp: 39.7°C

  Next update in 5s... (Ctrl+C to stop)

c  Tick #130  |  Interval: 5000ms  |  8:29:15 PM

 📡 Posting Vitals This Tick:
 Admission #39 [moderate]  MODERATE [4] 
   HR: 106 bpm BP: 150 mmHg SpO2: 93.2% Temp: 38.1°C
 Admission #38 [critical]  CRITICAL [10]  
   HR: 145 bpm BP: 188 mmHg SpO2: 83.5% Temp: 39.7°C
 Admission #37 [recovering]  STABLE [0] 
   HR: 80 bpm BP: 123 mmHg SpO2: 96.9% Temp: 37.3°C
 Admission #36 [stable]  STABLE [0] 
   HR: 77 bpm BP: 122 mmHg SpO2: 97.7% Temp: 36.6°C
 Admission #10 [moderate]  MODERATE [4] 
   HR: 104 bpm BP: 148 mmHg SpO2: 90.6% Temp: 38.1°C
 Admission #9 [critical]  CRITICAL [9]  
   HR: 148 bpm BP: 179 mmHg SpO2: 85.3% Temp: 39.8°C
 Admission #8 [recovering]  STABLE [0] 
   HR: 85 bpm BP: 124 mmHg SpO2: 97.5% Temp: 36.9°C
 Admission #7 [stable]  STABLE [0] 
   HR: 79 bpm BP: 127 mmHg SpO2: 97.5% Temp: 36.8°C
 Admission #6 [moderate]  MODERATE [4] 
   HR: 107 bpm BP: 145 mmHg SpO2: 92.6% Temp: 38.2°C
 Admission #5 [critical]  CRITICAL [10]  
   HR: 141 bpm BP: 181 mmHg SpO2: 83.3% Temp: 40°C

  Next update in 5s... (Ctrl+C to stop)

c  Tick #131  |  Interval: 5000ms  |  8:29:20 PM

 📡 Posting Vitals This Tick:
 Admission #39 [critical]  CRITICAL [10]  
   HR: 140 bpm BP: 192 mmHg SpO2: 83.5% Temp: 40.1°C
 Admission #38 [recovering]  STABLE [0] 
   HR: 83 bpm BP: 131 mmHg SpO2: 96.6% Temp: 37.1°C
 Admission #37 [stable]  STABLE [0] 
   HR: 76 bpm BP: 128 mmHg SpO2: 97.6% Temp: 36.7°C
 Admission #36 [moderate]  MODERATE [3] 
   HR: 106 bpm BP: 140 mmHg SpO2: 90.9% Temp: 38.7°C
 Admission #10 [critical]  CRITICAL [9]  
   HR: 157 bpm BP: 180 mmHg SpO2: 85.3% Temp: 39.6°C
 Admission #9 [recovering]  STABLE [0] 
   HR: 83 bpm BP: 132 mmHg SpO2: 97.3% Temp: 37°C
 Admission #8 [stable]  STABLE [0] 
   HR: 78 bpm BP: 126 mmHg SpO2: 97.5% Temp: 36.7°C
 Admission #7 [moderate]  MODERATE [4] 
   HR: 103 bpm BP: 152 mmHg SpO2: 92.6% Temp: 38.1°C
 Admission #6 [critical]  CRITICAL [10]  
   HR: 150 bpm BP: 192 mmHg SpO2: 85.6% Temp: 39.8°C
 Admission #5 [recovering]  STABLE [0] 
   HR: 79 bpm BP: 128 mmHg SpO2: 96.7% Temp: 37.2°C

  Next update in 5s... (Ctrl+C to stop)

c  Tick #132  |  Interval: 5000ms  |  8:29:25 PM

 📡 Posting Vitals This Tick:
 Admission #39 [critical]  CRITICAL [9]  
   HR: 138 bpm BP: 186 mmHg SpO2: 85% Temp: 39.8°C
 Admission #38 [recovering]  STABLE [0] 
   HR: 84 bpm BP: 133 mmHg SpO2: 96.9% Temp: 37.1°C
 Admission #37 [stable]  STABLE [0] 
   HR: 71 bpm BP: 128 mmHg SpO2: 97.5% Temp: 36.9°C
 Admission #36 [moderate]  MODERATE [4] 
   HR: 115 bpm BP: 145 mmHg SpO2: 91.4% Temp: 38.5°C
 Admission #10 [critical]  CRITICAL [10]  
   HR: 147 bpm BP: 193 mmHg SpO2: 83.6% Temp: 40°C
 Admission #9 [recovering]  STABLE [0] 
   HR: 82 bpm BP: 131 mmHg SpO2: 97.3% Temp: 37.1°C
 Admission #8 [stable]  STABLE [0] 
   HR: 72 bpm BP: 119 mmHg SpO2: 98.9% Temp: 36.8°C
 Admission #7 [moderate]  MODERATE [3] 
   HR: 107 bpm BP: 139 mmHg SpO2: 91.3% Temp: 38.4°C
 Admission #6 [critical]  CRITICAL [10]  
   HR: 155 bpm BP: 186 mmHg SpO2: 82.8% Temp: 39.9°C
 Admission #5 [recovering]  STABLE [0] 
   HR: 81 bpm BP: 129 mmHg SpO2: 97.4% Temp: 37.1°C

  Next update in 5s... (Ctrl+C to stop)

c  Tick #133  |  Interval: 5000ms  |  8:29:30 PM

 📡 Posting Vitals This Tick:
 Admission #39 [critical]  CRITICAL [10]  
   HR: 157 bpm BP: 185 mmHg SpO2: 85.9% Temp: 40.1°C
 Admission #38 [recovering]  STABLE [0] 
   HR: 80 bpm BP: 128 mmHg SpO2: 96.7% Temp: 37.1°C
 Admission #37 [stable]  STABLE [0] 
   HR: 77 bpm BP: 113 mmHg SpO2: 97.9% Temp: 36.6°C
 Admission #36 [moderate]  MODERATE [4] 
   HR: 115 bpm BP: 143 mmHg SpO2: 91.2% Temp: 38.2°C
 Admission #10 [critical]  CRITICAL [10]  
   HR: 158 bpm BP: 183 mmHg SpO2: 85.3% Temp: 40.1°C
 Admission #9 [recovering]  STABLE [0] 
   HR: 85 bpm BP: 123 mmHg SpO2: 97% Temp: 37.2°C
 Admission #8 [stable]  STABLE [0] 
   HR: 74 bpm BP: 127 mmHg SpO2: 98.7% Temp: 36.7°C
 Admission #7 [moderate]  MODERATE [4] 
   HR: 110 bpm BP: 155 mmHg SpO2: 92.8% Temp: 38.6°C
 Admission #6 [critical]  CRITICAL [10]  
   HR: 138 bpm BP: 188 mmHg SpO2: 85% Temp: 40.1°C
 Admission #5 [recovering]  STABLE [0] 
   HR: 81 bpm BP: 123 mmHg SpO2: 97.1% Temp: 37.2°C

  Next update in 5s... (Ctrl+C to stop)

c  Tick #134  |  Interval: 5000ms  |  8:29:35 PM

 📡 Posting Vitals This Tick:
 Admission #39 [critical]  CRITICAL [10]  
   HR: 147 bpm BP: 194 mmHg SpO2: 85.8% Temp: 40.1°C
 Admission #38 [recovering]  STABLE [0] 
   HR: 82 bpm BP: 125 mmHg SpO2: 97.1% Temp: 37.1°C
 Admission #37 [stable]  STABLE [0] 
   HR: 75 bpm BP: 120 mmHg SpO2: 98.4% Temp: 37°C
 Admission #36 [moderate]  MODERATE [3] 
   HR: 103 bpm BP: 138 mmHg SpO2: 92.7% Temp: 38.5°C
 Admission #10 [critical]  CRITICAL [10]  
   HR: 148 bpm BP: 181 mmHg SpO2: 83.2% Temp: 39.8°C
 Admission #9 [recovering]  STABLE [0] 
   HR: 82 bpm BP: 123 mmHg SpO2: 97.3% Temp: 36.9°C
 Admission #8 [stable]  STABLE [0] 
   HR: 79 bpm BP: 114 mmHg SpO2: 97.2% Temp: 36.8°C
 Admission #7 [moderate]  MODERATE [4] 
   HR: 104 bpm BP: 142 mmHg SpO2: 90.6% Temp: 38.2°C
 Admission #6 [critical]  CRITICAL [10]  
   HR: 153 bpm BP: 185 mmHg SpO2: 84% Temp: 39.7°C
 Admission #5 [recovering]  STABLE [0] 
   HR: 79 bpm BP: 131 mmHg SpO2: 96.8% Temp: 37.2°C

  Next update in 5s... (Ctrl+C to stop)

c  Tick #135  |  Interval: 5000ms  |  8:29:40 PM

 📡 Posting Vitals This Tick:
 Admission #39 [critical]  CRITICAL [10]  
   HR: 139 bpm BP: 187 mmHg SpO2: 85.5% Temp: 40.2°C
 Admission #38 [recovering]  STABLE [0] 
   HR: 84 bpm BP: 125 mmHg SpO2: 96.9% Temp: 36.9°C
 Admission #37 [stable]  STABLE [0] 
   HR: 79 bpm BP: 112 mmHg SpO2: 97.3% Temp: 36.6°C
 Admission #36 [moderate]  MODERATE [4] 
   HR: 108 bpm BP: 141 mmHg SpO2: 93.3% Temp: 38.6°C
 Admission #10 [critical]  CRITICAL [10]  
   HR: 138 bpm BP: 188 mmHg SpO2: 84.2% Temp: 39.9°C
 Admission #9 [recovering]  STABLE [0] 
   HR: 85 bpm BP: 125 mmHg SpO2: 96.9% Temp: 36.9°C
 Admission #8 [stable]  STABLE [0] 
   HR: 76 bpm BP: 128 mmHg SpO2: 98.7% Temp: 37°C
 Admission #7 [moderate]  MODERATE [4] 
   HR: 113 bpm BP: 158 mmHg SpO2: 90.7% Temp: 38.7°C
 Admission #6 [critical]  CRITICAL [10]  
   HR: 138 bpm BP: 194 mmHg SpO2: 85.4% Temp: 40.1°C
 Admission #5 [recovering]  STABLE [0] 
   HR: 80 bpm BP: 129 mmHg SpO2: 96.9% Temp: 37°C

  Next update in 5s... (Ctrl+C to stop)

c  Tick #136  |  Interval: 5000ms  |  8:29:45 PM

 📡 Posting Vitals This Tick:
 Admission #39 [recovering]  STABLE [0] 
   HR: 82 bpm BP: 125 mmHg SpO2: 96.8% Temp: 36.9°C
 Admission #38 [stable]  STABLE [0] 
   HR: 75 bpm BP: 121 mmHg SpO2: 98.7% Temp: 36.8°C
 Admission #37 [moderate]  MODERATE [4] 
   HR: 102 bpm BP: 155 mmHg SpO2: 93.2% Temp: 38.7°C
 Admission #36 [critical]  CRITICAL [10]  
   HR: 139 bpm BP: 181 mmHg SpO2: 83.5% Temp: 40.1°C
 Admission #10 [recovering]  STABLE [0] 
   HR: 83 bpm BP: 127 mmHg SpO2: 96.7% Temp: 37.2°C
 Admission #9 [stable]  STABLE [0] 
   HR: 73 bpm BP: 119 mmHg SpO2: 98.8% Temp: 36.7°C
 Admission #8 [moderate]  MODERATE [4] 
   HR: 115 bpm BP: 148 mmHg SpO2: 93.5% Temp: 38.6°C
 Admission #7 [critical]  CRITICAL [10]  
   HR: 147 bpm BP: 186 mmHg SpO2: 82.6% Temp: 40°C
 Admission #6 [recovering]  STABLE [0] 
   HR: 83 bpm BP: 130 mmHg SpO2: 96.6% Temp: 37.2°C
 Admission #5 [stable]  STABLE [0] 
   HR: 77 bpm BP: 114 mmHg SpO2: 97.9% Temp: 36.9°C

  Next update in 5s... (Ctrl+C to stop)

c  Tick #137  |  Interval: 5000ms  |  8:29:50 PM

 📡 Posting Vitals This Tick:
 Admission #39 [recovering]  STABLE [0] 
   HR: 82 bpm BP: 131 mmHg SpO2: 96.7% Temp: 37°C
 Admission #38 [stable]  STABLE [0] 
   HR: 73 bpm BP: 126 mmHg SpO2: 98.4% Temp: 36.8°C
 Admission #37 [moderate]  MODERATE [4] 
   HR: 108 bpm BP: 144 mmHg SpO2: 92.5% Temp: 38.2°C
 Admission #36 [critical]  CRITICAL [9]  
   HR: 139 bpm BP: 187 mmHg SpO2: 85.1% Temp: 39.9°C
 Admission #10 [recovering]  STABLE [0] 
   HR: 79 bpm BP: 124 mmHg SpO2: 97.2% Temp: 36.9°C
 Admission #9 [stable]  STABLE [0] 
   HR: 76 bpm BP: 118 mmHg SpO2: 98.7% Temp: 37°C
 Admission #8 [moderate]  MODERATE [3] 
   HR: 100 bpm BP: 153 mmHg SpO2: 91.6% Temp: 38.1°C
 Admission #7 [critical]  CRITICAL [10]  
   HR: 141 bpm BP: 183 mmHg SpO2: 82.1% Temp: 40°C
 Admission #6 [recovering]  STABLE [0] 
   HR: 83 bpm BP: 123 mmHg SpO2: 97% Temp: 37.2°C
 Admission #5 [stable]  STABLE [0] 
   HR: 72 bpm BP: 124 mmHg SpO2: 98.3% Temp: 36.7°C

  Next update in 5s... (Ctrl+C to stop)

c  Tick #138  |  Interval: 5000ms  |  8:29:55 PM

 📡 Posting Vitals This Tick:
 Admission #39 [recovering]  STABLE [0] 
   HR: 81 bpm BP: 132 mmHg SpO2: 97% Temp: 37.1°C
 Admission #38 [stable]  STABLE [0] 
   HR: 75 bpm BP: 120 mmHg SpO2: 98.9% Temp: 36.8°C
 Admission #37 [moderate]  MODERATE [4] 
   HR: 105 bpm BP: 155 mmHg SpO2: 91.4% Temp: 38.1°C
 Admission #36 [critical]  CRITICAL [10]  
   HR: 141 bpm BP: 178 mmHg SpO2: 84.4% Temp: 39.9°C
 Admission #10 [recovering]  STABLE [0] 
   HR: 82 bpm BP: 133 mmHg SpO2: 97.1% Temp: 36.9°C
 Admission #9 [stable]  STABLE [0] 
   HR: 70 bpm BP: 125 mmHg SpO2: 97.9% Temp: 37°C
 Admission #8 [moderate]  MODERATE [4] 
   HR: 106 bpm BP: 142 mmHg SpO2: 93% Temp: 38.1°C
 Admission #7 [critical]  CRITICAL [10]  
   HR: 152 bpm BP: 192 mmHg SpO2: 82.8% Temp: 39.9°C
 Admission #6 [recovering]  STABLE [0] 
   HR: 82 bpm BP: 127 mmHg SpO2: 97.2% Temp: 37.3°C
 Admission #5 [stable]  STABLE [0] 
   HR: 71 bpm BP: 126 mmHg SpO2: 99% Temp: 36.7°C

  Next update in 5s... (Ctrl+C to stop)

c  Tick #139  |  Interval: 5000ms  |  8:30:00 PM

 📡 Posting Vitals This Tick:
 Admission #39 [recovering]  STABLE [0] 
   HR: 80 bpm BP: 133 mmHg SpO2: 97.3% Temp: 36.9°C
 Admission #38 [stable]  STABLE [0] 
   HR: 75 bpm BP: 119 mmHg SpO2: 97.7% Temp: 36.6°C
 Admission #37 [moderate]  MODERATE [3] 
   HR: 100 bpm BP: 152 mmHg SpO2: 91.3% Temp: 38.4°C
 Admission #36 [critical]  CRITICAL [10]  
   HR: 156 bpm BP: 184 mmHg SpO2: 84.6% Temp: 40.2°C
 Admission #10 [recovering]  STABLE [0] 
   HR: 83 bpm BP: 123 mmHg SpO2: 96.5% Temp: 37°C
 Admission #9 [stable]  STABLE [0] 
   HR: 73 bpm BP: 123 mmHg SpO2: 98.1% Temp: 37°C
 Admission #8 [moderate]  MODERATE [4] 
   HR: 101 bpm BP: 156 mmHg SpO2: 91% Temp: 38.3°C
 Admission #7 [critical]  CRITICAL [10]  
   HR: 153 bpm BP: 192 mmHg SpO2: 82.4% Temp: 39.8°C
 Admission #6 [recovering]  STABLE [0] 
   HR: 82 bpm BP: 123 mmHg SpO2: 96.9% Temp: 37.2°C
 Admission #5 [stable]  STABLE [0] 
   HR: 75 bpm BP: 118 mmHg SpO2: 97.4% Temp: 36.9°C

  Next update in 5s... (Ctrl+C to stop)

c  Tick #140  |  Interval: 5000ms  |  8:30:05 PM

 📡 Posting Vitals This Tick:
 Admission #39 [recovering]  STABLE [0] 
   HR: 80 bpm BP: 123 mmHg SpO2: 97.5% Temp: 37.1°C
 Admission #38 [stable]  STABLE [0] 
   HR: 73 bpm BP: 121 mmHg SpO2: 98.2% Temp: 36.7°C
 Admission #37 [moderate]  MODERATE [4] 
   HR: 113 bpm BP: 149 mmHg SpO2: 91.6% Temp: 38.6°C
 Admission #36 [critical]  CRITICAL [10]  
   HR: 143 bpm BP: 189 mmHg SpO2: 83.5% Temp: 39.8°C
 Admission #10 [recovering]  STABLE [0] 
   HR: 78 bpm BP: 133 mmHg SpO2: 97.4% Temp: 37°C
 Admission #9 [stable]  STABLE [0] 
   HR: 70 bpm BP: 115 mmHg SpO2: 97.1% Temp: 36.7°C
 Admission #8 [moderate]  MODERATE [4] 
   HR: 109 bpm BP: 152 mmHg SpO2: 92.2% Temp: 38.2°C
 Admission #7 [critical]  CRITICAL [10]  
   HR: 149 bpm BP: 191 mmHg SpO2: 84.9% Temp: 39.7°C
 Admission #6 [recovering]  STABLE [0] 
   HR: 83 bpm BP: 127 mmHg SpO2: 97.1% Temp: 37.1°C
 Admission #5 [stable]  STABLE [0] 
   HR: 74 bpm BP: 116 mmHg SpO2: 97.3% Temp: 36.9°C

  Next update in 5s... (Ctrl+C to stop)

c  Tick #141  |  Interval: 5000ms  |  8:30:10 PM

 📡 Posting Vitals This Tick:
 Admission #39 [stable]  STABLE [0] 
   HR: 73 bpm BP: 114 mmHg SpO2: 97.4% Temp: 36.8°C
 Admission #38 [moderate]  MODERATE [4] 
   HR: 106 bpm BP: 151 mmHg SpO2: 92.3% Temp: 38.6°C
 Admission #37 [critical]  CRITICAL [10]  
   HR: 154 bpm BP: 189 mmHg SpO2: 84.5% Temp: 39.9°C
 Admission #36 [recovering]  STABLE [0] 
   HR: 80 bpm BP: 124 mmHg SpO2: 97% Temp: 37.1°C
 Admission #10 [stable]  STABLE [0] 
   HR: 80 bpm BP: 117 mmHg SpO2: 97.7% Temp: 36.8°C
 Admission #9 [moderate]  MODERATE [4] 
   HR: 103 bpm BP: 151 mmHg SpO2: 91% Temp: 38.4°C
 Admission #8 [critical]  CRITICAL [9]  
   HR: 138 bpm BP: 183 mmHg SpO2: 85.9% Temp: 39.7°C
 Admission #7 [recovering]  STABLE [0] 
   HR: 79 bpm BP: 134 mmHg SpO2: 97.2% Temp: 37°C
 Admission #6 [stable]  STABLE [0] 
   HR: 71 bpm BP: 114 mmHg SpO2: 97.3% Temp: 36.8°C
 Admission #5 [moderate]  MODERATE [4] 
   HR: 107 bpm BP: 145 mmHg SpO2: 92.3% Temp: 38.6°C

  Next update in 5s... (Ctrl+C to stop)

c  Tick #142  |  Interval: 5000ms  |  8:30:15 PM

 📡 Posting Vitals This Tick:
 Admission #39 [stable]  STABLE [0] 
   HR: 78 bpm BP: 119 mmHg SpO2: 97.5% Temp: 36.7°C
 Admission #38 [moderate]  MODERATE [3] 
   HR: 112 bpm BP: 140 mmHg SpO2: 91.7% Temp: 38.6°C
 Admission #37 [critical]  CRITICAL [10]  
   HR: 144 bpm BP: 189 mmHg SpO2: 83.7% Temp: 39.7°C
 Admission #36 [recovering]  STABLE [0] 
   HR: 81 bpm BP: 124 mmHg SpO2: 96.6% Temp: 36.9°C
 Admission #10 [stable]  STABLE [0] 
   HR: 70 bpm BP: 117 mmHg SpO2: 98% Temp: 36.7°C
 Admission #9 [moderate]  MODERATE [4] 
   HR: 102 bpm BP: 142 mmHg SpO2: 92.5% Temp: 38.6°C
 Admission #8 [critical]  CRITICAL [10]  
   HR: 143 bpm BP: 183 mmHg SpO2: 83.4% Temp: 39.6°C
 Admission #7 [recovering]  STABLE [0] 
   HR: 85 bpm BP: 128 mmHg SpO2: 96.7% Temp: 37.2°C
 Admission #6 [stable]  STABLE [0] 
   HR: 71 bpm BP: 123 mmHg SpO2: 98.3% Temp: 36.9°C
 Admission #5 [moderate]  MODERATE [4] 
   HR: 112 bpm BP: 144 mmHg SpO2: 92.1% Temp: 38.2°C

  Next update in 5s... (Ctrl+C to stop)

c  Tick #143  |  Interval: 5000ms  |  8:30:20 PM

 📡 Posting Vitals This Tick:
 Admission #39 [stable]  STABLE [0] 
   HR: 74 bpm BP: 116 mmHg SpO2: 97.9% Temp: 36.6°C
 Admission #38 [moderate]  MODERATE [4] 
   HR: 109 bpm BP: 148 mmHg SpO2: 90.9% Temp: 38.5°C
 Admission #37 [critical]  CRITICAL [10]  
   HR: 155 bpm BP: 192 mmHg SpO2: 84.3% Temp: 39.9°C
 Admission #36 [recovering]  STABLE [0] 
   HR: 82 bpm BP: 131 mmHg SpO2: 97.1% Temp: 37.1°C
 Admission #10 [stable]  STABLE [0] 
   HR: 78 bpm BP: 114 mmHg SpO2: 97.8% Temp: 36.9°C
 Admission #9 [moderate]  MODERATE [4] 
   HR: 102 bpm BP: 151 mmHg SpO2: 93.3% Temp: 38.2°C
 Admission #8 [critical]  CRITICAL [10]  
   HR: 156 bpm BP: 190 mmHg SpO2: 82.1% Temp: 40.1°C
 Admission #7 [recovering]  STABLE [0] 
   HR: 84 bpm BP: 133 mmHg SpO2: 96.7% Temp: 37.3°C
 Admission #6 [stable]  STABLE [0] 
   HR: 72 bpm BP: 115 mmHg SpO2: 98.1% Temp: 36.9°C
 Admission #5 [moderate]  MODERATE [4] 
   HR: 106 bpm BP: 149 mmHg SpO2: 91% Temp: 38.5°C

  Next update in 5s... (Ctrl+C to stop)

c  Tick #144  |  Interval: 5000ms  |  8:30:25 PM

 📡 Posting Vitals This Tick:
 Admission #39 [stable]  STABLE [0] 
   HR: 77 bpm BP: 118 mmHg SpO2: 98.3% Temp: 36.9°C
 Admission #38 [moderate]  MODERATE [4] 
   HR: 101 bpm BP: 149 mmHg SpO2: 91.1% Temp: 38.4°C
 Admission #37 [critical]  CRITICAL [10]  
   HR: 153 bpm BP: 185 mmHg SpO2: 85.9% Temp: 39.6°C
 Admission #36 [recovering]  STABLE [0] 
   HR: 84 bpm BP: 133 mmHg SpO2: 97.4% Temp: 37.2°C
 Admission #10 [stable]  STABLE [0] 
   HR: 76 bpm BP: 113 mmHg SpO2: 98.7% Temp: 36.7°C
 Admission #9 [moderate]  MODERATE [4] 
   HR: 109 bpm BP: 154 mmHg SpO2: 91.2% Temp: 38.7°C
 Admission #8 [critical]  CRITICAL [10]  
   HR: 152 bpm BP: 190 mmHg SpO2: 83.2% Temp: 40.1°C
 Admission #7 [recovering]  STABLE [0] 
   HR: 85 bpm BP: 124 mmHg SpO2: 96.9% Temp: 37.1°C
 Admission #6 [stable]  STABLE [0] 
   HR: 78 bpm BP: 117 mmHg SpO2: 98.2% Temp: 36.7°C
 Admission #5 [moderate]  MODERATE [4] 
   HR: 101 bpm BP: 158 mmHg SpO2: 92.5% Temp: 38.5°C

  Next update in 5s... (Ctrl+C to stop)

c  Tick #145  |  Interval: 5000ms  |  8:30:30 PM

 📡 Posting Vitals This Tick:
 Admission #39 [stable]  STABLE [0] 
   HR: 72 bpm BP: 120 mmHg SpO2: 97.5% Temp: 36.9°C
 Admission #38 [moderate]  MODERATE [4] 
   HR: 102 bpm BP: 151 mmHg SpO2: 91.2% Temp: 38.7°C
 Admission #37 [critical]  CRITICAL [10]  
   HR: 146 bpm BP: 190 mmHg SpO2: 82.8% Temp: 39.9°C
 Admission #36 [recovering]  STABLE [0] 
   HR: 80 bpm BP: 130 mmHg SpO2: 96.7% Temp: 37.3°C
 Admission #10 [stable]  STABLE [0] 
   HR: 78 bpm BP: 122 mmHg SpO2: 98% Temp: 36.7°C
 Admission #9 [moderate]  MODERATE [4] 
   HR: 101 bpm BP: 153 mmHg SpO2: 91.2% Temp: 38.5°C
 Admission #8 [critical]  CRITICAL [10]  
   HR: 157 bpm BP: 184 mmHg SpO2: 83.5% Temp: 40.1°C
 Admission #7 [recovering]  STABLE [0] 
   HR: 81 bpm BP: 134 mmHg SpO2: 97.2% Temp: 36.9°C
 Admission #6 [stable]  STABLE [0] 
   HR: 76 bpm BP: 122 mmHg SpO2: 97.5% Temp: 36.8°C
 Admission #5 [moderate]  MODERATE [4] 
   HR: 109 bpm BP: 156 mmHg SpO2: 93.5% Temp: 38.3°C

  Next update in 5s... (Ctrl+C to stop)

c  Tick #146  |  Interval: 5000ms  |  8:30:35 PM

 📡 Posting Vitals This Tick:
 Admission #39 [moderate]  MODERATE [4] 
   HR: 109 bpm BP: 149 mmHg SpO2: 91.1% Temp: 38.4°C
 Admission #38 [critical]  CRITICAL [10]  
   HR: 153 bpm BP: 188 mmHg SpO2: 82.6% Temp: 40.2°C
 Admission #37 [recovering]  STABLE [0] 
   HR: 86 bpm BP: 125 mmHg SpO2: 97.1% Temp: 37.3°C
 Admission #36 [stable]  STABLE [0] 
   HR: 72 bpm BP: 126 mmHg SpO2: 97.6% Temp: 36.9°C
 Admission #10 [moderate]  MODERATE [4] 
   HR: 113 bpm BP: 147 mmHg SpO2: 90.7% Temp: 38.7°C
 Admission #9 [critical]  CRITICAL [10]  
   HR: 153 bpm BP: 184 mmHg SpO2: 84.8% Temp: 39.9°C
 Admission #8 [recovering]  STABLE [0] 
   HR: 78 bpm BP: 130 mmHg SpO2: 96.6% Temp: 37°C
 Admission #7 [stable]  STABLE [0] 
   HR: 80 bpm BP: 116 mmHg SpO2: 98.5% Temp: 36.6°C
 Admission #6 [moderate]  MODERATE [4] 
   HR: 109 bpm BP: 154 mmHg SpO2: 93.1% Temp: 38.6°C
 Admission #5 [critical]  CRITICAL [10]  
   HR: 155 bpm BP: 189 mmHg SpO2: 85.5% Temp: 39.7°C

  Next update in 5s... (Ctrl+C to stop)

c  Tick #147  |  Interval: 5000ms  |  8:30:40 PM

 📡 Posting Vitals This Tick:
 Admission #39 [moderate]  MODERATE [4] 
   HR: 101 bpm BP: 144 mmHg SpO2: 91.9% Temp: 38.4°C
 Admission #38 [critical]  CRITICAL [10]  
   HR: 141 bpm BP: 190 mmHg SpO2: 82.2% Temp: 40.1°C
 Admission #37 [recovering]  STABLE [0] 
   HR: 86 bpm BP: 130 mmHg SpO2: 96.9% Temp: 36.9°C
 Admission #36 [stable]  STABLE [0] 
   HR: 73 bpm BP: 115 mmHg SpO2: 97.1% Temp: 36.7°C
 Admission #10 [moderate]  MODERATE [3] 
   HR: 100 bpm BP: 153 mmHg SpO2: 92.5% Temp: 38.1°C
 Admission #9 [critical]  CRITICAL [10]  
   HR: 141 bpm BP: 180 mmHg SpO2: 84.2% Temp: 40.1°C
 Admission #8 [recovering]  STABLE [0] 
   HR: 83 bpm BP: 126 mmHg SpO2: 97.1% Temp: 37.1°C
 Admission #7 [stable]  STABLE [0] 
   HR: 74 bpm BP: 126 mmHg SpO2: 97.4% Temp: 37°C
 Admission #6 [moderate]  MODERATE [4] 
   HR: 115 bpm BP: 148 mmHg SpO2: 92.6% Temp: 38.3°C
 Admission #5 [critical]  CRITICAL [10]  
   HR: 154 bpm BP: 186 mmHg SpO2: 84.7% Temp: 40.1°C

  Next update in 5s... (Ctrl+C to stop)

c  Tick #148  |  Interval: 5000ms  |  8:30:45 PM

 📡 Posting Vitals This Tick:
 Admission #39 [moderate]  MODERATE [3] 
   HR: 115 bpm BP: 140 mmHg SpO2: 90.8% Temp: 38.6°C
 Admission #38 [critical]  CRITICAL [10]  
   HR: 141 bpm BP: 188 mmHg SpO2: 82.7% Temp: 40°C
 Admission #37 [recovering]  STABLE [0] 
   HR: 81 bpm BP: 124 mmHg SpO2: 96.5% Temp: 37°C
 Admission #36 [stable]  STABLE [0] 
   HR: 79 bpm BP: 123 mmHg SpO2: 98.9% Temp: 36.8°C
 Admission #10 [moderate]  MODERATE [4] 
   HR: 113 bpm BP: 144 mmHg SpO2: 92.1% Temp: 38.7°C
 Admission #9 [critical]  CRITICAL [10]  
   HR: 157 bpm BP: 183 mmHg SpO2: 84.9% Temp: 39.7°C
 Admission #8 [recovering]  STABLE [0] 
   HR: 84 bpm BP: 129 mmHg SpO2: 96.9% Temp: 37°C
 Admission #7 [stable]  STABLE [0] 
   HR: 77 bpm BP: 124 mmHg SpO2: 97.2% Temp: 36.8°C
 Admission #6 [moderate]  MODERATE [4] 
   HR: 108 bpm BP: 158 mmHg SpO2: 93.4% Temp: 38.2°C
 Admission #5 [critical]  CRITICAL [10]  
   HR: 146 bpm BP: 191 mmHg SpO2: 82.4% Temp: 40°C

  Next update in 5s... (Ctrl+C to stop)

c  Tick #149  |  Interval: 5000ms  |  8:30:50 PM

 📡 Posting Vitals This Tick:
 Admission #39 [moderate]  MODERATE [4] 
   HR: 111 bpm BP: 158 mmHg SpO2: 91.9% Temp: 38.5°C
 Admission #38 [critical]  CRITICAL [10]  
   HR: 157 bpm BP: 189 mmHg SpO2: 83.4% Temp: 39.7°C
 Admission #37 [recovering]  STABLE [0] 
   HR: 80 bpm BP: 129 mmHg SpO2: 96.7% Temp: 37.3°C
 Admission #36 [stable]  STABLE [0] 
   HR: 76 bpm BP: 117 mmHg SpO2: 98.4% Temp: 36.8°C
 Admission #10 [moderate]  MODERATE [4] 
   HR: 102 bpm BP: 141 mmHg SpO2: 90.7% Temp: 38.3°C
 Admission #9 [critical]  CRITICAL [9]  
   HR: 140 bpm BP: 190 mmHg SpO2: 85.4% Temp: 39.8°C
 Admission #8 [recovering]  STABLE [0] 
   HR: 79 bpm BP: 124 mmHg SpO2: 97.1% Temp: 37°C
 Admission #7 [stable]  STABLE [0] 
   HR: 72 bpm BP: 127 mmHg SpO2: 97.7% Temp: 36.9°C
 Admission #6 [moderate]  MODERATE [4] 
   HR: 107 bpm BP: 150 mmHg SpO2: 91.5% Temp: 38.4°C
 Admission #5 [critical]  CRITICAL [10]  
   HR: 158 bpm BP: 191 mmHg SpO2: 83.5% Temp: 40.1°C

  Next update in 5s... (Ctrl+C to stop)

c  Tick #150  |  Interval: 5000ms  |  8:30:55 PM

 📡 Posting Vitals This Tick:
 Admission #39 [moderate]  MODERATE [4] 
   HR: 105 bpm BP: 149 mmHg SpO2: 92.4% Temp: 38.5°C
 Admission #38 [critical]  CRITICAL [10]  
   HR: 139 bpm BP: 186 mmHg SpO2: 82.3% Temp: 40.1°C
 Admission #37 [recovering]  STABLE [0] 
   HR: 81 bpm BP: 133 mmHg SpO2: 97.4% Temp: 36.9°C
 Admission #36 [stable]  STABLE [0] 
   HR: 73 bpm BP: 112 mmHg SpO2: 97.8% Temp: 36.8°C
 Admission #10 [moderate]  MODERATE [4] 
   HR: 115 bpm BP: 153 mmHg SpO2: 91.7% Temp: 38.1°C
 Admission #9 [critical]  CRITICAL [10]  
   HR: 153 bpm BP: 185 mmHg SpO2: 85.8% Temp: 40.1°C
 Admission #8 [recovering]  STABLE [0] 
   HR: 81 bpm BP: 130 mmHg SpO2: 97.4% Temp: 37°C
 Admission #7 [stable]  STABLE [0] 
   HR: 74 bpm BP: 116 mmHg SpO2: 98% Temp: 36.8°C
 Admission #6 [moderate]  MODERATE [4] 
   HR: 114 bpm BP: 155 mmHg SpO2: 90.8% Temp: 38.6°C
 Admission #5 [critical]  CRITICAL [10]  
   HR: 140 bpm BP: 185 mmHg SpO2: 82.6% Temp: 39.8°C

  Next update in 5s... (Ctrl+C to stop)

c  Tick #151  |  Interval: 5000ms  |  8:31:00 PM

 📡 Posting Vitals This Tick:
 Admission #39 [critical]  CRITICAL [10]  
   HR: 154 bpm BP: 185 mmHg SpO2: 83.8% Temp: 39.8°C
 Admission #38 [recovering]  STABLE [0] 
   HR: 81 bpm BP: 126 mmHg SpO2: 97.1% Temp: 36.9°C
 Admission #37 [stable]  STABLE [0] 
   HR: 71 bpm BP: 113 mmHg SpO2: 98% Temp: 36.8°C
 Admission #36 [moderate]  MODERATE [4] 
   HR: 111 bpm BP: 155 mmHg SpO2: 92.8% Temp: 38.4°C
 Admission #10 [critical]  CRITICAL [10]  
   HR: 158 bpm BP: 182 mmHg SpO2: 83.8% Temp: 39.7°C
 Admission #9 [recovering]  STABLE [0] 
   HR: 78 bpm BP: 131 mmHg SpO2: 97% Temp: 37.3°C
 Admission #8 [stable]  STABLE [0] 
   HR: 73 bpm BP: 118 mmHg SpO2: 97.3% Temp: 37°C
 Admission #7 [moderate]  MODERATE [3] 
   HR: 100 bpm BP: 154 mmHg SpO2: 90.9% Temp: 38.4°C
 Admission #6 [critical]  CRITICAL [10]  
   HR: 141 bpm BP: 192 mmHg SpO2: 85% Temp: 40.1°C
 Admission #5 [recovering]  STABLE [0] 
   HR: 84 bpm BP: 134 mmHg SpO2: 97.4% Temp: 37.1°C

  Next update in 5s... (Ctrl+C to stop)

c  Tick #152  |  Interval: 5000ms  |  8:31:05 PM

 📡 Posting Vitals This Tick:
 Admission #39 [critical]  CRITICAL [10]  
   HR: 154 bpm BP: 191 mmHg SpO2: 84.5% Temp: 40°C
 Admission #38 [recovering]  STABLE [0] 
   HR: 86 bpm BP: 124 mmHg SpO2: 97.4% Temp: 37°C
 Admission #37 [stable]  STABLE [0] 
   HR: 70 bpm BP: 113 mmHg SpO2: 99% Temp: 36.9°C
 Admission #36 [moderate]  MODERATE [4] 
   HR: 101 bpm BP: 156 mmHg SpO2: 91.9% Temp: 38.4°C
 Admission #10 [critical]  CRITICAL [10]  
   HR: 155 bpm BP: 188 mmHg SpO2: 85.5% Temp: 39.9°C
 Admission #9 [recovering]  STABLE [0] 
   HR: 82 bpm BP: 123 mmHg SpO2: 96.9% Temp: 37.3°C
 Admission #8 [stable]  STABLE [0] 
   HR: 73 bpm BP: 120 mmHg SpO2: 97.9% Temp: 36.8°C
 Admission #7 [moderate]  MODERATE [3] 
   HR: 111 bpm BP: 140 mmHg SpO2: 91.7% Temp: 38.1°C
 Admission #6 [critical]  CRITICAL [10]  
   HR: 156 bpm BP: 185 mmHg SpO2: 83.7% Temp: 39.9°C
 Admission #5 [recovering]  STABLE [0] 
   HR: 84 bpm BP: 127 mmHg SpO2: 96.8% Temp: 37.2°C

  Next update in 5s... (Ctrl+C to stop)

c  Tick #153  |  Interval: 5000ms  |  8:31:10 PM

 📡 Posting Vitals This Tick:
 Admission #39 [critical]  CRITICAL [9]  
   HR: 144 bpm BP: 180 mmHg SpO2: 85.4% Temp: 40°C
 Admission #38 [recovering]  STABLE [0] 
   HR: 81 bpm BP: 123 mmHg SpO2: 96.9% Temp: 37.2°C
 Admission #37 [stable]  STABLE [0] 
   HR: 75 bpm BP: 127 mmHg SpO2: 97.8% Temp: 36.9°C
 Admission #36 [moderate]  MODERATE [3] 
   HR: 101 bpm BP: 138 mmHg SpO2: 91.3% Temp: 38.3°C
 Admission #10 [critical]  CRITICAL [10]  
   HR: 146 bpm BP: 192 mmHg SpO2: 85% Temp: 39.9°C
 Admission #9 [recovering]  STABLE [0] 
   HR: 79 bpm BP: 129 mmHg SpO2: 96.7% Temp: 36.9°C
 Admission #8 [stable]  STABLE [0] 
   HR: 75 bpm BP: 119 mmHg SpO2: 98.2% Temp: 36.7°C
 Admission #7 [moderate]  MODERATE [3] 
   HR: 100 bpm BP: 157 mmHg SpO2: 90.5% Temp: 38.3°C
 Admission #6 [critical]  CRITICAL [10]  
   HR: 144 bpm BP: 192 mmHg SpO2: 83.7% Temp: 40.1°C
 Admission #5 [recovering]  STABLE [0] 
   HR: 82 bpm BP: 122 mmHg SpO2: 96.9% Temp: 37°C

  Next update in 5s... (Ctrl+C to stop)

c  Tick #154  |  Interval: 5000ms  |  8:31:15 PM

 📡 Posting Vitals This Tick:
 Admission #39 [critical]  CRITICAL [9]  
   HR: 138 bpm BP: 192 mmHg SpO2: 85.2% Temp: 39.8°C
 Admission #38 [recovering]  STABLE [0] 
   HR: 79 bpm BP: 128 mmHg SpO2: 96.5% Temp: 37.3°C
 Admission #37 [stable]  STABLE [0] 
   HR: 78 bpm BP: 113 mmHg SpO2: 98.6% Temp: 36.7°C
 Admission #36 [moderate]  MODERATE [4] 
   HR: 101 bpm BP: 148 mmHg SpO2: 91.6% Temp: 38.3°C
 Admission #10 [critical]  CRITICAL [10]  
   HR: 155 bpm BP: 185 mmHg SpO2: 85.5% Temp: 39.7°C
 Admission #9 [recovering]  STABLE [0] 
   HR: 81 bpm BP: 129 mmHg SpO2: 97.1% Temp: 36.9°C
 Admission #8 [stable]  STABLE [0] 
   HR: 73 bpm BP: 121 mmHg SpO2: 97.2% Temp: 36.6°C
 Admission #7 [moderate]  MODERATE [4] 
   HR: 114 bpm BP: 156 mmHg SpO2: 92% Temp: 38.6°C
 Admission #6 [critical]  CRITICAL [9]  
   HR: 140 bpm BP: 180 mmHg SpO2: 84.5% Temp: 39.7°C
 Admission #5 [recovering]  STABLE [0] 
   HR: 85 bpm BP: 132 mmHg SpO2: 97% Temp: 37.3°C

  Next update in 5s... (Ctrl+C to stop)

c  Tick #155  |  Interval: 5000ms  |  8:31:20 PM

 📡 Posting Vitals This Tick:
 Admission #39 [critical]  CRITICAL [10]  
   HR: 142 bpm BP: 178 mmHg SpO2: 82.6% Temp: 39.7°C
 Admission #38 [recovering]  STABLE [0] 
   HR: 80 bpm BP: 130 mmHg SpO2: 97.5% Temp: 37.3°C
 Admission #37 [stable]  STABLE [0] 
   HR: 72 bpm BP: 123 mmHg SpO2: 97.3% Temp: 36.9°C
 Admission #36 [moderate]  MODERATE [4] 
   HR: 105 bpm BP: 143 mmHg SpO2: 92.4% Temp: 38.2°C
 Admission #10 [critical]  CRITICAL [10]  
   HR: 143 bpm BP: 192 mmHg SpO2: 83.2% Temp: 39.6°C
 Admission #9 [recovering]  STABLE [0] 
   HR: 80 bpm BP: 129 mmHg SpO2: 96.9% Temp: 37°C
 Admission #8 [stable]  STABLE [0] 
   HR: 74 bpm BP: 125 mmHg SpO2: 97.9% Temp: 37°C
 Admission #7 [moderate]  MODERATE [4] 
   HR: 106 bpm BP: 146 mmHg SpO2: 93.1% Temp: 38.2°C
 Admission #6 [critical]  CRITICAL [10]  
   HR: 156 bpm BP: 191 mmHg SpO2: 83.3% Temp: 40°C
 Admission #5 [recovering]  STABLE [0] 
   HR: 79 bpm BP: 132 mmHg SpO2: 97% Temp: 37°C

  Next update in 5s... (Ctrl+C to stop)

c  Tick #156  |  Interval: 5000ms  |  8:31:25 PM

 📡 Posting Vitals This Tick:
 Admission #39 [recovering]  STABLE [0] 
   HR: 83 bpm BP: 127 mmHg SpO2: 96.5% Temp: 37°C
 Admission #38 [stable]  STABLE [0] 
   HR: 71 bpm BP: 117 mmHg SpO2: 98.1% Temp: 36.7°C
 Admission #37 [moderate]  MODERATE [4] 
   HR: 115 bpm BP: 148 mmHg SpO2: 93.4% Temp: 38.6°C
 Admission #36 [critical]  CRITICAL [10]  
   HR: 147 bpm BP: 185 mmHg SpO2: 84.5% Temp: 39.9°C
 Admission #10 [recovering]  STABLE [0] 
   HR: 80 bpm BP: 133 mmHg SpO2: 96.9% Temp: 36.9°C
 Admission #9 [stable]  STABLE [0] 
   HR: 74 bpm BP: 120 mmHg SpO2: 98.3% Temp: 36.7°C
 Admission #8 [moderate]  MODERATE [4] 
   HR: 112 bpm BP: 143 mmHg SpO2: 93.2% Temp: 38.6°C
 Admission #7 [critical]  CRITICAL [10]  
   HR: 150 bpm BP: 190 mmHg SpO2: 85.6% Temp: 39.8°C
 Admission #6 [recovering]  STABLE [0] 
   HR: 81 bpm BP: 123 mmHg SpO2: 97.3% Temp: 37.1°C
 Admission #5 [stable]  STABLE [0] 
   HR: 72 bpm BP: 118 mmHg SpO2: 98.5% Temp: 36.8°C

  Next update in 5s... (Ctrl+C to stop)

c  Tick #157  |  Interval: 5000ms  |  8:31:30 PM

 📡 Posting Vitals This Tick:
 Admission #39 [recovering]  STABLE [0] 
   HR: 79 bpm BP: 129 mmHg SpO2: 96.7% Temp: 37.1°C
 Admission #38 [stable]  STABLE [0] 
   HR: 74 bpm BP: 116 mmHg SpO2: 97.6% Temp: 36.9°C
 Admission #37 [moderate]  MODERATE [4] 
   HR: 104 bpm BP: 152 mmHg SpO2: 92.7% Temp: 38.1°C
 Admission #36 [critical]  CRITICAL [10]  
   HR: 154 bpm BP: 185 mmHg SpO2: 84.9% Temp: 39.6°C
 Admission #10 [recovering]  STABLE [0] 
   HR: 80 bpm BP: 124 mmHg SpO2: 96.7% Temp: 37.1°C
 Admission #9 [stable]  STABLE [0] 
   HR: 73 bpm BP: 112 mmHg SpO2: 97.5% Temp: 36.6°C
 Admission #8 [moderate]  MODERATE [4] 
   HR: 101 bpm BP: 158 mmHg SpO2: 93.3% Temp: 38.2°C
 Admission #7 [critical]  CRITICAL [10]  
   HR: 153 bpm BP: 186 mmHg SpO2: 82.9% Temp: 40.2°C
 Admission #6 [recovering]  STABLE [0] 
   HR: 86 bpm BP: 124 mmHg SpO2: 97.4% Temp: 37.3°C
 Admission #5 [stable]  STABLE [0] 
   HR: 78 bpm BP: 115 mmHg SpO2: 98.7% Temp: 36.8°C

  Next update in 5s... (Ctrl+C to stop)

c  Tick #158  |  Interval: 5000ms  |  8:31:35 PM

 📡 Posting Vitals This Tick:
 Admission #39 [recovering]  STABLE [0] 
   HR: 79 bpm BP: 133 mmHg SpO2: 97.4% Temp: 36.9°C
 Admission #38 [stable]  STABLE [0] 
   HR: 75 bpm BP: 117 mmHg SpO2: 98.6% Temp: 36.9°C
 Admission #37 [moderate]  MODERATE [4] 
   HR: 107 bpm BP: 145 mmHg SpO2: 93.4% Temp: 38.5°C
 Admission #36 [critical]  CRITICAL [9]  
   HR: 146 bpm BP: 180 mmHg SpO2: 85.7% Temp: 40°C
 Admission #10 [recovering]  STABLE [0] 
   HR: 84 bpm BP: 125 mmHg SpO2: 97.2% Temp: 37°C
 Admission #9 [stable]  STABLE [0] 
   HR: 74 bpm BP: 127 mmHg SpO2: 98.4% Temp: 36.7°C
 Admission #8 [moderate]  MODERATE [4] 
   HR: 108 bpm BP: 150 mmHg SpO2: 92.6% Temp: 38.4°C
 Admission #7 [critical]  CRITICAL [9]  
   HR: 140 bpm BP: 178 mmHg SpO2: 85.6% Temp: 40.2°C
 Admission #6 [recovering]  STABLE [0] 
   HR: 85 bpm BP: 129 mmHg SpO2: 97.3% Temp: 37.3°C
 Admission #5 [stable]  STABLE [0] 
   HR: 76 bpm BP: 115 mmHg SpO2: 98.8% Temp: 36.6°C

  Next update in 5s... (Ctrl+C to stop)

c  Tick #159  |  Interval: 5000ms  |  8:31:40 PM

 📡 Posting Vitals This Tick:
 Admission #39 [recovering]  STABLE [0] 
   HR: 81 bpm BP: 132 mmHg SpO2: 96.9% Temp: 37°C
 Admission #38 [stable]  STABLE [0] 
   HR: 75 bpm BP: 113 mmHg SpO2: 98.4% Temp: 36.8°C
 Admission #37 [moderate]  MODERATE [4] 
   HR: 110 bpm BP: 158 mmHg SpO2: 91% Temp: 38.7°C
 Admission #36 [critical]  CRITICAL [10]  
   HR: 148 bpm BP: 180 mmHg SpO2: 83.1% Temp: 40°C
 Admission #10 [recovering]  STABLE [0] 
   HR: 85 bpm BP: 132 mmHg SpO2: 97.2% Temp: 37.1°C
 Admission #9 [stable]  STABLE [0] 
   HR: 79 bpm BP: 121 mmHg SpO2: 97.1% Temp: 36.9°C
 Admission #8 [moderate]  MODERATE [4] 
   HR: 112 bpm BP: 141 mmHg SpO2: 92.9% Temp: 38.5°C
 Admission #7 [critical]  CRITICAL [10]  
   HR: 144 bpm BP: 191 mmHg SpO2: 85.6% Temp: 40°C
 Admission #6 [recovering]  STABLE [0] 
   HR: 83 bpm BP: 130 mmHg SpO2: 97.2% Temp: 37.3°C
 Admission #5 [stable]  STABLE [0] 
   HR: 76 bpm BP: 114 mmHg SpO2: 98.7% Temp: 36.6°C

  Next update in 5s... (Ctrl+C to stop)

c  Tick #160  |  Interval: 5000ms  |  8:31:45 PM

 📡 Posting Vitals This Tick:
 Admission #39 [recovering]  STABLE [0] 
   HR: 80 bpm BP: 132 mmHg SpO2: 97.4% Temp: 37.2°C
 Admission #38 [stable]  STABLE [0] 
   HR: 75 bpm BP: 116 mmHg SpO2: 99% Temp: 36.8°C
 Admission #37 [moderate]  MODERATE [4] 
   HR: 114 bpm BP: 150 mmHg SpO2: 91.4% Temp: 38.5°C
 Admission #36 [critical]  CRITICAL [10]  
   HR: 155 bpm BP: 191 mmHg SpO2: 84.6% Temp: 40.1°C
 Admission #10 [recovering]  STABLE [0] 
   HR: 83 bpm BP: 134 mmHg SpO2: 97.3% Temp: 37.2°C
 Admission #9 [stable]  STABLE [0] 
   HR: 72 bpm BP: 120 mmHg SpO2: 98.4% Temp: 36.9°C
 Admission #8 [moderate]  MODERATE [4] 
   HR: 113 bpm BP: 155 mmHg SpO2: 92.6% Temp: 38.4°C
 Admission #7 [critical]  CRITICAL [10]  
   HR: 148 bpm BP: 189 mmHg SpO2: 85.7% Temp: 39.9°C
 Admission #6 [recovering]  STABLE [0] 
   HR: 82 bpm BP: 132 mmHg SpO2: 96.5% Temp: 36.9°C
 Admission #5 [stable]  STABLE [0] 
   HR: 75 bpm BP: 122 mmHg SpO2: 97.5% Temp: 36.7°C

  Next update in 5s... (Ctrl+C to stop)

c  Tick #161  |  Interval: 5000ms  |  8:31:50 PM

 📡 Posting Vitals This Tick:
 Admission #39 [stable]  STABLE [0] 
   HR: 78 bpm BP: 115 mmHg SpO2: 98.4% Temp: 37°C
 Admission #38 [moderate]  MODERATE [4] 
   HR: 116 bpm BP: 147 mmHg SpO2: 91.8% Temp: 38.7°C
 Admission #37 [critical]  CRITICAL [10]  
   HR: 151 bpm BP: 182 mmHg SpO2: 85.4% Temp: 39.6°C
 Admission #36 [recovering]  STABLE [0] 
   HR: 79 bpm BP: 127 mmHg SpO2: 97% Temp: 37.3°C
 Admission #10 [stable]  STABLE [0] 
   HR: 73 bpm BP: 123 mmHg SpO2: 98.5% Temp: 36.9°C
 Admission #9 [moderate]  MODERATE [3] 
   HR: 115 bpm BP: 138 mmHg SpO2: 92.1% Temp: 38.1°C
 Admission #8 [critical]  CRITICAL [10]  
   HR: 147 bpm BP: 194 mmHg SpO2: 82.7% Temp: 39.8°C
 Admission #7 [recovering]  STABLE [0] 
   HR: 80 bpm BP: 123 mmHg SpO2: 97% Temp: 37.3°C
 Admission #6 [stable]  STABLE [0] 
   HR: 80 bpm BP: 120 mmHg SpO2: 97.9% Temp: 36.9°C
 Admission #5 [moderate]  MODERATE [4] 
   HR: 109 bpm BP: 147 mmHg SpO2: 91.9% Temp: 38.1°C

  Next update in 5s... (Ctrl+C to stop)

c  Tick #162  |  Interval: 5000ms  |  8:31:55 PM

 📡 Posting Vitals This Tick:
 Admission #39 [stable]  STABLE [0] 
   HR: 78 bpm BP: 119 mmHg SpO2: 98.5% Temp: 36.7°C
 Admission #38 [moderate]  MODERATE [4] 
   HR: 108 bpm BP: 145 mmHg SpO2: 92.4% Temp: 38.1°C
 Admission #37 [critical]  CRITICAL [10]  
   HR: 152 bpm BP: 182 mmHg SpO2: 85.5% Temp: 40°C
 Admission #36 [recovering]  STABLE [0] 
   HR: 83 bpm BP: 128 mmHg SpO2: 97% Temp: 37°C
 Admission #10 [stable]  STABLE [0] 
   HR: 75 bpm BP: 119 mmHg SpO2: 98.7% Temp: 36.8°C
 Admission #9 [moderate]  MODERATE [4] 
   HR: 111 bpm BP: 153 mmHg SpO2: 90.6% Temp: 38.5°C
 Admission #8 [critical]  CRITICAL [10]  
   HR: 154 bpm BP: 190 mmHg SpO2: 84.8% Temp: 39.7°C
 Admission #7 [recovering]  STABLE [0] 
   HR: 80 bpm BP: 130 mmHg SpO2: 96.5% Temp: 37.1°C
 Admission #6 [stable]  STABLE [0] 
   HR: 79 bpm BP: 117 mmHg SpO2: 97.2% Temp: 36.7°C
 Admission #5 [moderate]  MODERATE [4] 
   HR: 111 bpm BP: 143 mmHg SpO2: 92.2% Temp: 38.4°C

  Next update in 5s... (Ctrl+C to stop)

c  Tick #163  |  Interval: 5000ms  |  8:32:00 PM

 📡 Posting Vitals This Tick:
 Admission #39 [stable]  STABLE [0] 
   HR: 79 bpm BP: 127 mmHg SpO2: 98.7% Temp: 36.8°C
 Admission #38 [moderate]  MODERATE [4] 
   HR: 115 bpm BP: 150 mmHg SpO2: 91.2% Temp: 38.4°C
 Admission #37 [critical]  CRITICAL [10]  
   HR: 141 bpm BP: 182 mmHg SpO2: 84.8% Temp: 39.7°C
 Admission #36 [recovering]  STABLE [0] 
   HR: 85 bpm BP: 125 mmHg SpO2: 97.4% Temp: 37.2°C
 Admission #10 [stable]  STABLE [0] 
   HR: 75 bpm BP: 113 mmHg SpO2: 97.9% Temp: 37°C
 Admission #9 [moderate]  MODERATE [4] 
   HR: 114 bpm BP: 152 mmHg SpO2: 92.5% Temp: 38.6°C
 Admission #8 [critical]  CRITICAL [10]  
   HR: 154 bpm BP: 184 mmHg SpO2: 83.2% Temp: 39.9°C
 Admission #7 [recovering]  STABLE [0] 
   HR: 79 bpm BP: 123 mmHg SpO2: 96.6% Temp: 37.1°C
 Admission #6 [stable]  STABLE [0] 
   HR: 70 bpm BP: 123 mmHg SpO2: 97.7% Temp: 37°C
 Admission #5 [moderate]  MODERATE [4] 
   HR: 110 bpm BP: 158 mmHg SpO2: 91.2% Temp: 38.5°C

  Next update in 5s... (Ctrl+C to stop)

c  Tick #164  |  Interval: 5000ms  |  8:32:05 PM

 📡 Posting Vitals This Tick:
 Admission #39 [stable]  STABLE [0] 
   HR: 73 bpm BP: 122 mmHg SpO2: 97.8% Temp: 36.7°C
 Admission #38 [moderate]  MODERATE [3] 
   HR: 113 bpm BP: 140 mmHg SpO2: 92% Temp: 38.4°C
 Admission #37 [critical]  CRITICAL [10]  
   HR: 140 bpm BP: 194 mmHg SpO2: 82.7% Temp: 39.6°C
 Admission #36 [recovering]  STABLE [0] 
   HR: 81 bpm BP: 128 mmHg SpO2: 97% Temp: 37.1°C
 Admission #10 [stable]  STABLE [0] 
   HR: 76 bpm BP: 122 mmHg SpO2: 97.4% Temp: 36.6°C
 Admission #9 [moderate]  MODERATE [4] 
   HR: 113 bpm BP: 145 mmHg SpO2: 92.2% Temp: 38.6°C
 Admission #8 [critical]  CRITICAL [10]  
   HR: 151 bpm BP: 183 mmHg SpO2: 82.6% Temp: 39.9°C
 Admission #7 [recovering]  STABLE [0] 
   HR: 81 bpm BP: 133 mmHg SpO2: 97.2% Temp: 37.1°C
 Admission #6 [stable]  STABLE [0] 
   HR: 78 bpm BP: 120 mmHg SpO2: 98.7% Temp: 36.6°C
 Admission #5 [moderate]  MODERATE [4] 
   HR: 108 bpm BP: 143 mmHg SpO2: 93.2% Temp: 38.7°C

  Next update in 5s... (Ctrl+C to stop)

c  Tick #165  |  Interval: 5000ms  |  8:32:10 PM

 📡 Posting Vitals This Tick:
 Admission #39 [stable]  STABLE [0] 
   HR: 72 bpm BP: 123 mmHg SpO2: 99% Temp: 36.8°C
 Admission #38 [moderate]  MODERATE [3] 
   HR: 115 bpm BP: 139 mmHg SpO2: 90.6% Temp: 38.1°C
 Admission #37 [critical]  CRITICAL [10]  
   HR: 145 bpm BP: 193 mmHg SpO2: 82.5% Temp: 40°C
 Admission #36 [recovering]  STABLE [0] 
   HR: 80 bpm BP: 133 mmHg SpO2: 97% Temp: 36.9°C
 Admission #10 [stable]  STABLE [0] 
   HR: 70 bpm BP: 124 mmHg SpO2: 97.1% Temp: 37°C
 Admission #9 [moderate]  MODERATE [4] 
   HR: 115 bpm BP: 147 mmHg SpO2: 92.6% Temp: 38.4°C
 Admission #8 [critical]  CRITICAL [10]  
   HR: 152 bpm BP: 178 mmHg SpO2: 83.2% Temp: 40°C
 Admission #7 [recovering]  STABLE [0] 
   HR: 79 bpm BP: 126 mmHg SpO2: 96.8% Temp: 37.1°C
 Admission #6 [stable]  STABLE [0] 
   HR: 79 bpm BP: 115 mmHg SpO2: 98.7% Temp: 36.7°C
 Admission #5 [moderate]  MODERATE [4] 
   HR: 113 bpm BP: 146 mmHg SpO2: 90.9% Temp: 38.3°C

  Next update in 5s... (Ctrl+C to stop)

c  Tick #166  |  Interval: 5000ms  |  8:32:15 PM

 📡 Posting Vitals This Tick:
 Admission #39 [moderate]  MODERATE [4] 
   HR: 114 bpm BP: 155 mmHg SpO2: 92.6% Temp: 38.4°C
 Admission #38 [critical]  CRITICAL [10]  
   HR: 148 bpm BP: 192 mmHg SpO2: 82.9% Temp: 40.1°C
 Admission #37 [recovering]  STABLE [0] 
   HR: 84 bpm BP: 128 mmHg SpO2: 97% Temp: 37°C
 Admission #36 [stable]  STABLE [0] 
   HR: 75 bpm BP: 119 mmHg SpO2: 98.7% Temp: 36.9°C
 Admission #10 [moderate]  MODERATE [4] 
   HR: 113 bpm BP: 155 mmHg SpO2: 90.9% Temp: 38.6°C
 Admission #9 [critical]  CRITICAL [10]  
   HR: 145 bpm BP: 184 mmHg SpO2: 85.4% Temp: 39.7°C
 Admission #8 [recovering]  STABLE [0] 
   HR: 80 bpm BP: 125 mmHg SpO2: 97.1% Temp: 37.1°C
 Admission #7 [stable]  STABLE [0] 
   HR: 78 bpm BP: 126 mmHg SpO2: 98.6% Temp: 36.9°C
 Admission #6 [moderate]  MODERATE [4] 
   HR: 115 bpm BP: 152 mmHg SpO2: 90.8% Temp: 38.6°C
 Admission #5 [critical]  CRITICAL [10]  
   HR: 148 bpm BP: 181 mmHg SpO2: 85.1% Temp: 39.7°C

  Next update in 5s... (Ctrl+C to stop)

c  Tick #167  |  Interval: 5000ms  |  8:32:20 PM

 📡 Posting Vitals This Tick:
 Admission #39 [moderate]  MODERATE [4] 
   HR: 104 bpm BP: 155 mmHg SpO2: 93.2% Temp: 38.3°C
 Admission #38 [critical]  CRITICAL [10]  
   HR: 144 bpm BP: 191 mmHg SpO2: 83.1% Temp: 39.8°C
 Admission #37 [recovering]  STABLE [0] 
   HR: 81 bpm BP: 123 mmHg SpO2: 97.1% Temp: 36.9°C
 Admission #36 [stable]  STABLE [0] 
   HR: 75 bpm BP: 122 mmHg SpO2: 98.9% Temp: 36.9°C
 Admission #10 [moderate]  MODERATE [4] 
   HR: 111 bpm BP: 155 mmHg SpO2: 92.6% Temp: 38.5°C
 Admission #9 [critical]  CRITICAL [10]  
   HR: 145 bpm BP: 178 mmHg SpO2: 83.1% Temp: 40°C
 Admission #8 [recovering]  STABLE [0] 
   HR: 82 bpm BP: 126 mmHg SpO2: 97.1% Temp: 37°C
 Admission #7 [stable]  STABLE [0] 
   HR: 73 bpm BP: 124 mmHg SpO2: 97.5% Temp: 36.9°C
 Admission #6 [moderate]  MODERATE [4] 
   HR: 113 bpm BP: 150 mmHg SpO2: 90.5% Temp: 38.1°C
 Admission #5 [critical]  CRITICAL [9]  
   HR: 141 bpm BP: 179 mmHg SpO2: 85.2% Temp: 39.8°C

  Next update in 5s... (Ctrl+C to stop)

c  Tick #168  |  Interval: 5000ms  |  8:32:25 PM

 📡 Posting Vitals This Tick:
 Admission #39 [moderate]  MODERATE [4] 
   HR: 114 bpm BP: 148 mmHg SpO2: 92% Temp: 38.3°C
 Admission #38 [critical]  CRITICAL [10]  
   HR: 143 bpm BP: 190 mmHg SpO2: 83.3% Temp: 39.9°C
 Admission #37 [recovering]  STABLE [0] 
   HR: 78 bpm BP: 126 mmHg SpO2: 97.2% Temp: 37°C
 Admission #36 [stable]  STABLE [0] 
   HR: 71 bpm BP: 125 mmHg SpO2: 97.8% Temp: 36.7°C
 Admission #10 [moderate]  MODERATE [3] 
   HR: 102 bpm BP: 139 mmHg SpO2: 90.9% Temp: 38.5°C
 Admission #9 [critical]  CRITICAL [10]  
   HR: 156 bpm BP: 189 mmHg SpO2: 82.6% Temp: 39.6°C
 Admission #8 [recovering]  STABLE [0] 
   HR: 82 bpm BP: 131 mmHg SpO2: 97.3% Temp: 37.1°C
 Admission #7 [stable]  STABLE [0] 
   HR: 73 bpm BP: 114 mmHg SpO2: 97.2% Temp: 36.7°C
 Admission #6 [moderate]  MODERATE [4] 
   HR: 114 bpm BP: 144 mmHg SpO2: 90.6% Temp: 38.4°C
 Admission #5 [critical]  CRITICAL [10]  
   HR: 154 bpm BP: 183 mmHg SpO2: 82.8% Temp: 39.9°C

  Next update in 5s... (Ctrl+C to stop)

c  Tick #169  |  Interval: 5000ms  |  8:32:30 PM

 📡 Posting Vitals This Tick:
 Admission #39 [moderate]  MODERATE [4] 
   HR: 107 bpm BP: 158 mmHg SpO2: 91.1% Temp: 38.6°C
 Admission #38 [critical]  CRITICAL [10]  
   HR: 144 bpm BP: 192 mmHg SpO2: 83.8% Temp: 40.1°C
 Admission #37 [recovering]  STABLE [0] 
   HR: 81 bpm BP: 124 mmHg SpO2: 96.7% Temp: 37.2°C
 Admission #36 [stable]  STABLE [0] 
   HR: 72 bpm BP: 124 mmHg SpO2: 98% Temp: 36.7°C
 Admission #10 [moderate]  MODERATE [4] 
   HR: 102 bpm BP: 157 mmHg SpO2: 92.2% Temp: 38.2°C
 Admission #9 [critical]  CRITICAL [10]  
   HR: 156 bpm BP: 189 mmHg SpO2: 85.3% Temp: 40.1°C
 Admission #8 [recovering]  STABLE [0] 
   HR: 83 bpm BP: 125 mmHg SpO2: 96.7% Temp: 37.2°C
 Admission #7 [stable]  STABLE [0] 
   HR: 73 bpm BP: 115 mmHg SpO2: 97.8% Temp: 36.7°C
 Admission #6 [moderate]  MODERATE [3] 
   HR: 103 bpm BP: 138 mmHg SpO2: 91.3% Temp: 38.4°C
 Admission #5 [critical]  CRITICAL [10]  
   HR: 154 bpm BP: 193 mmHg SpO2: 82.7% Temp: 39.6°C

  Next update in 5s... (Ctrl+C to stop)

c  Tick #170  |  Interval: 5000ms  |  8:32:35 PM

 📡 Posting Vitals This Tick:
 Admission #39 [moderate]  MODERATE [4] 
   HR: 115 bpm BP: 149 mmHg SpO2: 91.2% Temp: 38.5°C
 Admission #38 [critical]  CRITICAL [10]  
   HR: 139 bpm BP: 183 mmHg SpO2: 83.6% Temp: 40.1°C
 Admission #37 [recovering]  STABLE [0] 
   HR: 85 bpm BP: 128 mmHg SpO2: 97.2% Temp: 37.1°C
 Admission #36 [stable]  STABLE [0] 
   HR: 74 bpm BP: 117 mmHg SpO2: 98.7% Temp: 36.7°C
 Admission #10 [moderate]  MODERATE [4] 
   HR: 114 bpm BP: 146 mmHg SpO2: 92.8% Temp: 38.1°C
 Admission #9 [critical]  CRITICAL [10]  
   HR: 150 bpm BP: 192 mmHg SpO2: 84.1% Temp: 39.8°C
 Admission #8 [recovering]  STABLE [0] 
   HR: 83 bpm BP: 133 mmHg SpO2: 96.8% Temp: 37.2°C
 Admission #7 [stable]  STABLE [0] 
   HR: 79 bpm BP: 116 mmHg SpO2: 97.8% Temp: 36.8°C
 Admission #6 [moderate]  MODERATE [4] 
   HR: 105 bpm BP: 149 mmHg SpO2: 91.7% Temp: 38.4°C
 Admission #5 [critical]  CRITICAL [10]  
   HR: 145 bpm BP: 193 mmHg SpO2: 82.6% Temp: 39.6°C

  Next update in 5s... (Ctrl+C to stop)

c  Tick #171  |  Interval: 5000ms  |  8:32:40 PM

 📡 Posting Vitals This Tick:
 Admission #39 [critical]  CRITICAL [10]  
   HR: 150 bpm BP: 183 mmHg SpO2: 85.8% Temp: 40°C
 Admission #38 [recovering]  STABLE [0] 
   HR: 85 bpm BP: 133 mmHg SpO2: 97.2% Temp: 37°C
 Admission #37 [stable]  STABLE [0] 
   HR: 73 bpm BP: 113 mmHg SpO2: 97.6% Temp: 36.9°C
 Admission #36 [moderate]  MODERATE [4] 
   HR: 108 bpm BP: 151 mmHg SpO2: 90.7% Temp: 38.3°C
 Admission #10 [critical]  CRITICAL [10]  
   HR: 156 bpm BP: 180 mmHg SpO2: 83.2% Temp: 39.9°C
 Admission #9 [recovering]  STABLE [0] 
   HR: 79 bpm BP: 126 mmHg SpO2: 97.3% Temp: 37.2°C
 Admission #8 [stable]  STABLE [0] 
   HR: 75 bpm BP: 124 mmHg SpO2: 98.4% Temp: 37°C
 Admission #7 [moderate]  MODERATE [4] 
   HR: 110 bpm BP: 151 mmHg SpO2: 91.9% Temp: 38.5°C
 Admission #6 [critical]  CRITICAL [10]  
   HR: 144 bpm BP: 187 mmHg SpO2: 86% Temp: 39.9°C
 Admission #5 [recovering]  STABLE [0] 
   HR: 81 bpm BP: 131 mmHg SpO2: 97% Temp: 37°C

  Next update in 5s... (Ctrl+C to stop)

c  Tick #172  |  Interval: 5000ms  |  8:32:45 PM

 📡 Posting Vitals This Tick:
 Admission #39 [critical]  CRITICAL [10]  
   HR: 153 bpm BP: 180 mmHg SpO2: 82.3% Temp: 39.9°C
 Admission #38 [recovering]  STABLE [0] 
   HR: 78 bpm BP: 124 mmHg SpO2: 97.4% Temp: 37°C
 Admission #37 [stable]  STABLE [0] 
   HR: 77 bpm BP: 118 mmHg SpO2: 98.8% Temp: 36.7°C
 Admission #36 [moderate]  MODERATE [4] 
   HR: 103 bpm BP: 154 mmHg SpO2: 93.3% Temp: 38.6°C
 Admission #10 [critical]  CRITICAL [10]  
   HR: 138 bpm BP: 186 mmHg SpO2: 84.8% Temp: 40.2°C
 Admission #9 [recovering]  STABLE [0] 
   HR: 85 bpm BP: 133 mmHg SpO2: 96.8% Temp: 37.3°C
 Admission #8 [stable]  STABLE [0] 
   HR: 79 bpm BP: 116 mmHg SpO2: 97.2% Temp: 36.9°C
 Admission #7 [moderate]  MODERATE [4] 
   HR: 112 bpm BP: 141 mmHg SpO2: 93.1% Temp: 38.3°C
 Admission #6 [critical]  CRITICAL [10]  
   HR: 155 bpm BP: 179 mmHg SpO2: 84.4% Temp: 40°C
 Admission #5 [recovering]  STABLE [0] 
   HR: 84 bpm BP: 130 mmHg SpO2: 96.9% Temp: 37.2°C

  Next update in 5s... (Ctrl+C to stop)

c  Tick #173  |  Interval: 5000ms  |  8:32:50 PM

 📡 Posting Vitals This Tick:
c  Tick #174  |  Interval: 5000ms  |  8:32:58 PM

 Admission #39 ✗ Failed: socket hang up
 📡 Posting Vitals This Tick:
 Admission #38 [recovering]  STABLE [0] 
   HR: 80 bpm BP: 133 mmHg SpO2: 97.4% Temp: 37.1°C
 Admission #39 [critical]  CRITICAL [10]  
   HR: 143 bpm BP: 190 mmHg SpO2: 82.7% Temp: 40.1°C
 Admission #38 [recovering]  STABLE [0] 
   HR: 81 bpm BP: 133 mmHg SpO2: 97.3% Temp: 37.2°C
c  Tick #175  |  Interval: 5000ms  |  8:33:05 PM

 📡 Posting Vitals This Tick:
 Admission #37 [stable]  STABLE [0] 
   HR: 74 bpm BP: 121 mmHg SpO2: 98% Temp: 36.7°C
 Admission #36 [moderate]  MODERATE [4] 
   HR: 103 bpm BP: 150 mmHg SpO2: 91.8% Temp: 38.4°C
 Admission #37 [stable]  STABLE [0] 
   HR: 80 bpm BP: 114 mmHg SpO2: 98.4% Temp: 36.6°C
 Admission #39 [critical]  CRITICAL [10]  
   HR: 144 bpm BP: 183 mmHg SpO2: 82.9% Temp: 40.1°C
 Admission #38 [recovering]  STABLE [0] 
   HR: 84 bpm BP: 124 mmHg SpO2: 96.8% Temp: 37°C
 Admission #10 [critical]  CRITICAL [10]  
   HR: 146 bpm BP: 182 mmHg SpO2: 84.1% Temp: 39.6°C
 Admission #36 [moderate]  MODERATE [3] 
   HR: 111 bpm BP: 139 mmHg SpO2: 92% Temp: 38.6°C
                                                                                                                                                                                                                                                                                                                                                                                                                                                                                                                                                                                                                                                                                                                                                                                                                                                                                                                                                                                                                                                                                                                                                                                                                                                                                                                                                                                                                                                                                                                                                                                                                                                                                                                                                                                                                                                                                                                                                                                                                                                                                                                                                                                                                                                                                                                                                                                                                                                                                                                                                                                                                                                                                                                                                                                                                                                                                                                                                                                                                                                                                                                                                                                                                                                                                                                                                                                                                                                                                                                                                                                                                                                                                                                                                                                                                                                                                                                                                                                                                                                                                                                                                                                                                                                                                                                                                                                                                                                                                                                                                                                                                                                                                                                                                                                                                                                                                                                                                                                                                                                                                                                                                                                                                                                                                                                                                                                                                                                                                                                                                                                                                                                                                                                                                                                                                                                                                                                                                                                                                                                                                                                                                                                                                                                                                                                                                                                                                                                                                                                                                                                                                                                                                                                                                                                                                                                                                                                                                                                                                                                                                                                                                                                                                                                                                                                                                                                                                                                                                                                                                                                                                                                                                                                                                                                                                                                                                                                                                                                                                                                                                                                                                                                                                                                                                                                                                                                                                                                                                                                                                                                                                                                                                                                                                                                                                                                                                                                                                                                                                                                                                                                                                                                                                                                                                                                                                                                                                                                                                                                                                                                                                                                                                                                                                                                                                                                                                                                                                                                                                                                                                                                                                                                                                                                                                                                                                                                                                                                                                                                                                                                                                                                                                                                                                                                                                                                                                                                                                                                                                                                                                                                                                                                                                                                                                                                                                                                                                                                                                                                                                                                                                                                                                                                                                                                                                                                                                                                                                                                                                                                                                                                                                                                                                                                                                                                                                                                                                                                                                                                                                                                                                                                                                                                                                                                                                                                                                                                                                                                                                                                                                                                                                                                                                                                                                                                                                                                                                                                                                                                                                                                                                                                                                                                                                                                                                                                                                                                                                                                                                                                                                                                                                                                                                                                                                                                                                                                                                                                                                                                                                                                                                                                                                                                                                                                                                                                                                                                                                                                                                                                                                                                                                                                                                                                                                                                                                                                                                                                                                                                                                                                                                                                                                                                                                                                                                                                                                                                                                                                                                                                                                                                                                                                                                                                                                                                                                                                                                                                                                                                                                                                                                                                                                                                                                                                                                                                                                                                                                                                                                                                                                                                                                                                                                                                                                                                                                                                                                                                                                                                                                                                                                                                                                                                                                                                                                                                                                                                                                                                                                                                                                                                                                                                                                                                                                                                                                                                                                                                                                                                                                                                                                                                                                                                                                                                                                                                                                                                                                                                                                                                                                                                                                                                                                                                                                                                                                                                                                                                                                                                                                                                                                                                                                                                                                                                                                                                                                                                                                                                                                                                                                                                                                                                                                                                                                                                                                                                                                                                                                                                                                                                                                                                                                                                                                                                                                                                                                                                                                                                                                                                                                                                                                                                                                                                                                                                                                                                                                                                                                                                                                                                                                                                                                                                                                                                                                                                                                                                                                                                                                                                                                                                                                                                                                                                                                                                                                                                                                                                                                                                                                                                                                                                                                                                                                                                                                                                                                                                                                                                                                                                                                                                                                                                                                                                                                                                                                                                                                                                                                                                                                                                                                                                                                                                                                                                                                                                                                                                                                                                                                                                                                                                                                                                                                                                                                                                                                                                                                                                                                                                                                                                                                                                                                                                                                                                                                                                                                                                                                                                                                                                                                                                                                                                                                                                                                                                                                                                                                                                                                                                                                                                                                                                                                                                                                                                                                                                                                                                                                                                                                                                                                                                                                                                                                                                                                                                                                                                                                                                                                                                                                                                                                                                                                                                                                                                                                                                                                                                                                                                                                                                                                                                                                                                                                                                                                                                                                                                                                                                                                                                                                                                                                                                                                                                                                                                                                                                                                                                                                                                                                                                                                                                                                                                                                                                                                                                                                                                                                                                                                                                                                                                                                                                                                                                                                                                                                                                                                                                                                                                                                                                                                                                                                                                                                                                                                                                                                                                                                                                                                                                                                                                                                                                                                                                                                                                                                                                                                                                                                                                                                                                                                                                                                                                                                                                                                                                                                                                                                                                                                                                                                                                                                                                                                                                                                                                                                                                                                                                                                                                                                                                                                                                                                                                                                                                                                                                                                                                                                                                                                                                                                                                                                                                                                                                                                                                                                                                                                                                                                                                                                                                                                                                                                                                                                                                                                                                                                                                                                                                                                                                                                                                                                                                                                                                                                                                                                                                                                                                                                                                                                                                                                                                                                                                                                                                                                                                                                                                                                                                                                                                                                                                                                                                                                                                                                                                                                                                                                                                                                                                                                                                                                                                                                                                                                                                                                                                                                                                                                                                                                                                                                                                                                                                                                                                                                                                                                                                                                                                                                                                                                                                                                                                                                                                                                                                                                                                                                                                                                                                                                                                                                                                                                                                                                                                                                                                                                                                                                                                                                                                                                                                                                                                                                                                                                                                                                                                                                                                                                                                                                                                                                                                                                                                                                                                                                                                                                                                                                                                                                                                                                                                                                                                                                                                                                                                                                                                                                                                                                                                                                                                                                                                                                                                                                                                                                                                                                                                                                                                                                                                                                                                                                                                                                                                                                                                                                                                                                                                                                                                                                                                                                                                                                                                                                                                                                                                                                                                                                                                                                                                                                                                                                                                                                                                                                                                                                                                                                                                                                                                                                                                                                                                                                                                                                                                                                                                                                                                                                                                                                                                                                                                                                                                                                                                                                                                                                                                                                                                                                                                                                                                                                                                                                                                                                                                                                                                                                                                                                                                                                                                                                                                                                                                                                                                                                                                                                                                                                                                                                                                                                                                                                                                                                                                                                                                                                                                                                                                                                                                                                                                                                                                                                                                                                                                                                                                                                                                                                                                                                                                                                                                                                                                                                                                                                                                                                                                                                                                                                                                                                                                                                                                                                                                                                                                                                                                                                                                                                                                                                                                                                                                                                                                                                                                                                                                                                                                                                                                                                                                                                                                                                                                                                                                                                                                                                                                                                                                                                                                                                                                                                                                                                                                                                                                                                                                                                                                                                                                                                                                                                                                                                                                                                                                                                                                                                                                                                                                                                                                                                                                                                                                                                                                                                                                                                                                                                                                                                                                                                                                                                                                                                                                                                                                                                                                                                                                                                                                                                                                                                                                                                                                                                                                                                                                                                                                                                                                                                                                                                                                                                                                                                                                                                                                                                                                                                                                                                                                                                                                                                                                                                                                                                                                                                                                                                                                                                                                                                                                                                                                                                                                                                                                                                                                                                                                                                                                                                                                                                                                                                                                                                                                                                                                                                                                                                                                                                                                                                                                                                                                                                                                                                                                                                                                                                                                                                                                                                                                                                                                                                                                                                                                                                                                                                                                                                                                                                                                                                                                                                                                                                                                                                                                                                                                                                                                                                                                                                                                                                                                                                                                                                                                                                                                                                                                                                                                                                                                                                                                                                                                                                                                                                                                                                                                                                                                                                                                                                                                                                                                                                                                                                                                                                                                                                                                                                                                                                                                                                                                                                                                                                                                                                                                                                                                                                                                                                                                                                                                                                                                                                                                                                                                                                                                                                                                                                                                                                                                                                                                                                                                                                                                                                                                                                                                                                                                                                                                                                                                                                                                                                                                                                                                                                                                                                                                                                                                                                                                                                                                                                                                                                                                                                                                                                                                                                                                                                                                                                                                                                                                                                                                                                                                                                                                                                                                                                                                                                                                                                                                                                                                                                                                                                                                                                                                                                                                                                                                                                                                                                                                                                                                                                                                                                                                                                                                                                                                                                                                                                                                                                                                                                                                                                                                                                                                                                                                                                                                                                                                                                                                                                                                                                                                                                                                                                                                                                                                                                                                                                                                                                                                                                                                                                                                                                                                                                                                                                                                                                                                                                                                                                                                                                                                                                                                                                                                                                                                                                                                                                                                                                                                                                                                                                                                                                                                                                                                                                                                                                                                                                                                                                                                                                                                                                                                                                                                                                                                                                                                                                                                                                                                                                                                                                                                                                                                                                                                                                                                                                                                                                                                                                                                                                                                                                                                                                                                                                                                                                                                                                                                                                                                                                                                                                                                                                                                                                                                                                                                                                                                                                                                                                                                                                                                                                                                                                                                                                                                                                                                                                                                                                                                                                                                                                                                                                                                                                                                                                                                                                                                                                                                                                                                                                                                                                                                                                                                                                                                                                                                                                                                                                                                                                                                                                                                                                                                                                                                                                                                                                                                                                                                                                                                                                                                                                                                                                                                                                                                                                                                                                                                                                                                                                                                                                                                                                                                                                                                                                                                                                                                                                                                                                                                                                                                                                                                                                                                                                                                                                                                                                                                                                                                                                                                                                                                                                                                                                                                                                                                                                                                                                                                                                                                                                                                                                                                                                                                                                                                                                                                                                                                                                                                                                                                                                                                                                                                                                                                                                                                                                                                                                                                                                                                                                                                                                                                                                                                                                                                                                                                                                                                                                                                                                                                                                                                                                                                                                                                                                                                                                                                                                                                                                                                                                                                                                                                                                                                                                                                                                                                                                                                                                                                                                                                                                                                                                                                                                                                                                                                                                                                                                                                                                                                                                                                                                                                                                                                                                                                                                                                                                                                                                                                                                                                                                                                                                                                                                                                                                                                                                                                                                                                                                                                                                                                                                                                                                                                                                                                                                                                                                                                                                                                                                                                                                                                                                                                                                                                                                                                                                                                                                                                                                                                                                                                                                                                                                                                                                                                                                                                                                                                                                                                                                                                                                                                                                                                                                                                                                                                                                                                                                                                                                                                                                                                                                                                                                                                                                                                                                                                                                                                                                                                                                                                                                                                                                                                                                                                                                                                                                                                                                                                                                                                                                                                                                                                                                                                                                                                                                                                                                                                                                                                                                                                                                                                                                                                                                                                                                                                                                                                                                                                                                                                                                                                                                                                                                                                                                                                                                                                                                                                                                                                                                                                                                                                                                                                                                                                                                                                                                                                                                                                                                                                                                                                                                                                                                                                                                                                                                                                                                                                                                                                                                                                                                                                                                                                                                                                                                                                                                                                                                                                                                                                                                                                                                                                                                                                                                                                                                                                                                                                                                                                                                                                                                                                                                                                                                                                                                                                                                                                                                                                                                                                                                                                                                                                                                                                                                                                                                                                                                                                                                                                                                                                                                                                                                                                                                                                                                                                                                                                                                                                                                                                                                                                                                                                                                                                                                                                                                                                                                                                                                                                                                                                                                                                                                                                                                                                                                                                                                                                                                                                                                                                                                                                                                                                                                                                                                                                                                                                                                                                                                                                                                                                                                                                                                                                                                                                                                                                                                                                                                                                                                                                                                                                                                                                                                                                                                                                                                                                                                                                                                                                                                                                                                                                                                                                                                                                                                                                                                                                                                                                                                                                                                                                                                                                                                                                                                                                                                                                                                                                                                                                                                                                                                                                                                                                                                                                                                                                                                                                                                                                                                                                                                                                                                                                                                                                                                                                                                                                                                                                                                                                                                                                                                                                                                                                                                                                                                                                                                                                                                                                                                                                                                                                                                                                                                                                                                                                                                                                                                                                                                                                                                                                                                                                                                                                                                                                                                                                                                                                                                                                                                                                                                                                                                                                                                                                                                                                                                                                                                                                                                                                                                                                                                                                                                                                                                                                                                                                                                                                                                                                                                                                                                                                                                                                                                                                                                                                                                                                                                                                                                                                                                                                                                                                                                                                                                                                                                                                                                                                                                                                                                                                                                                                                                                                                                                                                                                                                                                                                                                                                                                                                                                                                                                                                                                                                                                                                                                                                                                                                                                                                                                                                                                                                                                                                                                                                                                                                                                                                                                                                                                                                                                                                                                                                                                                                                                                                                                                                                                                                                                                                                                                                                                                                                                                                                                                                                                                                                                                                                                                                                                                                                                                                                                                                                                                                                                                                                                                                                                                                                                                                                                                                                                                                                                                                                                                                                                                                                                                                                                                                                                                                                                                                                                                                                                                                                                                                                                                                                                                                                                                                                                                                                                                                                                                                                                                                                                                                                                                                                                                                                                                                                                                                                                                                                                                                                                                                                                                                                                                                                                                                                                                                                                                                                                                                                                                                                                                                                                                                                                                                                                                                                                                                                                                                                                                                                                                                                                                                                                                                                                                                                                                                                                                                                                                                                                                                                                                                                                                                                                                                                                                                                                                                                                                                                                                                                                                                                                                                                                                                                                                                                                                                                                                                                                                                                                                                                                                                                                                                                                                                                                                                                                                                                                                                                                                                                                                                                                                                                                                                                                                                                                                                                                                                                                                                                                                                                                                                                                                                                                                                                                                                                                                                                                                                                                                                                                                                                                                                                                                                                                                                                                                                                                                                                                                                                                                                                                                                                                                                                                                                                                                                                                                                                                                                                                                                                                                                                                                                                                                                                                                                                                                                                                                                                                                                                                                                                                                                                                                                                                                                                                                                                                                                                                                                                                                                                                                                                                                                                                                                                                                                                                                                                                                                                                                                                                                                                                                                                                                                                                                                                                                                                                                                                                                                                                                                                                                                                                                                                                                                                                                                                                                                                                                                                                                                                                                                                                                                                                                                                                                                                                                                                                                                                                                                                                                                                                                                                                                                                                                                                                                                                                                                                                                                                                                                                                                                                                                                                                                                                                                                                                                                                                                                                                                                                                                                                                                                                                                                                                                                                                                                                                                                                                                                                                                                                                                                                                                                                                                                                                                                                                                                                                                                                                                                                                                                                                                                                                                                                                                                                                                                                                                                                                                                                                                                                                                                                                                                                                                                                                                                                                                                                                                                                                                                                                                                                                                                                                                                                                                                                                                                                                                                                                                                                                                                                                                                                                                                                                                                                                                                                                                                                                                                                                                                                                                                                                                                                                                                                                                                                                                                                                                                                                                                                                                                                                                                                                                                                                                                                                                                                                                                                                                                                                                                                                                                                                                                                                                                                                                                                                                                                                                                                                                                                                                                                                                                                                                                                                                                                                                                                                                                                                                                                                                                                                                                                                                                                                                                                                                                                                                                                                                                                                                                                                                                                                                                                                                                                                                                                                                                                                                                                                                                                                                                                                                                                                                                                                                                                                                                                                                                                                                                                                                                                                                                                                                                                                                                                                                                                                                                                                                                                                                                                                                                                                                                                                                                                                                                                                                                                                                                                                                                                                                                                                                                                                                                                                                                                                                                                                                                                                                                                                                                                                                                                                                                                                                                                                                                                                                                                                                                                                                                                                                                                                                                                                                                                                                                                                                                                                                                                                                                                                                                                                                                                                                                                                                                                                                                                                                                                                                                                                                                                                                                                                                                                                                                                                                                                                                                                                                                                                                                                                                                                                                                                                                                                                                                                                                                                                                                                                                                                                                                                                                                                                                                                                                                                                                                                                                                                                                                                                                                                                                                                                                                                                                                                                                                                                                                                                                                                                                                                                                                                                                                                                                                                                                                                                                                                                                                                                                                                                                                                                                                                                                                                                                                                                                                                                                                                                                                                                                                                                                                                                                                                                                                                                                                                                                                                                                                                                                                                                                                                                                                                                                                                                                                                                                                                                                                                                                                                                                                                                                                                                                                                                                                                                                                                                                                                                                                                                                                                                                                                                                                                                                                                                                                                                                                                                                                                                                                                                                                                                                                                                                                                                                                                                                                                                                                                                                                                                                                                                                                                                                                                                                                                                                                                                                                                                                                                                                                                                                                                                                                                                                                                                                                                                                                                                                                                                                                                                                                                                                                                                                                                                                                                                                                                                                                                                                                                                                                                                                                                                                                                                                                                                                                                                                                                                                                                                                                                                                                                                                                                                                                                                                                                                                                                                                                                                                                                                                                                                                                                                                                                                                                                                                                                                                                                                                                                                                                                                                                                                                                                                                                                                                                                                                                                                                                                                                                                                                                                                                                                                                                                                                                                                                                                                                                                                                                                                                                                                                                                                                                                                                                                                                                                                                                                                                                                                                                                                                                                                                                                                                                                                                                                                                                                                                                                                                                                                                                                                                                                                                                                                                                                                                                                                                                                                                                                                                                                                                                                                                                                                                                                                                                                                                                                                                                                                                                                                                                                                                                                                                                                                                                                                                                                                                                                                                                                                                                                                                                                                                                                                                                                                                                                                                                                                                                                                                                                                                                                                                                                                                                                                                                                                                                                                                                                                                                                                                                                                                                                                                                                                                                                                                                                                                                                                                                                                                                                                                                                                                                                                                                                                                                                                                                                                                                                                                                                                                                                                                                                                                                                                                                                                                                                                                                                                                                                                                                                                                                                                                                                                                                                                                                                                                                                                                                                                                                                                                                                                                                                                                                                                                                                                                                                                                                                                                                                                                                                                                                                                                                                                                                                                                                                                                                                                                                                                                                                                                                                                                                                                                                                                                                                                                                                                                                                                                                                                                                                                                                                                                                                                                                                                                                                                                                                                                                                                                                                                                                                                                                                                                                                                                                                                                                                                                                                                                                                                                                                                                                                                                                                                                                                                                                                                                                                                                                                                                                                                                                                                                                                                                                                                                                                                                                                                                                                                                                                                                                                                                                                                                                                                                                                                                                                                                                                                                                                                                                                                                                                                                                                                                                                                                                                                                                                                                                                                                                                                                                                                                                                                                                                                                                                                                                                                                                                                                                                                                                                                                                                                                                                                                                                                                                                                                                                                                                                                                                                                                                                                                                                                                                                                                                                                                                                                                                                                                                                                                                                                                                                                                                                                                                                                                                                                                                                                                                                                                                                                                                                                                                                                                                                                                                                                                                                                                                                                                                                                                                                                                                                                                                                                                                                                                                                                                                                                                                                                                                                                                                                                                                                                                                                                                                                                                                                                                                                                                                                                                                                                                                                                                                                                                                                                                                                                                                                                                                                                                                                                                                                                                                                                                                                                                                                                                                                                                                                                                                                                                                                                                                                                                                                                                                                                                                                                                                                                                                                                                                                                                                                                                                                                                                                                                                                                                                                                                                                                                                                                                                                                                                                                                                                                                                                                                                                                                                                                                                                                                                                                                                                                                                                                                                                                                                                                                                                                                                                                                                                                                                                                                                                                                                                                                                                                                                                                                                                                                                                                                                                                                                                                                                                                                                                                                                                                                                                                                                                                                                                                                                                                                                                                                                                                                                                                                                                                                                                                                                                                                                                                                                                                                                                                                                                                                                                                                                                                                                                                                                                                                                                                                                                                                                                                                                                                                                                                                                                                                                                                                                                                                                                                                                                                                                                                                                                                                                                                                                                                                                                                                                                                                                                                                                                                                                                                                                                                                                                                                                                                                                                                                                                                                                                                                                                                                                                                                                                                                                                                                                                                                                                                                                                                                                                                                                                                                                                                                                                                                                                                                                                                                                                                                                                                                                                                                                                                                                                                                                                                                                                                                                                                                                                                                                                                                                                                                                                                                                                                                                                                                                                                                                                                                                                                                                                                                                                                                                                                                                                                                                                                                                                                                                                                                                                                                                                                                                                                                                                                                                                                                                                                                                                                                                                                                                                                                                                                                                                                                                                                                                                                                                                                                                                                                                                                                                                                                                                                                                                                                                                                                                                                                                                                                                                                                                                                                                                                                                                                                                                                                                                                                                                                                                                                                                                                                                                                                                                                                                                                                                                                                                                                                                                                                                                                                                                                                                                                                                                                                                                                                                                                                                                                                                                                                                                                                                                                                                                                                                                                                                                                                                                                                                                                                                                                                                                                                                                                                                                                                                                                                                                                                                                                                                                                                                                                                                                                                                                                                                                                                                                                                                                                                                                                                                                                                                                                                                                                                                                                                                                                                                                                                                                                                                                                                                                                                                                                                                                                                                                                                                                                                                                                                                                                                                                                                                                                                                                                                                                                                                                                                                                                                                                                                                                                                                                                                                                                                                                                                                                                                                                                                                                                                                                                                                                                                                                                                                                                                                                                                                                                                                                                                                                                                                                                                                                                                                                                                                                                                                                                                                                                                                                                                                                                                                                                                                                                                                                                                                                                                                                                                                                                                                                                                                                                                                                                                                                                                                                                                                                                                                                                                                                                                                                                                                                                                                                                                                                                                                                                                                                                                                                                                                                                                                                                                                                                                                                                                                                                                                                                                                                                                                                                                                                                                                                                                                                                                                                                                                                                                                                                                                                                                                                                                                                                                                                                                                                                                                                                                                                                                                                                                                                                                                                                                                                                                                                                                                                                                                                                                                                                                                                                                                                                                                                                                                                                                                                                                                                                                                                                                                                                                                                                                                                                                                                                                                                                                                                                                                                                                                                                                                                                                                                                                                                                                                                                                                                                                                                                                                                                                                                                                                                                                                                                                                                                                                                                                                                                                                                                                                                                                                                                                                                                                                                                                                                                                                                                                                                                                                                                                                                                                                                                                                                                                                                                                                                                                                                                                                                                                                                                                                                                                                                                                                                                                                                                                                                                                                                                                                                                                                                                                                                                                                                                                                                                                                                                                                                                                                                                                                                                                                                                                                                                                                                                                                                                                                                                                                                                                                                                                                                                                                                                                                                                                                                                                                                                                                                                                                                                                                                                                                                                                                                                                                                                                                                                                                                                                                                                                                                                                                                                                                                                                                                                                                                                                                                                                                                                                                                                                                                                                                                                                                                                                                                                                                                                                                                                                                                                                                                                                                                                                                                                                                                                                                                                                                                                                                                                                                                                                                                                                                                                                                                                                                                                                                                                                                                                                                                                                                                                                                                                                                                                                                                                                                                                                                                                                                                                                                                                                                                                                                                                                                                                                                                                                                                                                                                                                                                                                                                                                                                                                                                                                                                                                                                                                                                                                                                                                                                                                                                                                                                                                                                                                                                                                                                                                                                                                                                                                                                                                                                                                                                                                                                                                                                                                                                                                                                                                                                                                                                                                                                                                                                                                                                                                                                                                                                                                                                                                                                                                                                                                                                                                                                                                                                                                                                                                                                                                                                                                                                                                                                                                                                                                                                                                                                                                                                                                                                                                                                                                                                                                                                                                                                                                                                                                                                                                                                                                                                                                                                                                                                                                                                                                                                                                                                                                                                                                                                                                                                                                                                                                                                                                                                                                                                                                                                                                                                                                                                                                                                                                                                                                                                                                                                                                                                                                                                                                                                                                                                                                                                                                                                                                                                                                                                                                                                                                                                                                                                                                                                                                                                                                                                                                                                                                                                                                                                                                                                                                                                                                                                                                                                                                                                                                                                                                                                                                                                                                                                                                                                                                                                                                                                                                                                                                                                                                                                                                                                                                                                                                                                                                                                                                                                                                                                                                                                                                                                                                                                                                                                                                                                                                                                                                                                                                                                                                                                                                                                                                                                                                                                                                                                                                                                                                                                                                                                                                                                                                                                                                                                                                                                                                                                                                                                                                                                                                                                                                                                                                                                                                                                                                                                                                                                                                                                                                                                                                                                                                                                                                                                                                                                                                                                                                                                                                                                                                                                                                                                                                                                                                                                                                                                                                                                                                                                                                                                                                                                                                                                                                                                                                                                                                                                                                                                                                                                                                                                                                                                                                                                                                                                                                                                                                                                                                                                                                                                                                                                                                                                                                                                                                                                                                                                                                                                                                                                                                                                                                                                                                                                                                                                                                                                                                                                                                                                                                                                                                                                                                                                                                                                                                                                                                                                                                                                                                                                                                                                                                                                                                                                                                                                                                                                                                                                                                                                                                                                                                                                                                                                                                                                                                                                                                                                                                                                                                                                                                                                                                                                                                                                                                                                                                                                                                                                                                                                                                                                                                                                                                                                                                                                                                                                                                                                                                                                                                                                                                                                                                                                                                                                                                                                                                                                                                                                                                                                                                                                                                                                                                                                                                                                                                                                                                                                                                                                                                                                                                                                                                                                                                                                                                                                                                                                                                                                                                                                                                                                                                                                                                                                                                                                                                                                                                                                                                                                                                                                                                                                                                                                                                                                                                                                                                                                                                                                                                                                                                                                                                                                                                                                                                                                                                                                                                                                                                                                                                                                                                                                                                                                                                                                                                                                                                                                                                                                                                                                                                                                                                                                                                                                                                                                                                                                                                                                                                                                                                                                                                                                                                                                                                                                                                                                                                                                                                                                                                                                                                                                                                                                                                                                                                                                                                                                                                                                                                                                                                                                                                                                                                                                                                                                                                                                                                                                                                                                                                                                                                                                                                                                                                                                                                                                                                                                                                                                                                                                                                                                                                                                                                                                                                                                                                                                                                                                                                                                                                                                                                                                                                                                                                                                                                                                                                                                                                                                                                                                                                                                                                                                                                                                                                                                                                                                                                                                                                                                                                                                                                                                                                                                                                                                                                                                                                                                                                                                                                                                                                                                                                                                                                                                                                                                                                                                                                                                                                                                                                                                                                                                                                                                                                                                                                                                                                                                                                                                                                                                                                                                                                                                                                                                                                                                                                                                                                                                                                                                                                                                                                                                                                                                                                                                                                                                                                                                                                                                                                                                                                                                                                                                                                                                                                                                                                                                                                                                                                                                                                                                                                                                                                                                                                                                                                                                                                                                                                                                                                                                                                                                                                                                                                                                                                                                                                                                                                                                                                                                                                                                                                                                                                                                                                                                                                                                                                                                                                                                                                                                                                                                                                                                                                                                                                                                                                                                                                                                                                                                                                                                                                                                                                                                                                                                                                                                                                                                                                                                                                                                                                                                                                                                                                                                                                                                                                                                                                                                                                                                                                                                                                                                                                                                                                                                                                                                                                                                                                                                                                                                                                                                                                                                                                                                                                                                                                                                                                                                                                                                                                                                                                                                                                                                                                                                                                                                                                                                                                                                                                                                                                                                                                                                                                                                                                                                                                                                                                                                                                                                                                                                                                                                                                                                                                                                                                                                                                                                                                                                                                                                                                                                                                                                                                                                                                                                                                                                                                                                                                                                                                                                                                                                                                                                                                                                                                                                                                                                                                                                                                                                                                                                                                                                                                                                                                                                                                                                                                                                                                                                                                                                                                                                                                                                                                                                                                                                                                                                                                                                                                                                                                                                                                                                                                                                                                                                                                                                                                                                                                                                                                                                                                                                                                                                                                                                                                                                                                                                                                                                                                                                                                                                                                                                                                                                                                                                                                                                                                                                                                                                                                                                                                                                                                                                                                                                                                                                                                                                                                                                                                                                                                                                                                                                                                                                                                                                                                                                                                                                                                                                                                                                                                                                                                                                                                                                                                                                                                                                                                                                                                                                                                                                                                                                                                                                                                                                                                                                                                                                                                                                                                                                                                                                                                                                                                                                                                                                                                                                                                                                                                                                                                                                                                                                                                                                                                                                                                                                                                                                                                                                                                                                                                                                                                                                                                                                                                                                                                                                                                                                                                                                                                                                                                                                                                                                                                                                                                                                                                                                                                                                                                                                                                                                                                                                                                                                                                                                                                                                                                                                                                                                                                                                                                                                                                                                                                                                                                                                                                                                                                                                                                                                                                                                                                                                                                                                                                                                                                                                                                                                                                                                                                                                                                                                                                                                                                                                                                                                                                                                                                                                                                                                                                                                                                                                                                                                                                                                                                                                                                                                                                                                                                                                                                                                                                                                                                                                                                                                                                                                                                                                                                                                                                                                                                                                                                                                                                                                                                                                                                                                                                                                                                                                                                                                                                                                                                                                                                                                                                                                                                                                                                                                                                                                                                                                                                                                                                                                                                                                                                                                                                                                                                                                                                                                                                                                                                                                                                                                                                                                                                                                                                                                                                                                                                                                                                                                                                                                                                                                                                                                                                                                                                                                                                                                                                                                                                                                                                                                                                                                                                                                                                                                                                                                                                                                                                                                                                                                                                                                                                                                                                                                                                                                                                                                                                                                                                                                                                                                                                                                                                                                                                                                                                                                                                                                                                                                                                                                                                                                                                                                                                                                                                                                                                                                                                                                                                                                                                                                                                                                                                                                                                                                                                                                                                                                                                                                                                                                                                                                                                                                                                                                                                                                                                                                                                                                                                                                                                                                                                                                                                                                                                                                                                                                                                                                                                                                                                                                                                                                                                                                                                                                                                                                                                                                                                                                                                                                                                                                                                                                                                                                                                                                                                                                                                                                                                                                                                                                                                                                                                                                                                                                                                                                                                                                                                                                                                                                                                                                                                                                                                                                                                                                                                                                                                                                                                                                                                                                                                                                                                                                                                                                                                                                                                                                                                                                                                                                                                                                                                                                                                                                                                                                                                                                                                                                                                                                                                                                                                                                                                                                                                                                                                                                                                                                                                                                                                                                                                                                                                                                                                                                                                                                                                                                                                                                                                                                                                                                                                                                                                                                                                                                                                                                                                                                                                                                                                                                                                                                                                                                                                                                                                                                                                                                                                                                                                                                                                                                                                                                                                                                                                                                                                                                                                                                                                                                                                                                                                                                                                                                                                                                                                                                                                                                                                                                                                                                                                                                                                                                                                                                                                                                                                                                                                                                                                                                                                                                                                                                                                                                                                                                                                                                                                                                                                                                                                                                                                                                                                                                                                                                                                                                                                                                                                                                                                                                                                                                                                                                                                                                                                                                                                                                                                                                                                                                                                                                                                                                                                                                                                                                                                                                                                                                                                                                                                                                                                                                                                                                                                                                                                                                                                                                                                                                                                                                                                                                                                                                                                                                                                                                                                                                                                                                                                                                                                                                                                                                                                                                                                                                                                                                                                                                                                                                                                                                                                                                                                                                                                                                                                                                                                                                                                                                                                                                                                                                                                                                                                                                                                                                                                                                                                                                                                                                                                                                                                                                                                                                                                                                                                                                                                                                                                                                                                                                                                                                                                                                                                                                                                                                                                                                                                                                                                                                                                                                                                                                                                                                                                                                                                                                                                                                                                                                                                                                                                                                                                                                                                                                                                                                                                                                                                                                                                                                                                                                                                                                                                                                                                                                                                                                                                                                                                                                                                                                                                                                                                                                                                                                                                                                                                                                                                                                                                                                                                                                                                                                                                                                                                                                                                                                                                                                                                                                                                                                                                                                                                                                                                                                                                                                                                                                                                                                                                                                                                                                                                                                                                                                                                                                                                                                                                                                                                                                                                                                                                                                                                                                                                                                                                                                                                                                                                                                                                                                                                                                                                                                                                                                                                                                                                                                                                                                                                                                                                                                                                                                                                                                                                                                                                                                                                                                                                                                                                                                                                                                                                                                                                                                                                                                                                                                                                                                                                                                                                                                                                                                                                                                                                                                                                                                                                                                                                                                                                                                                                                                                                                                                                                                                                                                                                                                                                                                                                                                                                                                                                                                                                                                                                                                                                                                                                                                                                                                                                                                                                                                                                                                                                                                                                                                                                                                                                                                                                                                                                                                                                                                                                                                                                                                                                                                                                                                                                                                                                                                                                                                                                                                                                                                                                                                                                                                                                                                                                                                                                                                                                                                                                                                                                                                                                                                                                                                                                                                                                                                                                                                                                                                                                                                                                                                                                                                                                                                                                                                                                                                                                                                                                                                                                                                                                                                                                                                                                                                                                                                                                                                                                                                                                                                                                                                                                                                                                                                                                                                                                                                                                                                                                                                                                                                                                                                                                                                                                                                                                                                                                                                                                                                                                                                                                                                                                                                                                                                                                                                                                                                                                                                                                                                                                                                                                                                                                                                                                                                                                                                                                                                                                                                                                                                                                                                                                                                                                                                                                                                                                                                                                                                                                                                                                                                                                                                                                                                                                                                                                                                                                                                                                                                                                                                                                                                                                                                                                                                                                                                                                                                                                                                                                                                                                                                                                                                                                                                                                                                                                                                                                                                                                                                                                                                                                                                                                                                                                                                                                                                                                                                                                                                                                                                                                                                                                                                                                                                                                                                                                                                                                                                                                                                                                                                                                                                                                                                                                                                                                                                                                                                                                                                                                                                                                                                                                                                                                                                                                                                                                                                                                                                                                                                                                                                                                                                                                                                                                                                                                                                                                                                                                                                                                                                                                                                                                                                                                                                                                                                                                                                                                                                                                                                                                                                                                                                                                                                                                                                                                                                                                                                                                                                                                                                                                                                                                                                                                                                                                                                                                                                                                                                                                                                                                                                                                                                                                                                                                                                                                                                                                                                                                                                                                                                                                                                                                                                                                                                                                                                                                                                                                                                                                                                                                                                                                                                                                                                                                                                                                                                                                                                                                                                                                                                                                                                                                                                                                                                                                                                                                                                                                                                                                                                                                                                                                                                                                                                                                                                                                                                                                                                                                                                                                                                                                                                                                                                                                                                                                                                                                                                                                                                                                                                                                                                                                                                                                                                                                                                                                                                                                                                                                                                                                                                                                                                                                                                                                                                                                                                                                                                                                                                                                                                                                                                                                                                                                                                                                                                                                                                                                                                                                                                                                                                                                                                                                                                                                                                                                                                                                                                                                                                                                                                                                                                                                                                                                                                                                                                                                                                                                                                                                                                                                                                                                                                                                                                                                                                                                                                                                                                                                                                                                                                                                                                                                                                                                                                                                                                                                                                                                                                                                                                                                                                                                                                                                                                                                                                                                                                                                                                                                                                                                                                                                                                                                                                                                                                                                                                                                                                                                                                                                                                                                                                                                                                                                                                                                                                                                                                                                                                                                                                                                                                                                                                                                                                                                                                                                                                                                                                                                                                                                                                                                                                                                                                                                                                                                                                                                                                                                                                                                                                                                                                                                                                                                                                                                                                                                                                                                                                                                                                                                                                                                                                                                                                                                                                                                                                                                                                                                                                                                                                                                                                                                                                                                                                                                                                                                                                                                                                                                                                                                                                                                                                                                                                                                                                                                                                                                                                                                                                                                                                                                                                                                                                                                                                                                                                                                                                                                                                                                                                                                                                                                                                                                                                                                                                                                                                                                                                                                                                                                                                                                                                                                                                                                                                                                                                                                                                                                                                                                                                                                                                                                                                                                                                                                                                                                                                                                                                                                                                                                                                                                                                                                                                                                                                                                                                                                                                                                                                                                                                                                                                                                                                                                                                                                                                                                                                                                                                                                                                                                                                                                                                                                                                                                                                                                                                                                                                                                                                                                                                                                                                                                                                                                                                                                                                                                                                                                                                                                                                                                                                                                                                                                                                                                                                                                                                                                                                                                                                                                                                                                                                                                                                                                                                                                                                                                                                                                                                                                                                                                                                                                                                                                                                                                                                                                                                                                                                                                                                                                                                                                                                                                                                                                                                                                                                                                                                                                                                                                                                                                                                                                                                                                                                                                                                                                                                                                                                                                                                                                                                                                                                                                                                                                                                                                                                                                                                                                                                                                                                                                                                                                                                                                                                                                                                                                                                                                                                                                                                                                                                                                                                                                                                                                                                                                                                                                                                                                                                                                                                                                                                                                                                                                                                                                                                                                                                                                                                                                                                                                                                                                                                                                                                                                                                                                                                                                                                                                                                                                                                                                                                                                                                                                                                                                                                                                                                                                                                                                                                                                                                                                                                                                                                                                                                                                                                                                                                                                                                                                                                                                                                                                                                                                                                                                                                                                                                                                                                                                                                                                                                                                                                                                                                                                                                                                                                                                                                                                                                                                                                                                                                                                                                                                                                                                                                                                                                                                                                                                                                                                                                                                                                                                                                                                                                                                                                                                                                                                                                                                                                                                                                                                                                                                                                                                                                                                                                                                                                                                                                                                                                                                                                                                                                                                                                                                                                                                                                                                                                                                                                                                                                                                                                                                                                                                                                                                                                                                                                                                                                                                                                                                                                                                                                                                                                                                                                                                                                                                                                                                                                                                                                                                                                                                                                                                                                                                                                                                                                                                                                                                                                                                                                                                                                                                                                                                                                                                                                                                                                                                                                                                                                                                                                                                                                                                                                                                                                                                                                                                                                                                                                                                                                                                                                                                                                                                                                                                                                                                                                                                                                                                                                                                                                                                                                                                                                                                                                                                                                                                                                                                                                                                                                                                                                                                                                                                                                                                                                                                                                                                                                                                                                                                                                                                                                                                                                                                                                                                                                                                                                                                                                                                                                                                                                                                                                                                                                                                                                                                                                                                                                                                                                                                                                                                                                                                                                                                                                                                                                                                                                                                                                                                                                                                                                                                                                                                                                                                                                                                                                                                                                                                                                                                                                                                                                                                                                                                                                                                                                                                                                                                                                                                                                                                                                                                                                                                                                                                                                                                                                                                                                                                                                                                                                                                                                                                                                                                                                                                                                                                                                                                                                                                                                                                                                                                                                                                                                                                                                                                                                                                                                                                                                                                                                                                                                                                                                                                                                                                                                                                                                                                                                                                                                                                                                                                                                                                                                                                                                                                                                                                                                                                                                                                                                                                                                                                                                                                                                                                                                                                                                                                                                                                                                                                                                                                                                                                                                                                                                                                                                                                                                                                                                                                                                                                                                                                                                                                                                                                                                                                                                                                                                                                                                                                                                                                                                                                                                                                                                                                                                                                                                                                                                                                                                                                                                                                                                                                                                                                                                                                                                                                                                                                                                                                                                                                                                                                                                                                                                                                                                                                                                                                                                                                                                                                                                                                                                                                                                                                                                                                                                                                                                                                                                                                                                                                                                                                                                                                                                                                                                                                                                                                                                                                                                                                                                                                                                                                                                                                                                                                                                                                                                                                                                                                                                                                                                                                                                                                                                                                                                                                                                                                                                                                                                                                                                                                                                                                                                                                                                                                                                                                                                                                                                                                                                                                                                                                                                                                                                                                                                                                                                                                                                                                                                                                                                                                                                                                                                                                                                                                                                                                                                                                                                                                                                                                                                                                                                                                                                                                                                                                                                                                                                                                                                                                                                                                                                                                                                                                                                                                                                                                                                                                                                                                                                                                                                                                                                                                                                                                                                                                                                                                                                                                                                                                                                                                                                                                                                                                                                                                                                                                                                                                                                                                                                                                                                                                                                                                                                                                                                                                                                                                                                                                                                                                                                                                                                                                                                                                                                                                                                                                                                                                                                                                                                                                                                                                                                                                                                                                                                                                                                                                                                                                                                                                                                                                                                                                                                                                                                                                                                                                                                                                                                                                                                                                                                                                                                                                                                                                                                                                                                                                                                                                                                                                                                                                                                                                                                                                                                                                                                                                                                                                                                                                                                                                                                                                                                                                                                                                                                                                                                                                                                                                                                                                                                                                                                                                                                                                                                                                                                                                                                                                                                                                                                                                                                                                                                                                                                                                                                                                                                                                                                                                                                                                                                                                                                                                                                                                                                                                                                                                                                                                                                                                                                                                                                                                                                                                                                                                                                                                                                                                                                                                                                                                                                                                                                                                                                                                                                                                                                                                                                                                                                                                                                                                                                                                                                                                                                                                                                                                                                                                                                                                                                                                                                                                                                                                                                                                                                                                                                                                                                                                                                                                                                                                                                                                                                                                                                                                                                                                                                                                                                                                                                                                                                                                                                                                                                                                                                                                                                                                                                                                                                                                                                                                                                                                                                                                                                                                                                                                                                                                                                                                                                                                                                                                                                                                                                                                                                                                                                                                                                                                                                                                                                                                                                                                                                                                                                                                                                                                                                                                                                                                                                                                                                                                                                                                                                                                                                                                                                                                                                                                                                                                                                                                                                                                                                                                                                                                                                                                                                                                                                                                                                                                                                                                                                                                                                                                                                                                                                                                                                                                                                                                                                                                                                                                                                                                                                                                                                                                                                                                                                                                                                                                                                                                                                                                                                                                                                                                                                                                                                                                                                                                                                                                                                                                                                                                                                                                                                                                                                                                                                                                                                                                                                                                                                                                                                                                                                                                                                                                                                                                                                                                                                                                                                                                                                                                                                                                                                                                                                                                                                                                                                                                                                                                                                                                                                                                                                                                                                                                                                                                                                                                                                                                                                                                                                                                                                                                                                                                                                                                                                                                                                                                                                                                                                                                                                                                                                                                                                                                                                                                                                                                                                                                                                                                                                                                                                                                                                                                                                                                                                                                                                                                                                                                                                                                                                                                                                                                                                                                                                                                                                                                                                                                                                                                                                                                                                                                                                                                                                                                                                                                                                                                                                                                                                                                                                                                                                                                                                                                                                                                                                                                                                                                                                                                                                                                                                                                                                                                                                                                                                                                                                                                                                                                                                                                                                                                                                                                                                                                                                                                                                                                                                                                                                                                                                                                                                                                                                                                                                                                                                                                                                                                                                                                                                                                                                                                                                                                                                                                                                                                                                                                                                                                                                                                                                                                                                                                                                                                                                                                                                                                                                                                                                                                                                                                                                                                                                                                                                                                                                                                                                                                                                                                                                                                                                                                                                                                                                                                                                                                                                                                                                                                                                                                                                                                                                                                                                                                                                                                                                                                                                                                                                                                                                                                                                                                                                                                                                                                                                                                                                                                                                                                                                                                                                                                                                                                                                                                                                                                                                                                                                                                                                                                                                                                                                                                                                                                                                                                                                                                                                                                                                                                                                                                                                                                                                                                                                                                                                                                                                                                                                                                                                                                                                                                                                                                                                                                                                                                                                                                                                                                                                                                                                                                                                                                                                                                                                                                                                                                                                                                                                                                                                                                                                                                                                                                                                                                                                                                                                                                                                                                                                                                                                                                                                                                                                                                                                                                                                                                                                                                                                                                                                                                                                                                                                                                                                                                                                                                                                                                                                                                                                                                                                                                                                                                                                                                                                                                                                                                                                                                                                                                                                                                                                                                                                                                                                                                                                                                                                                                                                                                                                                                                                                                                                                                                                                                                                                                                                                                                                                                                                                                                                                                                                                                                                                                                                                                                                                                                                                                                                                                                                                                                                                                                                                                                                                                                                                                                                                                                                                                                                                                                                                                                                                                                                                                                                                                                                                                                                                                                                                                                                                                                                                                                                                                                                                                                                                                                                                                                                                                                                                                                                                                                                                                                                                                                                                                                                                                                                                                                                                                                                                                                                                                                                                                                                                                                                                                                                                                                                                                                                                                                                                                                                                                                                                                                                                                                                                                                                                                                                                                                                                                                                                                                                                                                                                                                                                                                                                                                                                                                                                                                                                                                                                                                                                                                                                                                                                                                                                                                                                                                                                                                                                                                                                                                                                                                                                                                                                                                                                                                                                                                                                                                                                                                                                                                                                                                                                                                                                                                                                                                                                                                                                                                                                                                                                                                                                                                                                                                                                                                                                                                                                                                                                                                                                                                                                                                                                                                                                                                                                                                                                                                                                                                                                                                                                                                                                                                                                                                                                                                                                                                                                                                                                                                                                                                                                                                                                                                                                                                                                                                                                                                                                                                                                                                                                                                                                                                                                                                                                                                                                                                                                                                                                                                                                                                                                                                                                                                                                                                                                                                                                                                                                                                                                                                                                                                                                                                                                                                                                                                                                                                                                                                                                                                                                                                                                                                                                                                                                                                                                                                                                                                                                                                                                                                                                                                                                                                                                                                                                                                                                                                                                                                                                                                                                                                                                                                                                                                                                                                                                                                                                                                                                                                                                                                                                                                                                                                                                                                                                                                                                                                                                                                                                                                                                                                                                                                                                                                                                                                                                                                                                                                                                                                                                                                                                                                                                                                                                                                                                                                                                                                                                                                                                                                                                                                                                                                                                                                                                                                                                                                                                                                                                                                                                                                                                                                                                                                                                                                                                                                                                                                                                                                                                                                                                                                                                                                                                                                                                                                                                                                                                                                                                                                                                                                                                                                                                                                                                                                                                                                                                                                                                                                                                                                                                                                                                                                                                                                                                                                                                                                                                                                                                                                                                                                                                                                                                                                                                                                                                                                                                                                                                                                                                                                                                                                                                                                                                                                                                                                                                                                                                                                                                                                                                                                                                                                                                                                                                                                                                                                                                                                                                                                                                                                                                                                                                                                                                                                                                                                                                                                                                                                                                                                                                                                                                                                                                                                                                                                                                                                                                                                                                                                                                                                                                                                                                                                                                                                                                                                                                                                                                                                                                                                                                                                                                                                                                                                                                                                                                                                                                                                                                                                                                                                                                                                                                                                                                                                                                                                                                                                                                                                                                                                                                                                                                                                                                                                                                                                                                                                                                                                                                                                                                                                                                                                                                                                                                                                                                                                                                                                                                                                                                                                                                                                                                                                                                                                                                                                                                                                                                                                                                                                                                                                                                                                                                                                                                                                                                                                                                                                                                                                                                                                                                                                                                                                                                                                                                                                                                                                                                                                                                                                                                                                                                                                                                                                                                                                                                                                                                                                                                                                                                                                                                                                                                                                                                                                                                                                                                                                                                                                                                                                                                                                                                                                                                                                                                                                                                                                                                                                                                                                                                                                                                                                                                                                                                                                                                                                                                                                                                                                                                                                                                                                                                                                                                                                                                                                                                                                                                                                                                                                                                                                                                                                                                                                                                                                                                                                                                                                                                                                                                                                                                                                                                                                                                                                                                                                                                                                                                                                                                                                                                                                                                                                                                                                                                                                                                                                                                                                                                                                                                                                                                                                                                                                                                                                                                                                                                                                                                                                                                                                                                                                                                                                                                                                                                                                                                                                                                                                                                                                                                                                                                                                                                                                                                                                                                                                                                                                                                                                                                                                                                                                                                                                                                                                                                                                                                                                                                                                                                                                                                                                                                                                                                                                                                                                                                                                                                                                                                                                                                                                                                                                                                                                                                                                                                                                                                                                                                                                                                                                                                                                                                                                                                                                                                                                                                                                                                                                                                                                                                                                                                                                                                                                                                                                                                                                                                                                                                                                                                                                                                                                                                                                                                                                                                                                                                                                                                                                                                                                                                                                                                                                                                                                                                                                                                                                                                                                                                                                                                                                                                                                                                                                                                                                                                                                                                                                                                                                                                                                                                                                                                                                                                                                                                                                                                                                                                                                                                                                                                                                                                                                                                                                                                                                                                                                                                                                                                                                                                                                                                                                                                                                                                                                                                                                                                                                                                                                                                                                                                                                                                                                                                                                                                                                                                                                                                                                                                                                                                                                                                                                                                                                                                                                                                                                                                                                                                                                                                                                                                                                                                                                                                                                                                                                                                                                                                                                                                                                                                                                                                                                                                                                                                                                                                                                                                                                                                                                                                                                                                                                                                                                                                                                                                                                                                                                                                                                                                                                                                                                                                                                                                                                                                                                                                                                                                                                                                                                                                                                                                                                                                                                                                                                                                                                                                                                                                                                                                                                                                                                                                                                                                                                                                                                                                                                                                                                                                                                                                                                                                                                                                                                                                                                                                                                                                                                                                                                                                                                                                                                                                                                                                                                                                                                                                                                                                                                                                                                                                                                                                                                                                                                                                                                                                                                                                                                                                                                                                                                                                                                                                                                                                                                                                                                                                                                                                                                                                                                                                                                                                                                                                                                                                                                                                                                                                                                                                                                                                                                                                                                                                                                                                                                                                                                                                                                                                                                                                                                                                                                                                                                                                                                                                                                                                                                                                                                                                                                                                                                                                                                                                                                                                                                                                                                                                                                                                                                                                                                                                                                                                                                                                                                                                                                                                                                                                                                                                                                                                                                                                                                                                                                                                                                                                                                                                                                                                                                                                                                                                                                                                                                                                                                                                                                                                                                                                                                                                                                                                                                                                                                                                                                                                                                                                                                                                                                                                                                                                                                                                                                                                                                                                                                                                                                                                                                                                                                                                                                                                                                                                                                                                                                                                                                                                                                                                                                                                                                                                                                                                                                                                                                                                                                                                                                                                                                                                                                                                                                                                                                                                                                                                                                                                                                                                                                                                                                                                                                                                                                                                                                                                                                                                                                                                                                                                                                                                                                                                                                                                                                                                                                                                                                                                                                                                                                                                                                                                                                                                                                                                                                                                                                                                                                                                                                                                                                                                                                                                                                                                                                                                                                                                                                                                                                                                                                                                                                                                                                                                                                                                                                                                                                                                                                                                                                                                                                                                                                                                                                                                                                                                                                                                                                                                                                                                                                                                                                                                                                                                                                                                                                                                                                                                                                                                                                                                                                                                                                                                                                                                                                                                                                                                                                                                                                                                                                                                                                                                                                                                                                                                                                                                                                                                                                                                                                                                                                                                                                                                                                                                                                                                                                                                                                                                                                                                                                                                                                                                                                                                                                                                                                                                                                                                                                                                                                                                                                                                                                                                                                                                                                                                                                                                                                                                                                                                                                                                                                                                                                                                                                                                                                                                                                                                                                                                                                                                                                                                                                                                                                                                                                                                                                                                                                                                                                                                                                                                                                                                                                                                                                                                                                                                                                                                                                                                                                                                                                                                                                                                                                                                                                                                                                                                                                                                                                                                                                                                                                                                                                                                                                                                                                                                                                                                                                                                                                                                                                                                                                                                                                                                                                                                                                                                                                                                                                                                                                                                                                                                                                                                                                                                                                                                                                                                                                                                                                                                                                                                                                                                                                                                                                                                                                                                                                                                                                                                                                                                                                                                                                                                                                                                                                                                                                                                                                                                                                                                                                                                                                                                                                                                                                                                                                                                                                                                                                                                                                                                                                                                                                                                                                                                                                                                                                                                                                                                                                                                                                                                                                                                                                                                                                                                                                                                                                                                                                                                                                                                                                                                                                                                                                                                                                                                                                                                                                                                                                                                                                                                                                                                                                                                                                                                                                                                                                                                                                                                                                                                                                                                                                                                                                                                                                                                                                                                                                                                                                                                                                                                                                                                                                                                                                                                                                                                                                                                                                                                                                                                                                                                                                                                                                                                                                                                                                                                                                                                                                                                                                                                                                                                                                                                                                                                                                                                                                                                                                                                                                                                                                                                                                                                                                                                                                                                                                                                                                                                                                                                                                                                                                                                                                                                                                                                                                                                                                                                                                                                                                                                                                                                                                                                                                                                                                                                                                                                                                                                                                                                                                                                                                                                                                                                                                                                                                                                                                                                                                                                                                                                                                                                                                                                                                                                                                                                                                                                                                                                                                                                                                                                                                                                                                                                                                                                                                                                                                                                                                                                                                                                                                                                                                                                                                                                                                                                                                                                                                                                                                                                                                                                                                                                                                                                                                                                                                                                                                                                                                                                                                                                                                                                                                                                                                                                                                                                                                                                                                                                                                                                                                                                                                                                                                                                                                                                                                                                                                                                                                                                                                                                                                                                                                                                                                                                                                                                                                                                                                                                                                                                                                                                                                                                                                                                                                                                                                                                                                                                                                                                                                                                                                                                                                                                                                                                                                                                                                                                                                                                                                                                                                                                                                                                                                                                                                                                                                                                                                                                                                                                                                                                                                                                                                                                                                                                                                                                                                                                                                                                                                                                                                                                                                                                                                                                                                                                                                                                                                                                                                                                                                                                                                                                                                                                                                                                                                                                                                                                                                                                                                                                                                                                                                                                                                                                                                                                                                                                                                                                                                                                                                                                                                                                                                                                                                                                                                                                                                                                                                                                                                                                                                                                                                                                                                                                                                                                                                                                                                                                                                                                                                                                                                                                                                                                                                                                                                                                                                                                                                                                                                                                                                                                                                                                                                                                                                                                                                                                                                                                                                                                                                                                                                                                                                                                                                                                                                                                                                                                                                                                                                                                                                                                                                                                                                                                                                                                                                                                                                                                                                                                                                                                                                                                                                                                                                                                                                                                                                                                                                                                                                                                                                                                                                                                                                                                                                                                                                                                                                                                                                                                                                                                                                                                                                                                                                                                                                                                                                                                                                                                                                                                                                                                                                                                                                                                                                                                                                                                                                                                                                                                                                                                                                                                                                                                                                                                                                                                                                                                                                                                                                                                                                                                                                                                                                                                                                                                                                                                                                                                                                                                                                                                                                                                                                                                                                                                                                                                                                                                                                                                                                                                                                                                                                                                                                                                                                                                                                                                                                                                                                                                                                                                                                                                                                                                                                                                                                                                                                                                                                                                                                                                                                                                                                                                                                                                                                                                                                                                                                                                                                                                                                                                                                                                                                                                                                                                                                                                                                                                                                                                                                                                                                                                                                                                                                                                                                                                                                                                                                                                                                                                                                                                                                                                                                                                                                                                                                                                                                                                                                                                                                                                                                                                                                                                                                                                                                                                                                                                                                                                                                                                                                                                                                                                                                                                                                                                                                                                                                                                                                                                                                                                                                                                                                                                                                                                                                                                                                                                                                                                                                                                                                                                                                                                                                                                                                                                                                                                                                                                                                                                                                                                                                                                                                                                                                                                                                                                                                                                                                                                                                                                                                                                                                                                                                                                                                                                                                                                                                                                                                                                                                                                                                                                                                                                                                                                                                                                                                                                                                                                                                                                                                                                                                                                                                                                                                                                                                                                                                                                                                                                                                                                                                                                                                                                                                                                                                                                                                                                                                                                                                                                                                                                                                                                                                                                                                                                                                                                                                                                                                                                                                                                                                                                                                                                                                                                                                                                                                                                                                                                                                                                                                                                                                                                                                                                                                                                                                                                                                                                                                                                                                                                                                                                                                                                                                                                                                                                                                                                                                                                                                                                                                                                                                                                                                                                                                                                                                                                                                                                                                                                                                                                                                                                                                                                                                                                                                                                                                                                                                                                                                                                                                                                                                                                                                                                                                                                                                                                                                                                                                                                                                                                                                                                                                                                                                                                                                                                                                                                                                                                                                                                                                                                                                                                                                                                                                                                                                                                                                                                                                                                                                                                                                                                                                                                                                                                                                                                                                                                                                                                                                                                                                                                                                                                                                                                                                                                                                                                                                                                                                                                                                                                                                                                                                                                                                                                                                                                                                                                                                                                                                                                                                                                                                                                                                                                                                                                                                                                                                                                                                                                                                                                                                                                                                                                                                                                                                                                                                                                                                                                                                                                                                                                                                                                                                                                                                                                                                                                                                                                                                                                                                                                                                                                                                                                                                                                                                                                                                                                                                                                                                                                                                                                                                                                                                                                                                                                                                                                                                                                                                                                                                                                                                                                                                                                                                                                                                                                                                                                                                                                                                                                                                                                                                                                                                                                                                                                                                                                                                                                                                                                                                                                                                                                                                                                                                                                                                                                                                                                                                                                                                                                                                                                                                                                                                                                                                                                                                                                                                                                                                                                                                                                                                                                                                                                                                                                                                                                                                                                                                                                                                                                                                                                                                                                                                                                                                                                                                                                                                                                                                                                                                                                                                                                                                                                                                                                                                                                                                                                                                                                                                                                                                                                                                                                                                                                                                                                                                                                                                                                                                                                                                                                                                                                                                                                                                                                                                                                                                                                                                                                                                                                                                                                                                                                                                                                                                                                                                                                                                                                                                                                                                                                                                                                                                                                                                                                                                                                                                                                                                                                                                                                                                                                                                                                                                                                                                                                                                                                                                                                                                                                                                                                                                                                                                                                                                                                                                                                                                                                                                                                                                                                                                                                                                                                                                                                                                                                                                                                                                                                                                                                                                                                                                                                                                                                                                                                                                                                                                                                                                                                                                                                                                                                                                                                                                                                                                                                                                                                                                                                                                                                                                                                                                                                                                                                                                                                                                                                                                                                                                                                                                                                                                                                                                                                                                                                                                                                                                                                                                                                                                                                                                                                                                                                                                                                                                                                                                                                                                                                                                                                                                                                                                                                                                                                                                                                                                                                                                                                                                                                                                                                                                                                                                                                                                                                                                                                                                                                                                                                                                                                                                                                                                                                                                                                                                                                                                                                                                                                                                                                                                                                                                                                                                                                                                                                                                                                                                                                                                                                                                                                                                                                                                                                                                                                                                                                                                                                                                                                                                                                                                                                                                                                                                                                                                                                                                                                                                                                                                                                                                                                                                                                                                                                                                                                                                                                                                                                                                                                                                                                                                                                                                                                                                                                                                                                                                                                                                                                                                                                                                                                                                                                                                                                                                                                                                                                                                                                                                                                                                                                                                                                                                                                                                                                                                                                                                                                                                                                                                                                                                                                                                                                                                                                                                                                                                                                                                                                                                                                                                                                                                                                                                                                                                                                                                                                                                                                                                                                                                                                                                                                                                                                                                                                                                                                                                                                                                                                                                                                                                                                                                                                                                                                                                                                                                                                                                                                                                                                                                                                                                                                                                                                                                                                                                                                                                                                                                                                                                                                                                                                                                                                                                                                                                                                                                                                                                                                                                                                                                                                                                                                                                                                                                                                                                                                                                                                                                                                                                                                                                                                                                                                                                                                                                                                                                                                                                                                                                                                                                                                                                                                                                                                                                                                                                                                                                                                                                                                                                                                                                                                                                                                                                                                                                                                                                                                                                                                                                                                                                                                                                                                                                                                                                                                                                                                                                                                                                                                                                                                                                                                                                                                                                                                                                                                                                                                                                                                                                                                                                                                                                                                                                                                                                                                                                                                                                                                                                                                                                                                                                                                                                                                                                                                                                                                                                                                                                                                                                                                                                                                                                                                                                                                                                                                                                                                                                                                                                                                                                                                                                                                                                                                                                                                                                                                                                                                                                                                                                                                                                                                                                                                                                                                                                                                                                                                                                                                                                                                                                                                                                                                                                                                                                                                                                                                                                                                                                                                                                                                                                                                                                                                                                                                                                                                                                                                                                                                                                                                                                                                                                                                                                                                                                                                                                                                                                                                                                                                                                                                                                                                                                                                                                                                                                                                                                                                                                                                                                                                                                                                                                                                                                                                                                                                                                                                                                                                                                                                                                                                                                                                                                                                                                                                                                                                                                                                                                                                                                                                                                                                                                                                                                                                                                                                                                                                                                                                                                                                                                                                                                                                                                                                                                                                                                                                                                                                                                                                                                                                                                                                                                                                                                                                                                                                                                                                                                                                                                                                                                                                                                                                                                                                                                                                                                                                                                                                                                                                                                                                                                                                                                                                                                                                                                                                                                                                                                                                                                                                                                                                                                                                                                                                                                                                                                                                                                                                                                                                                                                                                                                                                                                                                                                                                                                                                                                                                                                                                                                                                                                                                                                                                                                                                                                                                                                                                                                                                                                                                                                                                                                                                                                                                                                                                                                                                                                                                                                                                                                                                                                                                                                                                                                                                                                                                                                                                                                                                                                                                                                                                                                                                                                                                                                                                                                                                                                                                                                                                                                                                                                                                                                                                                                                                                                                                                                                                                                                                                                                                                                                                                                                                                                                                                                                                                                                                                                                                                                                                                                                                                                                                                                                                                                                                                                                                                                                                                                                                                                                                                                                                                                                                                                                                                                                                                                                                                                                                                                                                                                                                                                                                                                                                                                                                                                                                                                                                                                                                                                                                                                                                                                                                                                                                                                                                                                                                                                                                                                                                                                                                                                                                                                                                                                                                                                                                                                                                                                                                                                                                                                                                                                                                                                                                                                                                                                                                                                                                                                                                                                                                                                                                                                                                                                                                                                                                                                                                                                                                                                                                                                                                                                                                                                                                                                                                                                                                                                                                                                                                                                                                                                                                                                                                                                                                                                                                                                                                                                                                                                                                                                                                                                                                                                                                                                                                                                                                                                                                                                                                                                                                                                                                                                                                                                                                                                                                                                                                                                                                                                                                                                                                                                                                                                                                                                                                                                                                                                                                                                                                                                                                                                                                                                                                                                                                                                                                                                                                                                                                                                                                                                                                                                                                                                                                                                                                                                                                                                                                                                                                                                                                                                                                                                                                                                                                                                                                                                                                                                                                                                                                                                                                                                                                                                                                                                                                                                                                                                                                                                                                                                                                                                                                                                                                                                                                                                                                                                                                                                                                                                                                                                                                                                                                                                                                                                                                                                                                                                                                                                                                                                                                                                                                                                                                                                                                                                                                                                                                                                                                                                                                                                                                                                                                                                                                                                                                                                                                                                                                                                                                                                                                                                                                                                                                                                                                                                                                                                                                                                                                                                                                                                                                                                                                                                                                                                                                                                                                                                                                                                                                                                                                                                                                                                                                                                                                                                                                                                                                                                                                                                                                                                                                                                                                                                                                                                                                                                                                                                                                                                                                                                                                                                                                                                                                                                                                                                                                                                                                                                                                                                                                                                                                                                                                                                                                                                                                                                                                                                                                                                                                                                                                                                                                                                                                                                                                                                                                                                                                                                                                                                                                                                                                                                                                                                                                                                                                                                                                                                                                                                                                                                                                                                                                                                                                                                                                                                                                                                                                                                                                                                                                                                                                                                                                                                                                                                                                                                                                                                                                                                                                                                                                                                                                                                                                                                                                                                                                                                                                                                                                                                                                                                                                                                                                                                                                                                                                                                                                                                                                                                                                                                                                                                                                                                                                                                                                                                                                                                                                                                                                                                                                                                                                                                                                                                                                                                                                                                                                                                                                                                                                                                                                                                                                                                                                                                                                                                                                                                                                                                                                                                                                                                                                                                                                                                                                                                                                                                                                                                                                                                                                                                                                                                                                                                                                                                                                                                                                                                                                                                                                                                                                                                                                                                                                                                                                                                                                                                                                                                                                                                                                                                                                                                                                                                                                                                                                                                                                                                                                                                                                                                                                                                                                                                                                                                                                                                                                                                                                                                                                                                                                                                                                                                                                                                                                                                                                                                                                                                                                                                                                                                                                                                                                                                                                                                                                                                                                                                                                                                                                                                                                                                                                                                                                                                                                                                                                                                                                                                                                                                                                                                                                                                                                                                                                                                                                                                                                                                                                                                                                                                                                                                                                                                                                                                                                                                                                                                                                                                                                                                                                                                                                                                                                                                                                                                                                                                                                                                                                                                                                                                                                                                                                                                                                                                                                                                                                                                                                                                                                                                                                                                                                                                                                                                                                                                                                                                                                                                                                                                                                                                                                                                                                                                                                                                                                                                                                                                                                                                                                                                                                                                                                                                                                                                                                                                                                                                                                                                                                                                                                                                                                                                                                                                                                                                                                                                                                                                                                                                                                                                                                                                                                                                                                                                                                                                                                                                                                                                                                                                                                                                                                                                                                                                                                                                                                                                                                                                                                                                                                                                                                                                                                                                                                                                                                                                                                                                                                                                                                                                                                                                                                                                                                                                                                                                                                                                                                                                                                                                                                                                                                                                                                                                                                                                                                                                                                                                                                                                                                                                                                                                                                                                                                                                                                                                                                                                                                                                                                                                                                                                                                                                                                                                                                                                                                                                                                                                                                                                                                                                                                                                                                                                                                                                                                                                                                                                                                                                                                                                                                                                                                                                                                                                                                                                                                                                                                                                                                                                                                                                                                                                                                                                                                                                                                                                                                                                                                                                                                                                                                                                                                                                                                                                                                                                                                                                                                                                                                                                                                                                                                                                                                                                                                                                                                                                                                                                                                                                                                                                                                                                                                                                                                                                                                                                                                                                                                                                                                                                                                                                                                                                                                                                                                                                                                                                                                                                                                                                                                                                                                                                                                                                                                                                                                                                                                                                                                                                                                                                                                                                                                                                                                                                                                                                                                                                                                                                                                                                                                                                                                                                                                                                                                                                                                                                                                                                                                                                                                                                                                                                                                                                                                                                                                                                                                                                                                                                                                                                                                                                                                                                                                                                                                                                                                                                                                                                                                                                                                                                                                                                                                                                                                                                                                                                                                                                                                                                                                                                                                                                                                                                                                                                                                                                                                                                                                                                                                                                                                                                                                                                                                                                                                                                                                                                                                                                                                                                                                                                                                                                                                                                                                                                                                                                                                                                                                                                                                                                                                                                                                                                                                                                                                                                                                                                                                                                                                                                                                                                                                                                                                                                                                                                                                                                                                                                                                                                                                                                                                                                                                                                                                                                                                                                                                                                                                                                                                                                                                                                                                                                                                                                                                                                                                                                                                                                                                                                                                                                                                                                                                                                                                                                                                                                                                                                                                                                                                                                                                                                                                                                                                                                                                                                                                                                                                                                                                                                                                                                                                                                                                                                                                                                                                                                                                                                                                                                                                                                                                                                                                                                                                                                                                                                                                                                                                                                                                                                                                                                                                                                                                                                                                                                                                                                                                                                                                                                                                                                                                                                                                                                                                                                                                                                                                                                                                                                                                                                                                                                                                                                                                                                                                                                                                                                                                                                                                                                                                                                                                                                                                                                                                                                                                                                                                                                                                                                                                                                                                                                                                                                                                                                                                                                                                                                                                                                                                                                                                                                                                                                                                                                                                                                                                                                                                                                                                                                                                                                                                                                                                                                                                                                                                                                                                                                                                                                                                                                                                                                                                                                                                                                                                                                                                                                                                                                                                                                                                                                                                                                                                                                                                                                                                                                                                                                                                                                                                                                                                                                                                                                                                                                                                                                                                                                                                                                                                                                                                                                                                                                                                                                                                                                                                                                                                                                                                                                                                                                                                                                                                                                                                                                                                                                                                                                                                               c  Tick #516  |  Interval: 5000ms  |  8:16:14 PM

 📡 Posting Vitals This Tick:
 Admission #1 [recovering]  STABLE [0] 
   HR: 85 bpm BP: 125 mmHg SpO2: 97.4% Temp: 37.3°C
 Admission #2 [stable]  STABLE [0] 
   HR: 77 bpm BP: 118 mmHg SpO2: 97.7% Temp: 36.7°C
 Admission #3 [moderate]  MODERATE [4] 
   HR: 101 bpm BP: 158 mmHg SpO2: 90.9% Temp: 38.1°C
 Admission #6 [critical]  CRITICAL [10]  
   HR: 143 bpm BP: 186 mmHg SpO2: 85.5% Temp: 40.1°C
 Admission #7 [recovering]  STABLE [0] 
   HR: 85 bpm BP: 122 mmHg SpO2: 97.3% Temp: 37.1°C
 Admission #8 [stable]  STABLE [0] 
   HR: 71 bpm BP: 118 mmHg SpO2: 97.2% Temp: 36.8°C
 Admission #9 [moderate]  MODERATE [4] 
   HR: 103 bpm BP: 141 mmHg SpO2: 93.3% Temp: 38.3°C
 Admission #10 [critical]  CRITICAL [10]  
   HR: 148 bpm BP: 178 mmHg SpO2: 82.9% Temp: 39.8°C
 Admission #36 [recovering]  STABLE [0] 
   HR: 83 bpm BP: 122 mmHg SpO2: 97.1% Temp: 37.3°C
 Admission #37 [stable]  STABLE [0] 
   HR: 79 bpm BP: 116 mmHg SpO2: 97.2% Temp: 36.8°C
 Admission #38 [moderate]  MODERATE [4] 
   HR: 108 bpm BP: 145 mmHg SpO2: 91.5% Temp: 38.6°C
 Admission #39 [critical]  CRITICAL [10]  
   HR: 150 bpm BP: 192 mmHg SpO2: 83.9% Temp: 39.9°C

  Next update in 5s... (Ctrl+C to stop)

c  Tick #517  |  Interval: 5000ms  |  8:16:19 PM

 📡 Posting Vitals This Tick:
 Admission #1 [recovering]  STABLE [0] 
   HR: 85 bpm BP: 124 mmHg SpO2: 97.1% Temp: 37.2°C
 Admission #2 [stable]  STABLE [0] 
   HR: 79 bpm BP: 127 mmHg SpO2: 97.8% Temp: 36.9°C
 Admission #3 [moderate]  MODERATE [3] 
   HR: 115 bpm BP: 139 mmHg SpO2: 91.6% Temp: 38.7°C
 Admission #6 [critical]  CRITICAL [10]  
   HR: 156 bpm BP: 181 mmHg SpO2: 85.3% Temp: 40.1°C
 Admission #7 [recovering]  STABLE [0] 
   HR: 78 bpm BP: 124 mmHg SpO2: 97.2% Temp: 37.2°C
 Admission #8 [stable]  STABLE [0] 
   HR: 78 bpm BP: 115 mmHg SpO2: 97.8% Temp: 36.7°C
 Admission #9 [moderate]  MODERATE [4] 
   HR: 114 bpm BP: 141 mmHg SpO2: 91.8% Temp: 38.7°C
 Admission #10 [critical]  CRITICAL [10]  
   HR: 140 bpm BP: 190 mmHg SpO2: 83% Temp: 39.6°C
 Admission #36 [recovering]  STABLE [0] 
   HR: 83 bpm BP: 127 mmHg SpO2: 96.9% Temp: 37.1°C
 Admission #37 [stable]  STABLE [0] 
   HR: 75 bpm BP: 127 mmHg SpO2: 97.9% Temp: 36.7°C
 Admission #38 [moderate]  MODERATE [4] 
   HR: 106 bpm BP: 149 mmHg SpO2: 92.5% Temp: 38.7°C
 Admission #39 [critical]  CRITICAL [10]  
   HR: 150 bpm BP: 190 mmHg SpO2: 85.2% Temp: 39.6°C

  Next update in 5s... (Ctrl+C to stop)

c  Tick #518  |  Interval: 5000ms  |  8:16:24 PM

 📡 Posting Vitals This Tick:
 Admission #1 [recovering]  STABLE [0] 
   HR: 81 bpm BP: 123 mmHg SpO2: 96.7% Temp: 37.1°C
 Admission #2 [stable]  STABLE [0] 
   HR: 78 bpm BP: 122 mmHg SpO2: 97% Temp: 36.8°C
 Admission #3 [moderate]  MODERATE [4] 
   HR: 110 bpm BP: 143 mmHg SpO2: 92.7% Temp: 38.4°C
 Admission #6 [critical]  CRITICAL [10]  
   HR: 144 bpm BP: 186 mmHg SpO2: 82.8% Temp: 40.2°C
 Admission #7 [recovering]  STABLE [0] 
   HR: 85 bpm BP: 126 mmHg SpO2: 96.8% Temp: 37.1°C
 Admission #8 [stable]  STABLE [0] 
   HR: 77 bpm BP: 116 mmHg SpO2: 97.9% Temp: 36.8°C
 Admission #9 [moderate]  MODERATE [4] 
   HR: 106 bpm BP: 144 mmHg SpO2: 92.6% Temp: 38.3°C
 Admission #10 [critical]  CRITICAL [10]  
   HR: 147 bpm BP: 179 mmHg SpO2: 83.8% Temp: 40.1°C
 Admission #36 [recovering]  STABLE [0] 
   HR: 85 bpm BP: 124 mmHg SpO2: 96.9% Temp: 36.9°C
 Admission #37 [stable]  STABLE [0] 
   HR: 72 bpm BP: 125 mmHg SpO2: 97.7% Temp: 36.9°C
 Admission #38 [moderate]  MODERATE [4] 
   HR: 104 bpm BP: 150 mmHg SpO2: 92.4% Temp: 38.3°C
 Admission #39 [critical]  CRITICAL [10]  
   HR: 147 bpm BP: 185 mmHg SpO2: 82.6% Temp: 39.7°C

  Next update in 5s... (Ctrl+C to stop)

c  Tick #519  |  Interval: 5000ms  |  8:16:29 PM

 📡 Posting Vitals This Tick:
 Admission #1 [recovering]  STABLE [0] 
   HR: 82 bpm BP: 122 mmHg SpO2: 96.5% Temp: 37.1°C
 Admission #2 [stable]  STABLE [0] 
   HR: 72 bpm BP: 113 mmHg SpO2: 97.8% Temp: 36.6°C
 Admission #3 [moderate]  MODERATE [4] 
   HR: 114 bpm BP: 158 mmHg SpO2: 91.3% Temp: 38.4°C
 Admission #6 [critical]  CRITICAL [10]  
   HR: 138 bpm BP: 182 mmHg SpO2: 82.7% Temp: 39.9°C
 Admission #7 [recovering]  STABLE [0] 
   HR: 81 bpm BP: 126 mmHg SpO2: 97.5% Temp: 36.9°C
 Admission #8 [stable]  STABLE [0] 
   HR: 76 bpm BP: 116 mmHg SpO2: 98.5% Temp: 36.8°C
 Admission #9 [moderate]  MODERATE [4] 
   HR: 102 bpm BP: 156 mmHg SpO2: 92.9% Temp: 38.5°C
 Admission #10 [critical]  CRITICAL [10]  
   HR: 149 bpm BP: 185 mmHg SpO2: 82.1% Temp: 39.9°C
 Admission #36 [recovering]  STABLE [0] 
   HR: 80 bpm BP: 126 mmHg SpO2: 96.7% Temp: 37.1°C
 Admission #37 [stable]  STABLE [0] 
   HR: 72 bpm BP: 126 mmHg SpO2: 98.1% Temp: 36.9°C
 Admission #38 [moderate]  MODERATE [4] 
   HR: 113 bpm BP: 153 mmHg SpO2: 93% Temp: 38.3°C
 Admission #39 [critical]  CRITICAL [10]  
   HR: 156 bpm BP: 189 mmHg SpO2: 83.2% Temp: 39.8°C

  Next update in 5s... (Ctrl+C to stop)

c  Tick #520  |  Interval: 5000ms  |  8:16:34 PM

 📡 Posting Vitals This Tick:
 Admission #1 [recovering]  STABLE [0] 
   HR: 84 bpm BP: 123 mmHg SpO2: 97.2% Temp: 37.1°C
 Admission #2 [stable]  STABLE [0] 
   HR: 75 bpm BP: 126 mmHg SpO2: 97.4% Temp: 36.8°C
 Admission #3 [moderate]  MODERATE [3] 
   HR: 111 bpm BP: 138 mmHg SpO2: 93.2% Temp: 38.5°C
 Admission #6 [critical]  CRITICAL [10]  
   HR: 146 bpm BP: 184 mmHg SpO2: 83.9% Temp: 39.8°C
 Admission #7 [recovering]  STABLE [0] 
   HR: 83 bpm BP: 130 mmHg SpO2: 97% Temp: 37.2°C
 Admission #8 [stable]  STABLE [0] 
   HR: 71 bpm BP: 122 mmHg SpO2: 98% Temp: 36.9°C
 Admission #9 [moderate]  MODERATE [4] 
   HR: 108 bpm BP: 149 mmHg SpO2: 92.6% Temp: 38.4°C
 Admission #10 [critical]  CRITICAL [10]  
   HR: 147 bpm BP: 191 mmHg SpO2: 82.9% Temp: 40.2°C
 Admission #36 [recovering]  STABLE [0] 
   HR: 85 bpm BP: 129 mmHg SpO2: 97.2% Temp: 37.1°C
 Admission #37 [stable]  STABLE [0] 
   HR: 73 bpm BP: 112 mmHg SpO2: 97.9% Temp: 36.6°C
 Admission #38 [moderate]  MODERATE [4] 
   HR: 105 bpm BP: 144 mmHg SpO2: 91.3% Temp: 38.1°C
c  Tick #521  |  Interval: 5000ms  |  8:16:39 PM

 📡 Posting Vitals This Tick:
 Admission #1 [stable]  STABLE [0] 
   HR: 74 bpm BP: 124 mmHg SpO2: 97.1% Temp: 37°C
 Admission #39 [critical]  CRITICAL [10]  
   HR: 143 bpm BP: 185 mmHg SpO2: 83.4% Temp: 39.6°C

  Next update in 5s... (Ctrl+C to stop)

 Admission #2 [moderate]  MODERATE [4] 
   HR: 104 bpm BP: 143 mmHg SpO2: 91.9% Temp: 38.4°C
 Admission #3 [critical]  CRITICAL [10]  
   HR: 146 bpm BP: 191 mmHg SpO2: 82.5% Temp: 40°C
 Admission #6 [recovering]  STABLE [0] 
   HR: 81 bpm BP: 130 mmHg SpO2: 97.3% Temp: 37°C
 Admission #7 [stable]  STABLE [0] 
   HR: 71 bpm BP: 116 mmHg SpO2: 98.4% Temp: 36.8°C
 Admission #8 [moderate]  MODERATE [4] 
   HR: 110 bpm BP: 154 mmHg SpO2: 90.7% Temp: 38.5°C
 Admission #9 [critical]  CRITICAL [10]  
   HR: 154 bpm BP: 190 mmHg SpO2: 85.5% Temp: 40.1°C
 Admission #10 [recovering]  STABLE [0] 
   HR: 85 bpm BP: 133 mmHg SpO2: 97.4% Temp: 37°C
 Admission #36 [stable]  STABLE [0] 
   HR: 72 bpm BP: 119 mmHg SpO2: 98.8% Temp: 37°C
 Admission #37 [moderate]  MODERATE [4] 
   HR: 110 bpm BP: 153 mmHg SpO2: 92.4% Temp: 38.2°C
 Admission #38 [critical]  CRITICAL [10]  
   HR: 156 bpm BP: 185 mmHg SpO2: 82.2% Temp: 39.9°C
 Admission #39 [recovering]  STABLE [0] 
   HR: 80 bpm BP: 128 mmHg SpO2: 97.1% Temp: 37°C

  Next update in 5s... (Ctrl+C to stop)

c  Tick #522  |  Interval: 5000ms  |  8:16:44 PM

 📡 Posting Vitals This Tick:
 Admission #1 [stable]  STABLE [0] 
   HR: 70 bpm BP: 113 mmHg SpO2: 98.8% Temp: 37°C
 Admission #2 [moderate]  MODERATE [4] 
   HR: 101 bpm BP: 147 mmHg SpO2: 91.3% Temp: 38.3°C
 Admission #3 [critical]  CRITICAL [10]  
   HR: 147 bpm BP: 186 mmHg SpO2: 83.9% Temp: 40.1°C
 Admission #6 [recovering]  STABLE [0] 
   HR: 81 bpm BP: 129 mmHg SpO2: 97.1% Temp: 37°C
 Admission #7 [stable]  STABLE [0] 
   HR: 73 bpm BP: 112 mmHg SpO2: 98.9% Temp: 36.9°C
 Admission #8 [moderate]  MODERATE [3] 
   HR: 103 bpm BP: 139 mmHg SpO2: 90.6% Temp: 38.6°C
 Admission #9 [critical]  CRITICAL [10]  
   HR: 141 bpm BP: 186 mmHg SpO2: 83.6% Temp: 40.2°C
 Admission #10 [recovering]  STABLE [0] 
   HR: 82 bpm BP: 125 mmHg SpO2: 96.7% Temp: 37°C
 Admission #36 [stable]  STABLE [0] 
   HR: 73 bpm BP: 113 mmHg SpO2: 98.9% Temp: 36.7°C
 Admission #37 [moderate]  MODERATE [4] 
   HR: 113 bpm BP: 141 mmHg SpO2: 92.7% Temp: 38.2°C
 Admission #38 [critical]  CRITICAL [10]  
   HR: 148 bpm BP: 191 mmHg SpO2: 85% Temp: 40°C
c  Tick #523  |  Interval: 5000ms  |  8:16:49 PM

 📡 Posting Vitals This Tick:
 Admission #1 [stable]  STABLE [0] 
   HR: 72 bpm BP: 117 mmHg SpO2: 97.4% Temp: 36.9°C
 Admission #2 [moderate]  MODERATE [4] 
   HR: 104 bpm BP: 157 mmHg SpO2: 90.7% Temp: 38.3°C
 Admission #39 [recovering]  STABLE [0] 
   HR: 81 bpm BP: 130 mmHg SpO2: 97.4% Temp: 37.1°C

  Next update in 5s... (Ctrl+C to stop)

 Admission #3 [critical]  CRITICAL [10]  
   HR: 155 bpm BP: 183 mmHg SpO2: 85.2% Temp: 40°C
 Admission #6 [recovering]  STABLE [0] 
   HR: 83 bpm BP: 124 mmHg SpO2: 96.5% Temp: 37.1°C
 Admission #7 [stable]  STABLE [0] 
   HR: 80 bpm BP: 122 mmHg SpO2: 98.8% Temp: 36.7°C
 Admission #8 [moderate]  MODERATE [4] 
   HR: 107 bpm BP: 144 mmHg SpO2: 92.8% Temp: 38.7°C
 Admission #9 [critical]  CRITICAL [10]  
   HR: 152 bpm BP: 190 mmHg SpO2: 84.5% Temp: 39.7°C
 Admission #10 [recovering]  STABLE [0] 
   HR: 84 bpm BP: 126 mmHg SpO2: 96.6% Temp: 37.2°C
 Admission #36 [stable]  STABLE [0] 
   HR: 77 bpm BP: 117 mmHg SpO2: 97.5% Temp: 36.6°C
 Admission #37 [moderate]  MODERATE [4] 
   HR: 112 bpm BP: 152 mmHg SpO2: 93.3% Temp: 38.4°C
 Admission #38 [critical]  CRITICAL [10]  
   HR: 142 bpm BP: 190 mmHg SpO2: 84.3% Temp: 39.7°C
c  Tick #524  |  Interval: 5000ms  |  8:16:54 PM

 📡 Posting Vitals This Tick:
 Admission #39 [recovering]  STABLE [0] 
   HR: 85 bpm BP: 128 mmHg SpO2: 97.2% Temp: 37.3°C

  Next update in 5s... (Ctrl+C to stop)

 Admission #1 [stable]  STABLE [0] 
   HR: 77 bpm BP: 121 mmHg SpO2: 98.3% Temp: 36.9°C
 Admission #2 [moderate]  MODERATE [4] 
   HR: 111 bpm BP: 153 mmHg SpO2: 93.4% Temp: 38.1°C
 Admission #3 [critical]  CRITICAL [9]  
   HR: 141 bpm BP: 180 mmHg SpO2: 85.6% Temp: 39.6°C
 Admission #6 [recovering]  STABLE [0] 
   HR: 85 bpm BP: 128 mmHg SpO2: 97.1% Temp: 37°C
 Admission #7 [stable]  STABLE [0] 
   HR: 73 bpm BP: 121 mmHg SpO2: 97.4% Temp: 36.8°C
 Admission #8 [moderate]  MODERATE [4] 
   HR: 104 bpm BP: 156 mmHg SpO2: 93.5% Temp: 38.2°C
 Admission #9 [critical]  CRITICAL [10]  
   HR: 142 bpm BP: 179 mmHg SpO2: 83.9% Temp: 39.8°C
 Admission #10 [recovering]  STABLE [0] 
   HR: 82 bpm BP: 129 mmHg SpO2: 97.1% Temp: 37°C
 Admission #36 [stable]  STABLE [0] 
   HR: 79 bpm BP: 116 mmHg SpO2: 97.2% Temp: 37°C
 Admission #37 [moderate]  MODERATE [4] 
   HR: 105 bpm BP: 145 mmHg SpO2: 92.7% Temp: 38.1°C
 Admission #38 [critical]  CRITICAL [10]  
   HR: 157 bpm BP: 186 mmHg SpO2: 83.4% Temp: 39.7°C
 Admission #39 [recovering]  STABLE [0] 
   HR: 82 bpm BP: 132 mmHg SpO2: 97.3% Temp: 37.2°C

  Next update in 5s... (Ctrl+C to stop)

c  Tick #525  |  Interval: 5000ms  |  8:16:59 PM

 📡 Posting Vitals This Tick:
 Admission #1 [stable]  STABLE [0] 
   HR: 77 bpm BP: 125 mmHg SpO2: 99% Temp: 36.7°C
 Admission #2 [moderate]  MODERATE [4] 
   HR: 106 bpm BP: 145 mmHg SpO2: 92.6% Temp: 38.5°C
 Admission #3 [critical]  CRITICAL [10]  
   HR: 140 bpm BP: 190 mmHg SpO2: 84.1% Temp: 40°C
 Admission #6 [recovering]  STABLE [0] 
   HR: 78 bpm BP: 127 mmHg SpO2: 97% Temp: 36.9°C
 Admission #7 [stable]  STABLE [0] 
   HR: 77 bpm BP: 121 mmHg SpO2: 99% Temp: 37°C
 Admission #8 [moderate]  MODERATE [4] 
   HR: 104 bpm BP: 147 mmHg SpO2: 90.7% Temp: 38.4°C
 Admission #9 [critical]  CRITICAL [10]  
   HR: 147 bpm BP: 190 mmHg SpO2: 83.7% Temp: 39.7°C
 Admission #10 [recovering]  STABLE [0] 
   HR: 82 bpm BP: 129 mmHg SpO2: 97% Temp: 37.1°C
 Admission #36 [stable]  STABLE [0] 
   HR: 75 bpm BP: 128 mmHg SpO2: 97.5% Temp: 36.8°C
 Admission #37 [moderate]  MODERATE [4] 
   HR: 106 bpm BP: 158 mmHg SpO2: 93.1% Temp: 38.5°C
 Admission #38 [critical]  CRITICAL [10]  
   HR: 149 bpm BP: 181 mmHg SpO2: 82.6% Temp: 40°C
 Admission #39 [recovering]  STABLE [0] 
   HR: 80 bpm BP: 129 mmHg SpO2: 96.9% Temp: 37°C

  Next update in 5s... (Ctrl+C to stop)

c  Tick #526  |  Interval: 5000ms  |  8:17:04 PM

 📡 Posting Vitals This Tick:
 Admission #1 [moderate]  MODERATE [4] 
   HR: 112 bpm BP: 158 mmHg SpO2: 91.7% Temp: 38.5°C
 Admission #2 [critical]  CRITICAL [10]  
   HR: 146 bpm BP: 190 mmHg SpO2: 84.6% Temp: 40°C
 Admission #3 [recovering]  STABLE [0] 
   HR: 82 bpm BP: 133 mmHg SpO2: 96.7% Temp: 37.2°C
 Admission #6 [stable]  STABLE [0] 
   HR: 73 bpm BP: 119 mmHg SpO2: 98.6% Temp: 36.7°C
 Admission #7 [moderate]  MODERATE [4] 
   HR: 112 bpm BP: 155 mmHg SpO2: 91.5% Temp: 38.3°C
 Admission #8 [critical]  CRITICAL [10]  
   HR: 153 bpm BP: 178 mmHg SpO2: 83% Temp: 39.7°C
 Admission #9 [recovering]  STABLE [0] 
   HR: 83 bpm BP: 130 mmHg SpO2: 97.4% Temp: 37.1°C
 Admission #10 [stable]  STABLE [0] 
   HR: 77 bpm BP: 115 mmHg SpO2: 98.3% Temp: 36.9°C
 Admission #36 [moderate]  MODERATE [4] 
   HR: 107 bpm BP: 145 mmHg SpO2: 91.8% Temp: 38.4°C
 Admission #37 [critical]  CRITICAL [10]  
   HR: 152 bpm BP: 192 mmHg SpO2: 85.5% Temp: 40°C
 Admission #38 [recovering]  STABLE [0] 
   HR: 81 bpm BP: 130 mmHg SpO2: 96.9% Temp: 37°C
 Admission #39 [stable]  STABLE [0] 
   HR: 73 bpm BP: 114 mmHg SpO2: 97% Temp: 36.9°C

  Next update in 5s... (Ctrl+C to stop)

c  Tick #527  |  Interval: 5000ms  |  8:17:09 PM

 📡 Posting Vitals This Tick:
 Admission #1 [moderate]  MODERATE [4] 
   HR: 105 bpm BP: 151 mmHg SpO2: 93.2% Temp: 38.5°C
 Admission #2 [critical]  CRITICAL [10]  
   HR: 153 bpm BP: 182 mmHg SpO2: 83.1% Temp: 40.1°C
 Admission #3 [recovering]  STABLE [0] 
   HR: 80 bpm BP: 124 mmHg SpO2: 97.4% Temp: 37.2°C
 Admission #6 [stable]  STABLE [0] 
   HR: 78 bpm BP: 125 mmHg SpO2: 98.7% Temp: 36.8°C
 Admission #7 [moderate]  MODERATE [4] 
   HR: 104 bpm BP: 156 mmHg SpO2: 92% Temp: 38.1°C
 Admission #8 [critical]  CRITICAL [10]  
   HR: 157 bpm BP: 186 mmHg SpO2: 84.6% Temp: 39.8°C
 Admission #9 [recovering]  STABLE [0] 
   HR: 85 bpm BP: 128 mmHg SpO2: 97.2% Temp: 37°C
 Admission #10 [stable]  STABLE [0] 
   HR: 74 bpm BP: 120 mmHg SpO2: 98.8% Temp: 36.8°C
 Admission #36 [moderate]  MODERATE [4] 
   HR: 115 bpm BP: 147 mmHg SpO2: 92% Temp: 38.4°C
 Admission #37 [critical]  CRITICAL [9]  
   HR: 138 bpm BP: 187 mmHg SpO2: 85.3% Temp: 39.7°C
 Admission #38 [recovering]  STABLE [0] 
   HR: 79 bpm BP: 129 mmHg SpO2: 96.8% Temp: 37.2°C
 Admission #39 [stable]  STABLE [0] 
   HR: 79 bpm BP: 122 mmHg SpO2: 98.6% Temp: 36.8°C

  Next update in 5s... (Ctrl+C to stop)

c  Tick #528  |  Interval: 5000ms  |  8:17:14 PM

 📡 Posting Vitals This Tick:
 Admission #1 [moderate]  MODERATE [4] 
   HR: 108 bpm BP: 141 mmHg SpO2: 92.7% Temp: 38.2°C
 Admission #2 [critical]  CRITICAL [10]  
   HR: 144 bpm BP: 191 mmHg SpO2: 82.4% Temp: 39.6°C
 Admission #3 [recovering]  STABLE [0] 
   HR: 79 bpm BP: 129 mmHg SpO2: 97.1% Temp: 37.3°C
 Admission #6 [stable]  STABLE [0] 
   HR: 76 bpm BP: 122 mmHg SpO2: 98.1% Temp: 36.7°C
 Admission #7 [moderate]  MODERATE [4] 
   HR: 114 bpm BP: 141 mmHg SpO2: 91.7% Temp: 38.3°C
 Admission #8 [critical]  CRITICAL [10]  
   HR: 143 bpm BP: 181 mmHg SpO2: 82.6% Temp: 40.1°C
 Admission #9 [recovering]  STABLE [0] 
   HR: 86 bpm BP: 128 mmHg SpO2: 96.8% Temp: 37.2°C
 Admission #10 [stable]  STABLE [0] 
   HR: 74 bpm BP: 114 mmHg SpO2: 98.7% Temp: 36.7°C
 Admission #36 [moderate]  MODERATE [4] 
   HR: 115 bpm BP: 147 mmHg SpO2: 92.5% Temp: 38.4°C
 Admission #37 [critical]  CRITICAL [10]  
   HR: 147 bpm BP: 193 mmHg SpO2: 82.2% Temp: 39.6°C
 Admission #38 [recovering]  STABLE [0] 
   HR: 81 bpm BP: 125 mmHg SpO2: 97.2% Temp: 37°C
 Admission #39 [stable]  STABLE [0] 
   HR: 76 bpm BP: 119 mmHg SpO2: 97.6% Temp: 36.9°C

  Next update in 5s... (Ctrl+C to stop)

c  Tick #529  |  Interval: 5000ms  |  8:17:19 PM

 📡 Posting Vitals This Tick:
 Admission #1 [moderate]  MODERATE [4] 
   HR: 103 bpm BP: 149 mmHg SpO2: 91% Temp: 38.7°C
 Admission #2 [critical]  CRITICAL [10]  
   HR: 150 bpm BP: 183 mmHg SpO2: 84.3% Temp: 39.8°C
 Admission #3 [recovering]  STABLE [0] 
   HR: 78 bpm BP: 125 mmHg SpO2: 97.2% Temp: 37.1°C
 Admission #6 [stable]  STABLE [0] 
   HR: 77 bpm BP: 119 mmHg SpO2: 97.3% Temp: 36.9°C
 Admission #7 [moderate]  MODERATE [4] 
   HR: 105 bpm BP: 144 mmHg SpO2: 91% Temp: 38.2°C
 Admission #8 [critical]  CRITICAL [10]  
   HR: 145 bpm BP: 189 mmHg SpO2: 85.5% Temp: 39.6°C
 Admission #9 [recovering]  STABLE [0] 
   HR: 83 bpm BP: 132 mmHg SpO2: 97.1% Temp: 37°C
 Admission #10 [stable]  STABLE [0] 
   HR: 80 bpm BP: 118 mmHg SpO2: 98.9% Temp: 36.6°C
 Admission #36 [moderate]  MODERATE [4] 
   HR: 103 bpm BP: 158 mmHg SpO2: 91.8% Temp: 38.1°C
 Admission #37 [critical]  CRITICAL [9]  
   HR: 140 bpm BP: 188 mmHg SpO2: 85.6% Temp: 40°C
 Admission #38 [recovering]  STABLE [0] 
   HR: 83 bpm BP: 123 mmHg SpO2: 97.1% Temp: 37.1°C
 Admission #39 [stable]  STABLE [0] 
   HR: 76 bpm BP: 126 mmHg SpO2: 98.7% Temp: 36.8°C

  Next update in 5s... (Ctrl+C to stop)

c  Tick #530  |  Interval: 5000ms  |  8:17:24 PM

 📡 Posting Vitals This Tick:
 Admission #1 [moderate]  MODERATE [3] 
   HR: 113 bpm BP: 138 mmHg SpO2: 91.2% Temp: 38.3°C
 Admission #2 [critical]  CRITICAL [10]  
   HR: 144 bpm BP: 183 mmHg SpO2: 83% Temp: 39.8°C
 Admission #3 [recovering]  STABLE [0] 
   HR: 79 bpm BP: 127 mmHg SpO2: 97% Temp: 37.1°C
 Admission #6 [stable]  STABLE [0] 
   HR: 72 bpm BP: 112 mmHg SpO2: 97.1% Temp: 36.9°C
 Admission #7 [moderate]  MODERATE [4] 
   HR: 104 bpm BP: 146 mmHg SpO2: 93.3% Temp: 38.2°C
 Admission #8 [critical]  CRITICAL [10]  
   HR: 152 bpm BP: 184 mmHg SpO2: 84.9% Temp: 39.8°C
 Admission #9 [recovering]  STABLE [0] 
   HR: 78 bpm BP: 128 mmHg SpO2: 96.8% Temp: 37°C
 Admission #10 [stable]  STABLE [0] 
   HR: 80 bpm BP: 127 mmHg SpO2: 98.1% Temp: 36.9°C
 Admission #36 [moderate]  MODERATE [4] 
   HR: 104 bpm BP: 158 mmHg SpO2: 92.2% Temp: 38.2°C
 Admission #37 [critical]  CRITICAL [10]  
   HR: 153 bpm BP: 185 mmHg SpO2: 85.7% Temp: 39.7°C
 Admission #38 [recovering]  STABLE [0] 
   HR: 85 bpm BP: 132 mmHg SpO2: 97.2% Temp: 37.3°C
 Admission #39 [stable]  STABLE [0] 
   HR: 70 bpm BP: 119 mmHg SpO2: 98.8% Temp: 36.9°C

  Next update in 5s... (Ctrl+C to stop)

c  Tick #531  |  Interval: 5000ms  |  8:17:29 PM

 📡 Posting Vitals This Tick:
 Admission #1 [critical]  CRITICAL [10]  
   HR: 140 bpm BP: 185 mmHg SpO2: 82.3% Temp: 40.1°C
 Admission #2 [recovering]  STABLE [0] 
   HR: 79 bpm BP: 129 mmHg SpO2: 97% Temp: 37.1°C
 Admission #3 [stable]  STABLE [0] 
   HR: 78 bpm BP: 121 mmHg SpO2: 97.4% Temp: 37°C
 Admission #6 [moderate]  MODERATE [4] 
   HR: 108 bpm BP: 147 mmHg SpO2: 93.1% Temp: 38.3°C
 Admission #7 [critical]  CRITICAL [9]  
   HR: 141 bpm BP: 180 mmHg SpO2: 85.9% Temp: 39.6°C
 Admission #8 [recovering]  STABLE [0] 
   HR: 86 bpm BP: 125 mmHg SpO2: 96.6% Temp: 37.2°C
 Admission #9 [stable]  STABLE [0] 
   HR: 78 bpm BP: 122 mmHg SpO2: 98.2% Temp: 36.8°C
 Admission #10 [moderate]  MODERATE [4] 
   HR: 105 bpm BP: 146 mmHg SpO2: 93.2% Temp: 38.4°C
 Admission #36 [critical]  CRITICAL [10]  
   HR: 146 bpm BP: 184 mmHg SpO2: 83.5% Temp: 39.9°C
 Admission #37 [recovering]  STABLE [0] 
   HR: 81 bpm BP: 123 mmHg SpO2: 97.1% Temp: 37.2°C
 Admission #38 [stable]  STABLE [0] 
   HR: 74 bpm BP: 124 mmHg SpO2: 97.5% Temp: 36.6°C
 Admission #39 [moderate]  MODERATE [4] 
   HR: 105 bpm BP: 155 mmHg SpO2: 92.9% Temp: 38.1°C

  Next update in 5s... (Ctrl+C to stop)

c  Tick #532  |  Interval: 5000ms  |  8:17:34 PM

 📡 Posting Vitals This Tick:
 Admission #1 [critical]  CRITICAL [10]  
   HR: 142 bpm BP: 189 mmHg SpO2: 82% Temp: 40°C
 Admission #2 [recovering]  STABLE [0] 
   HR: 84 bpm BP: 127 mmHg SpO2: 97.5% Temp: 37.1°C
 Admission #3 [stable]  STABLE [0] 
   HR: 73 bpm BP: 115 mmHg SpO2: 97% Temp: 36.8°C
 Admission #6 [moderate]  MODERATE [3] 
   HR: 112 bpm BP: 139 mmHg SpO2: 92.9% Temp: 38.7°C
 Admission #7 [critical]  CRITICAL [10]  
   HR: 151 bpm BP: 187 mmHg SpO2: 85.7% Temp: 39.7°C
 Admission #8 [recovering]  STABLE [0] 
   HR: 81 bpm BP: 122 mmHg SpO2: 96.8% Temp: 37.2°C
 Admission #9 [stable]  STABLE [0] 
   HR: 77 bpm BP: 125 mmHg SpO2: 98% Temp: 36.8°C
 Admission #10 [moderate]  MODERATE [4] 
   HR: 101 bpm BP: 157 mmHg SpO2: 92.7% Temp: 38.5°C
 Admission #36 [critical]  CRITICAL [10]  
   HR: 156 bpm BP: 194 mmHg SpO2: 83.1% Temp: 39.8°C
 Admission #37 [recovering]  STABLE [0] 
   HR: 86 bpm BP: 127 mmHg SpO2: 97% Temp: 36.9°C
 Admission #38 [stable]  STABLE [0] 
   HR: 76 bpm BP: 116 mmHg SpO2: 98.2% Temp: 36.7°C
 Admission #39 [moderate]  MODERATE [4] 
   HR: 114 bpm BP: 142 mmHg SpO2: 92.8% Temp: 38.5°C

  Next update in 5s... (Ctrl+C to stop)

c  Tick #533  |  Interval: 5000ms  |  8:17:39 PM

 📡 Posting Vitals This Tick:
 Admission #1 [critical]  CRITICAL [10]  
   HR: 155 bpm BP: 183 mmHg SpO2: 84.9% Temp: 39.7°C
 Admission #2 [recovering]  STABLE [0] 
   HR: 80 bpm BP: 128 mmHg SpO2: 96.7% Temp: 37°C
 Admission #3 [stable]  STABLE [0] 
   HR: 70 bpm BP: 115 mmHg SpO2: 97.2% Temp: 36.9°C
 Admission #6 [moderate]  MODERATE [4] 
   HR: 109 bpm BP: 156 mmHg SpO2: 91.7% Temp: 38.2°C
 Admission #7 [critical]  CRITICAL [10]  
   HR: 153 bpm BP: 182 mmHg SpO2: 83.8% Temp: 40.1°C
 Admission #8 [recovering]  STABLE [0] 
   HR: 84 bpm BP: 126 mmHg SpO2: 97.1% Temp: 37.1°C
 Admission #9 [stable]  STABLE [0] 
   HR: 76 bpm BP: 114 mmHg SpO2: 98.4% Temp: 36.7°C
 Admission #10 [moderate]  MODERATE [4] 
   HR: 104 bpm BP: 157 mmHg SpO2: 90.6% Temp: 38.5°C
 Admission #36 [critical]  CRITICAL [10]  
   HR: 143 bpm BP: 181 mmHg SpO2: 83.6% Temp: 39.6°C
 Admission #37 [recovering]  STABLE [0] 
   HR: 80 bpm BP: 123 mmHg SpO2: 96.8% Temp: 37.1°C
 Admission #38 [stable]  STABLE [0] 
   HR: 78 bpm BP: 113 mmHg SpO2: 98.1% Temp: 36.9°C
 Admission #39 [moderate]  MODERATE [4] 
   HR: 115 bpm BP: 145 mmHg SpO2: 93% Temp: 38.2°C

  Next update in 5s... (Ctrl+C to stop)

c  Tick #534  |  Interval: 5000ms  |  8:17:44 PM

 📡 Posting Vitals This Tick:
 Admission #1 [critical]  CRITICAL [10]  
   HR: 154 bpm BP: 181 mmHg SpO2: 85.6% Temp: 39.8°C
 Admission #2 [recovering]  STABLE [0] 
   HR: 82 bpm BP: 123 mmHg SpO2: 96.9% Temp: 37.1°C
 Admission #3 [stable]  STABLE [0] 
   HR: 73 bpm BP: 118 mmHg SpO2: 97.4% Temp: 36.8°C
 Admission #6 [moderate]  MODERATE [4] 
   HR: 112 bpm BP: 152 mmHg SpO2: 91.4% Temp: 38.1°C
 Admission #7 [critical]  CRITICAL [10]  
   HR: 145 bpm BP: 194 mmHg SpO2: 82.5% Temp: 39.9°C
 Admission #8 [recovering]  STABLE [0] 
   HR: 78 bpm BP: 125 mmHg SpO2: 96.7% Temp: 37.2°C
 Admission #9 [stable]  STABLE [0] 
   HR: 74 bpm BP: 117 mmHg SpO2: 98.2% Temp: 36.8°C
 Admission #10 [moderate]  MODERATE [4] 
   HR: 103 bpm BP: 151 mmHg SpO2: 91.5% Temp: 38.3°C
 Admission #36 [critical]  CRITICAL [10]  
   HR: 155 bpm BP: 192 mmHg SpO2: 84.2% Temp: 40.2°C
 Admission #37 [recovering]  STABLE [0] 
   HR: 81 bpm BP: 130 mmHg SpO2: 96.8% Temp: 37.3°C
 Admission #38 [stable]  STABLE [0] 
   HR: 74 bpm BP: 115 mmHg SpO2: 98% Temp: 36.7°C
 Admission #39 [moderate]  MODERATE [3] 
   HR: 106 bpm BP: 138 mmHg SpO2: 92.2% Temp: 38.6°C

  Next update in 5s... (Ctrl+C to stop)

c  Tick #535  |  Interval: 5000ms  |  8:17:49 PM

 📡 Posting Vitals This Tick:
 Admission #1 [critical]  CRITICAL [10]  
   HR: 154 bpm BP: 183 mmHg SpO2: 83.5% Temp: 40°C
 Admission #2 [recovering]  STABLE [0] 
   HR: 84 bpm BP: 125 mmHg SpO2: 97.3% Temp: 37.1°C
 Admission #3 [stable]  STABLE [0] 
   HR: 75 bpm BP: 120 mmHg SpO2: 97.1% Temp: 36.9°C
 Admission #6 [moderate]  MODERATE [4] 
   HR: 104 bpm BP: 142 mmHg SpO2: 92.3% Temp: 38.3°C
 Admission #7 [critical]  CRITICAL [10]  
   HR: 145 bpm BP: 182 mmHg SpO2: 82.7% Temp: 40.2°C
 Admission #8 [recovering]  STABLE [0] 
   HR: 79 bpm BP: 133 mmHg SpO2: 96.7% Temp: 37.2°C
 Admission #9 [stable]  STABLE [0] 
   HR: 80 bpm BP: 117 mmHg SpO2: 98.9% Temp: 36.9°C
 Admission #10 [moderate]  MODERATE [4] 
   HR: 110 bpm BP: 144 mmHg SpO2: 91.7% Temp: 38.5°C
 Admission #36 [critical]  CRITICAL [10]  
   HR: 150 bpm BP: 191 mmHg SpO2: 82.1% Temp: 39.7°C
 Admission #37 [recovering]  STABLE [0] 
   HR: 82 bpm BP: 125 mmHg SpO2: 97.5% Temp: 37.2°C
 Admission #38 [stable]  STABLE [0] 
   HR: 74 bpm BP: 115 mmHg SpO2: 97.5% Temp: 36.9°C
 Admission #39 [moderate]  MODERATE [3] 
   HR: 100 bpm BP: 144 mmHg SpO2: 91.9% Temp: 38.2°C

  Next update in 5s... (Ctrl+C to stop)

c  Tick #536  |  Interval: 5000ms  |  8:17:54 PM

 📡 Posting Vitals This Tick:
 Admission #1 [recovering]  STABLE [0] 
   HR: 80 bpm BP: 128 mmHg SpO2: 96.8% Temp: 37°C
 Admission #2 [stable]  STABLE [0] 
   HR: 77 bpm BP: 113 mmHg SpO2: 98.4% Temp: 36.7°C
 Admission #3 [moderate]  MODERATE [3] 
   HR: 109 bpm BP: 139 mmHg SpO2: 92.6% Temp: 38.7°C
 Admission #6 [critical]  CRITICAL [10]  
   HR: 152 bpm BP: 186 mmHg SpO2: 82.9% Temp: 40.1°C
 Admission #7 [recovering]  STABLE [0] 
   HR: 82 bpm BP: 131 mmHg SpO2: 97.2% Temp: 37.1°C
 Admission #8 [stable]  STABLE [0] 
   HR: 78 bpm BP: 122 mmHg SpO2: 98.6% Temp: 36.9°C
 Admission #9 [moderate]  MODERATE [4] 
   HR: 112 bpm BP: 156 mmHg SpO2: 90.6% Temp: 38.6°C
 Admission #10 [critical]  CRITICAL [10]  
   HR: 157 bpm BP: 181 mmHg SpO2: 84.9% Temp: 39.9°C
 Admission #36 [recovering]  STABLE [0] 
   HR: 81 bpm BP: 128 mmHg SpO2: 96.6% Temp: 36.9°C
 Admission #37 [stable]  STABLE [0] 
   HR: 75 bpm BP: 126 mmHg SpO2: 97.9% Temp: 36.8°C
 Admission #38 [moderate]  MODERATE [4] 
   HR: 115 bpm BP: 145 mmHg SpO2: 92.3% Temp: 38.6°C
 Admission #39 [critical]  CRITICAL [10]  
   HR: 142 bpm BP: 194 mmHg SpO2: 84% Temp: 39.9°C

  Next update in 5s... (Ctrl+C to stop)

c  Tick #537  |  Interval: 5000ms  |  8:17:59 PM

 📡 Posting Vitals This Tick:
 Admission #1 [recovering]  STABLE [0] 
   HR: 79 bpm BP: 129 mmHg SpO2: 96.7% Temp: 37.1°C
 Admission #2 [stable]  STABLE [0] 
   HR: 74 bpm BP: 124 mmHg SpO2: 98.3% Temp: 37°C
 Admission #3 [moderate]  MODERATE [4] 
   HR: 110 bpm BP: 141 mmHg SpO2: 93.2% Temp: 38.4°C
 Admission #6 [critical]  CRITICAL [10]  
   HR: 144 bpm BP: 181 mmHg SpO2: 82.6% Temp: 39.7°C
 Admission #7 [recovering]  STABLE [0] 
   HR: 84 bpm BP: 123 mmHg SpO2: 97.5% Temp: 37°C
 Admission #8 [stable]  STABLE [0] 
   HR: 77 bpm BP: 120 mmHg SpO2: 98.3% Temp: 37°C
 Admission #9 [moderate]  MODERATE [4] 
   HR: 101 bpm BP: 145 mmHg SpO2: 91.8% Temp: 38.7°C
 Admission #10 [critical]  CRITICAL [10]  
   HR: 141 bpm BP: 187 mmHg SpO2: 84.1% Temp: 40°C
 Admission #36 [recovering]  STABLE [0] 
   HR: 84 bpm BP: 128 mmHg SpO2: 97.4% Temp: 37°C
 Admission #37 [stable]  STABLE [0] 
   HR: 79 bpm BP: 120 mmHg SpO2: 97.9% Temp: 37°C
 Admission #38 [moderate]  MODERATE [3] 
   HR: 103 bpm BP: 140 mmHg SpO2: 91% Temp: 38.3°C
 Admission #39 [critical]  CRITICAL [10]  
   HR: 147 bpm BP: 183 mmHg SpO2: 83.3% Temp: 40.1°C

  Next update in 5s... (Ctrl+C to stop)

c  Tick #538  |  Interval: 5000ms  |  8:18:04 PM

 📡 Posting Vitals This Tick:
 Admission #1 [recovering]  STABLE [0] 
   HR: 85 bpm BP: 133 mmHg SpO2: 97.2% Temp: 37.3°C
 Admission #2 [stable]  STABLE [0] 
   HR: 78 bpm BP: 119 mmHg SpO2: 97.1% Temp: 36.9°C
 Admission #3 [moderate]  MODERATE [4] 
   HR: 101 bpm BP: 150 mmHg SpO2: 91.6% Temp: 38.6°C
 Admission #6 [critical]  CRITICAL [10]  
   HR: 155 bpm BP: 180 mmHg SpO2: 83.8% Temp: 40.1°C
 Admission #7 [recovering]  STABLE [0] 
   HR: 84 bpm BP: 125 mmHg SpO2: 96.8% Temp: 37.1°C
 Admission #8 [stable]  STABLE [0] 
   HR: 80 bpm BP: 121 mmHg SpO2: 98.2% Temp: 36.8°C
 Admission #9 [moderate]  MODERATE [4] 
   HR: 110 bpm BP: 144 mmHg SpO2: 93.1% Temp: 38.6°C
 Admission #10 [critical]  CRITICAL [10]  
   HR: 145 bpm BP: 180 mmHg SpO2: 83.3% Temp: 39.7°C
 Admission #36 [recovering]  STABLE [0] 
   HR: 83 bpm BP: 132 mmHg SpO2: 96.6% Temp: 37.1°C
 Admission #37 [stable]  STABLE [0] 
   HR: 73 bpm BP: 118 mmHg SpO2: 98.4% Temp: 36.8°C
 Admission #38 [moderate]  MODERATE [4] 
   HR: 112 bpm BP: 153 mmHg SpO2: 92% Temp: 38.3°C
 Admission #39 [critical]  CRITICAL [10]  
   HR: 151 bpm BP: 194 mmHg SpO2: 83.8% Temp: 40.1°C

  Next update in 5s... (Ctrl+C to stop)

c  Tick #539  |  Interval: 5000ms  |  8:18:09 PM

 📡 Posting Vitals This Tick:
 Admission #1 [recovering]  STABLE [0] 
   HR: 83 bpm BP: 133 mmHg SpO2: 97.2% Temp: 36.9°C
 Admission #2 [stable]  STABLE [0] 
   HR: 71 bpm BP: 113 mmHg SpO2: 97.2% Temp: 36.9°C
 Admission #3 [moderate]  MODERATE [4] 
   HR: 106 bpm BP: 155 mmHg SpO2: 92.8% Temp: 38.4°C
 Admission #6 [critical]  CRITICAL [10]  
   HR: 149 bpm BP: 180 mmHg SpO2: 82.3% Temp: 40°C
 Admission #7 [recovering]  STABLE [0] 
   HR: 83 bpm BP: 126 mmHg SpO2: 97% Temp: 37°C
 Admission #8 [stable]  STABLE [0] 
   HR: 79 bpm BP: 118 mmHg SpO2: 98.2% Temp: 36.7°C
 Admission #9 [moderate]  MODERATE [3] 
   HR: 100 bpm BP: 149 mmHg SpO2: 92.4% Temp: 38.2°C
 Admission #10 [critical]  CRITICAL [10]  
   HR: 149 bpm BP: 191 mmHg SpO2: 82.5% Temp: 40°C
 Admission #36 [recovering]  STABLE [0] 
   HR: 85 bpm BP: 130 mmHg SpO2: 97.5% Temp: 37.2°C
 Admission #37 [stable]  STABLE [0] 
   HR: 71 bpm BP: 122 mmHg SpO2: 97.1% Temp: 36.7°C
 Admission #38 [moderate]  MODERATE [4] 
   HR: 114 bpm BP: 158 mmHg SpO2: 90.6% Temp: 38.4°C
 Admission #39 [critical]  CRITICAL [10]  
   HR: 147 bpm BP: 192 mmHg SpO2: 84.1% Temp: 40°C

  Next update in 5s... (Ctrl+C to stop)

c  Tick #540  |  Interval: 5000ms  |  8:18:14 PM

 📡 Posting Vitals This Tick:
 Admission #1 [recovering]  STABLE [0] 
   HR: 85 bpm BP: 134 mmHg SpO2: 97.1% Temp: 37.1°C
 Admission #2 [stable]  STABLE [0] 
   HR: 72 bpm BP: 117 mmHg SpO2: 97.4% Temp: 36.6°C
 Admission #3 [moderate]  MODERATE [4] 
   HR: 103 bpm BP: 144 mmHg SpO2: 90.5% Temp: 38.5°C
 Admission #6 [critical]  CRITICAL [9]  
   HR: 147 bpm BP: 179 mmHg SpO2: 85.4% Temp: 39.8°C
 Admission #7 [recovering]  STABLE [0] 
   HR: 86 bpm BP: 128 mmHg SpO2: 96.6% Temp: 37.1°C
 Admission #8 [stable]  STABLE [0] 
   HR: 72 bpm BP: 113 mmHg SpO2: 97.7% Temp: 37°C
 Admission #9 [moderate]  MODERATE [4] 
   HR: 113 bpm BP: 147 mmHg SpO2: 90.9% Temp: 38.4°C
 Admission #10 [critical]  CRITICAL [10]  
   HR: 142 bpm BP: 181 mmHg SpO2: 83.8% Temp: 39.8°C
 Admission #36 [recovering]  STABLE [0] 
   HR: 84 bpm BP: 127 mmHg SpO2: 96.7% Temp: 37.1°C
 Admission #37 [stable]  STABLE [0] 
   HR: 78 bpm BP: 118 mmHg SpO2: 97.4% Temp: 36.8°C
 Admission #38 [moderate]  MODERATE [4] 
   HR: 109 bpm BP: 157 mmHg SpO2: 92.4% Temp: 38.3°C
 Admission #39 [critical]  CRITICAL [10]  
   HR: 141 bpm BP: 193 mmHg SpO2: 84.8% Temp: 39.8°C

  Next update in 5s... (Ctrl+C to stop)

c  Tick #541  |  Interval: 5000ms  |  8:18:19 PM

 📡 Posting Vitals This Tick:
 Admission #1 [stable]  STABLE [0] 
   HR: 79 bpm BP: 115 mmHg SpO2: 98.9% Temp: 36.6°C
 Admission #2 [moderate]  STABLE [2] 
   HR: 100 bpm BP: 139 mmHg SpO2: 91.6% Temp: 38.2°C
 Admission #3 [critical]  CRITICAL [10]  
   HR: 140 bpm BP: 189 mmHg SpO2: 85.6% Temp: 40.1°C
 Admission #6 [recovering]  STABLE [0] 
   HR: 83 bpm BP: 126 mmHg SpO2: 97.3% Temp: 37°C
 Admission #7 [stable]  STABLE [0] 
   HR: 71 bpm BP: 122 mmHg SpO2: 98.4% Temp: 36.8°C
 Admission #8 [moderate]  MODERATE [4] 
   HR: 101 bpm BP: 154 mmHg SpO2: 90.6% Temp: 38.5°C
 Admission #9 [critical]  CRITICAL [10]  
   HR: 140 bpm BP: 192 mmHg SpO2: 83% Temp: 40°C
 Admission #10 [recovering]  STABLE [0] 
   HR: 79 bpm BP: 127 mmHg SpO2: 96.6% Temp: 37.2°C
 Admission #36 [stable]  STABLE [0] 
   HR: 74 bpm BP: 119 mmHg SpO2: 98.6% Temp: 37°C
 Admission #37 [moderate]  MODERATE [4] 
   HR: 101 bpm BP: 146 mmHg SpO2: 93% Temp: 38.7°C
 Admission #38 [critical]  CRITICAL [10]  
   HR: 150 bpm BP: 185 mmHg SpO2: 84.8% Temp: 39.9°C
 Admission #39 [recovering]  STABLE [0] 
   HR: 85 bpm BP: 123 mmHg SpO2: 96.5% Temp: 37.2°C

  Next update in 5s... (Ctrl+C to stop)

c  Tick #542  |  Interval: 5000ms  |  8:18:24 PM

 📡 Posting Vitals This Tick:
 Admission #1 [stable]  STABLE [0] 
   HR: 74 bpm BP: 125 mmHg SpO2: 98% Temp: 36.7°C
 Admission #2 [moderate]  MODERATE [4] 
   HR: 110 bpm BP: 157 mmHg SpO2: 92.8% Temp: 38.5°C
 Admission #3 [critical]  CRITICAL [10]  
   HR: 147 bpm BP: 179 mmHg SpO2: 83.8% Temp: 40°C
 Admission #6 [recovering]  STABLE [0] 
   HR: 85 bpm BP: 124 mmHg SpO2: 97.4% Temp: 37.1°C
 Admission #7 [stable]  STABLE [0] 
   HR: 73 bpm BP: 123 mmHg SpO2: 97% Temp: 36.9°C
 Admission #8 [moderate]  MODERATE [3] 
   HR: 100 bpm BP: 155 mmHg SpO2: 92.8% Temp: 38.7°C
 Admission #9 [critical]  CRITICAL [10]  
   HR: 158 bpm BP: 185 mmHg SpO2: 82.8% Temp: 39.7°C
 Admission #10 [recovering]  STABLE [0] 
   HR: 85 bpm BP: 130 mmHg SpO2: 96.6% Temp: 36.9°C
 Admission #36 [stable]  STABLE [0] 
   HR: 74 bpm BP: 114 mmHg SpO2: 97.1% Temp: 36.9°C
 Admission #37 [moderate]  MODERATE [4] 
   HR: 113 bpm BP: 145 mmHg SpO2: 93.4% Temp: 38.5°C
 Admission #38 [critical]  CRITICAL [10]  
   HR: 158 bpm BP: 187 mmHg SpO2: 83.1% Temp: 40.1°C
 Admission #39 [recovering]  STABLE [0] 
   HR: 86 bpm BP: 123 mmHg SpO2: 96.9% Temp: 37.2°C

  Next update in 5s... (Ctrl+C to stop)

c  Tick #543  |  Interval: 5000ms  |  8:18:29 PM

 📡 Posting Vitals This Tick:
 Admission #1 [stable]  STABLE [0] 
   HR: 80 bpm BP: 128 mmHg SpO2: 98.5% Temp: 36.7°C
 Admission #2 [moderate]  MODERATE [4] 
   HR: 103 bpm BP: 147 mmHg SpO2: 93.1% Temp: 38.2°C
 Admission #3 [critical]  CRITICAL [10]  
   HR: 154 bpm BP: 192 mmHg SpO2: 85.8% Temp: 40°C
 Admission #6 [recovering]  STABLE [0] 
   HR: 84 bpm BP: 130 mmHg SpO2: 97.4% Temp: 37.3°C
 Admission #7 [stable]  STABLE [0] 
   HR: 77 bpm BP: 112 mmHg SpO2: 98.6% Temp: 36.8°C
 Admission #8 [moderate]  MODERATE [4] 
   HR: 114 bpm BP: 149 mmHg SpO2: 90.6% Temp: 38.1°C
 Admission #9 [critical]  CRITICAL [10]  
   HR: 142 bpm BP: 188 mmHg SpO2: 84.1% Temp: 40.1°C
 Admission #10 [recovering]  STABLE [0] 
   HR: 82 bpm BP: 124 mmHg SpO2: 97.3% Temp: 37°C
 Admission #36 [stable]  STABLE [0] 
   HR: 75 bpm BP: 123 mmHg SpO2: 98.3% Temp: 36.8°C
 Admission #37 [moderate]  MODERATE [4] 
   HR: 104 bpm BP: 157 mmHg SpO2: 92% Temp: 38.2°C
 Admission #38 [critical]  CRITICAL [10]  
   HR: 157 bpm BP: 188 mmHg SpO2: 83.7% Temp: 40.1°C
 Admission #39 [recovering]  STABLE [0] 
   HR: 84 bpm BP: 129 mmHg SpO2: 96.5% Temp: 37°C

  Next update in 5s... (Ctrl+C to stop)

c  Tick #544  |  Interval: 5000ms  |  8:18:34 PM

 📡 Posting Vitals This Tick:
 Admission #1 [stable]  STABLE [0] 
   HR: 76 bpm BP: 113 mmHg SpO2: 98.1% Temp: 36.9°C
 Admission #2 [moderate]  MODERATE [3] 
   HR: 115 bpm BP: 138 mmHg SpO2: 91.8% Temp: 38.1°C
 Admission #3 [critical]  CRITICAL [10]  
   HR: 148 bpm BP: 187 mmHg SpO2: 85.7% Temp: 39.8°C
 Admission #6 [recovering]  STABLE [0] 
   HR: 81 bpm BP: 123 mmHg SpO2: 97% Temp: 37°C
 Admission #7 [stable]  STABLE [0] 
   HR: 79 bpm BP: 119 mmHg SpO2: 97.1% Temp: 36.8°C
 Admission #8 [moderate]  MODERATE [4] 
   HR: 109 bpm BP: 146 mmHg SpO2: 92.5% Temp: 38.3°C
 Admission #9 [critical]  CRITICAL [10]  
   HR: 147 bpm BP: 190 mmHg SpO2: 84.1% Temp: 40°C
 Admission #10 [recovering]  STABLE [0] 
   HR: 83 bpm BP: 124 mmHg SpO2: 97.5% Temp: 37.1°C
 Admission #36 [stable]  STABLE [0] 
   HR: 78 bpm BP: 120 mmHg SpO2: 97.8% Temp: 36.9°C
 Admission #37 [moderate]  STABLE [2] 
   HR: 100 bpm BP: 140 mmHg SpO2: 91% Temp: 38.4°C
 Admission #38 [critical]  CRITICAL [10]  
   HR: 142 bpm BP: 191 mmHg SpO2: 84.5% Temp: 39.6°C
 Admission #39 [recovering]  STABLE [0] 
   HR: 85 bpm BP: 127 mmHg SpO2: 97.1% Temp: 37°C

  Next update in 5s... (Ctrl+C to stop)

c  Tick #545  |  Interval: 5000ms  |  8:18:39 PM

 📡 Posting Vitals This Tick:
 Admission #1 [stable]  STABLE [0] 
   HR: 78 bpm BP: 113 mmHg SpO2: 97.1% Temp: 36.7°C
 Admission #2 [moderate]  MODERATE [4] 
   HR: 113 bpm BP: 142 mmHg SpO2: 90.5% Temp: 38.1°C
 Admission #3 [critical]  CRITICAL [10]  
   HR: 157 bpm BP: 180 mmHg SpO2: 82.4% Temp: 39.8°C
 Admission #6 [recovering]  STABLE [0] 
   HR: 84 bpm BP: 131 mmHg SpO2: 97.3% Temp: 37.1°C
 Admission #7 [stable]  STABLE [0] 
   HR: 76 bpm BP: 123 mmHg SpO2: 97.5% Temp: 36.9°C
 Admission #8 [moderate]  MODERATE [4] 
   HR: 104 bpm BP: 144 mmHg SpO2: 93.1% Temp: 38.2°C
 Admission #9 [critical]  CRITICAL [10]  
   HR: 147 bpm BP: 189 mmHg SpO2: 84.7% Temp: 39.6°C
 Admission #10 [recovering]  STABLE [0] 
   HR: 82 bpm BP: 127 mmHg SpO2: 97.5% Temp: 37°C
 Admission #36 [stable]  STABLE [0] 
   HR: 72 bpm BP: 113 mmHg SpO2: 97.8% Temp: 36.8°C
 Admission #37 [moderate]  MODERATE [4] 
   HR: 103 bpm BP: 147 mmHg SpO2: 90.8% Temp: 38.4°C
 Admission #38 [critical]  CRITICAL [10]  
   HR: 145 bpm BP: 183 mmHg SpO2: 84.5% Temp: 39.9°C
 Admission #39 [recovering]  STABLE [0] 
   HR: 80 bpm BP: 127 mmHg SpO2: 97.1% Temp: 37.2°C

  Next update in 5s... (Ctrl+C to stop)

c  Tick #546  |  Interval: 5000ms  |  8:18:44 PM

 📡 Posting Vitals This Tick:
 Admission #1 [moderate]  MODERATE [4] 
   HR: 115 bpm BP: 144 mmHg SpO2: 93.3% Temp: 38.2°C
 Admission #2 [critical]  CRITICAL [10]  
   HR: 146 bpm BP: 183 mmHg SpO2: 83% Temp: 40.1°C
 Admission #3 [recovering]  STABLE [0] 
   HR: 83 bpm BP: 127 mmHg SpO2: 97.1% Temp: 36.9°C
 Admission #6 [stable]  STABLE [0] 
   HR: 71 bpm BP: 124 mmHg SpO2: 98.3% Temp: 36.7°C
 Admission #7 [moderate]  MODERATE [3] 
   HR: 104 bpm BP: 140 mmHg SpO2: 93.2% Temp: 38.6°C
 Admission #8 [critical]  CRITICAL [10]  
   HR: 146 bpm BP: 189 mmHg SpO2: 84.3% Temp: 40.1°C
 Admission #9 [recovering]  STABLE [0] 
   HR: 84 bpm BP: 133 mmHg SpO2: 96.6% Temp: 37.1°C
 Admission #10 [stable]  STABLE [0] 
   HR: 77 bpm BP: 113 mmHg SpO2: 97.7% Temp: 36.8°C
 Admission #36 [moderate]  MODERATE [4] 
   HR: 116 bpm BP: 148 mmHg SpO2: 90.6% Temp: 38.1°C
 Admission #37 [critical]  CRITICAL [10]  
   HR: 151 bpm BP: 194 mmHg SpO2: 85.6% Temp: 39.8°C
 Admission #38 [recovering]  STABLE [0] 
   HR: 80 bpm BP: 132 mmHg SpO2: 96.8% Temp: 36.9°C
 Admission #39 [stable]  STABLE [0] 
   HR: 77 bpm BP: 120 mmHg SpO2: 97.2% Temp: 36.7°C

  Next update in 5s... (Ctrl+C to stop)

c  Tick #547  |  Interval: 5000ms  |  8:18:49 PM

 📡 Posting Vitals This Tick:
 Admission #1 [moderate]  MODERATE [4] 
   HR: 113 bpm BP: 151 mmHg SpO2: 92.8% Temp: 38.3°C
 Admission #2 [critical]  CRITICAL [10]  
   HR: 154 bpm BP: 191 mmHg SpO2: 82.7% Temp: 39.9°C
 Admission #3 [recovering]  STABLE [0] 
   HR: 84 bpm BP: 130 mmHg SpO2: 96.9% Temp: 37.3°C
 Admission #6 [stable]  STABLE [0] 
   HR: 75 bpm BP: 122 mmHg SpO2: 98.2% Temp: 37°C
 Admission #7 [moderate]  MODERATE [4] 
   HR: 115 bpm BP: 156 mmHg SpO2: 93.1% Temp: 38.4°C
 Admission #8 [critical]  CRITICAL [10]  
   HR: 156 bpm BP: 187 mmHg SpO2: 85.1% Temp: 39.8°C
 Admission #9 [recovering]  STABLE [0] 
   HR: 83 bpm BP: 124 mmHg SpO2: 97.5% Temp: 37.2°C
 Admission #10 [stable]  STABLE [0] 
   HR: 79 bpm BP: 126 mmHg SpO2: 97.3% Temp: 36.9°C
 Admission #36 [moderate]  MODERATE [4] 
   HR: 115 bpm BP: 149 mmHg SpO2: 90.8% Temp: 38.4°C
 Admission #37 [critical]  CRITICAL [9]  
   HR: 139 bpm BP: 180 mmHg SpO2: 82.8% Temp: 39.6°C
 Admission #38 [recovering]  STABLE [0] 
   HR: 86 bpm BP: 125 mmHg SpO2: 97.4% Temp: 37°C
 Admission #39 [stable]  STABLE [0] 
   HR: 70 bpm BP: 126 mmHg SpO2: 98.4% Temp: 36.9°C

  Next update in 5s... (Ctrl+C to stop)

c  Tick #548  |  Interval: 5000ms  |  8:18:54 PM

 📡 Posting Vitals This Tick:
 Admission #1 [moderate]  MODERATE [4] 
   HR: 110 bpm BP: 144 mmHg SpO2: 91.6% Temp: 38.6°C
 Admission #2 [critical]  CRITICAL [10]  
   HR: 144 bpm BP: 191 mmHg SpO2: 84.8% Temp: 39.8°C
 Admission #3 [recovering]  STABLE [0] 
   HR: 86 bpm BP: 128 mmHg SpO2: 97.2% Temp: 37.1°C
 Admission #6 [stable]  STABLE [0] 
   HR: 75 bpm BP: 126 mmHg SpO2: 97.6% Temp: 36.8°C
 Admission #7 [moderate]  MODERATE [4] 
   HR: 103 bpm BP: 143 mmHg SpO2: 90.7% Temp: 38.4°C
 Admission #8 [critical]  CRITICAL [10]  
   HR: 145 bpm BP: 185 mmHg SpO2: 84.4% Temp: 39.8°C
 Admission #9 [recovering]  STABLE [0] 
   HR: 83 bpm BP: 132 mmHg SpO2: 97% Temp: 37.1°C
 Admission #10 [stable]  STABLE [0] 
   HR: 72 bpm BP: 119 mmHg SpO2: 98.1% Temp: 37°C
 Admission #36 [moderate]  MODERATE [4] 
   HR: 116 bpm BP: 146 mmHg SpO2: 93.1% Temp: 38.3°C
 Admission #37 [critical]  CRITICAL [10]  
   HR: 140 bpm BP: 190 mmHg SpO2: 82.4% Temp: 40.2°C
 Admission #38 [recovering]  STABLE [0] 
   HR: 80 bpm BP: 124 mmHg SpO2: 97.3% Temp: 37.1°C
 Admission #39 [stable]  STABLE [0] 
   HR: 76 bpm BP: 114 mmHg SpO2: 97.5% Temp: 37°C

  Next update in 5s... (Ctrl+C to stop)

c  Tick #549  |  Interval: 5000ms  |  8:18:59 PM

 📡 Posting Vitals This Tick:
 Admission #1 [moderate]  MODERATE [4] 
   HR: 110 bpm BP: 153 mmHg SpO2: 91.8% Temp: 38.2°C
 Admission #2 [critical]  CRITICAL [10]  
   HR: 151 bpm BP: 183 mmHg SpO2: 83.3% Temp: 40°C
 Admission #3 [recovering]  STABLE [0] 
   HR: 82 bpm BP: 134 mmHg SpO2: 96.6% Temp: 37.3°C
 Admission #6 [stable]  STABLE [0] 
   HR: 77 bpm BP: 117 mmHg SpO2: 98.6% Temp: 36.7°C
 Admission #7 [moderate]  MODERATE [4] 
   HR: 106 bpm BP: 156 mmHg SpO2: 92.1% Temp: 38.7°C
 Admission #8 [critical]  CRITICAL [10]  
   HR: 146 bpm BP: 184 mmHg SpO2: 84.3% Temp: 39.8°C
 Admission #9 [recovering]  STABLE [0] 
   HR: 79 bpm BP: 130 mmHg SpO2: 96.9% Temp: 37.3°C
 Admission #10 [stable]  STABLE [0] 
   HR: 70 bpm BP: 117 mmHg SpO2: 98% Temp: 37°C
 Admission #36 [moderate]  MODERATE [4] 
   HR: 111 bpm BP: 148 mmHg SpO2: 92% Temp: 38.5°C
 Admission #37 [critical]  CRITICAL [9]  
   HR: 140 bpm BP: 183 mmHg SpO2: 85.1% Temp: 39.8°C
 Admission #38 [recovering]  STABLE [0] 
   HR: 83 bpm BP: 129 mmHg SpO2: 96.6% Temp: 37.2°C
 Admission #39 [stable]  STABLE [0] 
   HR: 73 bpm BP: 114 mmHg SpO2: 97.5% Temp: 36.7°C

  Next update in 5s... (Ctrl+C to stop)

c  Tick #550  |  Interval: 5000ms  |  8:19:04 PM

 📡 Posting Vitals This Tick:
 Admission #1 [moderate]  MODERATE [4] 
   HR: 108 bpm BP: 154 mmHg SpO2: 90.8% Temp: 38.6°C
 Admission #2 [critical]  CRITICAL [10]  
   HR: 141 bpm BP: 192 mmHg SpO2: 84.9% Temp: 39.7°C
 Admission #3 [recovering]  STABLE [0] 
   HR: 81 bpm BP: 125 mmHg SpO2: 97.1% Temp: 37.1°C
 Admission #6 [stable]  STABLE [0] 
   HR: 75 bpm BP: 121 mmHg SpO2: 97.2% Temp: 36.6°C
 Admission #7 [moderate]  MODERATE [3] 
   HR: 100 bpm BP: 143 mmHg SpO2: 90.9% Temp: 38.5°C
 Admission #8 [critical]  CRITICAL [10]  
   HR: 145 bpm BP: 181 mmHg SpO2: 84.4% Temp: 39.8°C
 Admission #9 [recovering]  STABLE [0] 
   HR: 85 bpm BP: 123 mmHg SpO2: 96.8% Temp: 37°C
 Admission #10 [stable]  STABLE [0] 
   HR: 78 bpm BP: 120 mmHg SpO2: 98.7% Temp: 36.8°C
 Admission #36 [moderate]  MODERATE [4] 
   HR: 115 bpm BP: 152 mmHg SpO2: 90.9% Temp: 38.4°C
 Admission #37 [critical]  CRITICAL [10]  
   HR: 156 bpm BP: 186 mmHg SpO2: 85.2% Temp: 39.9°C
 Admission #38 [recovering]  STABLE [0] 
   HR: 80 bpm BP: 124 mmHg SpO2: 97% Temp: 37.1°C
 Admission #39 [stable]  STABLE [0] 
   HR: 72 bpm BP: 113 mmHg SpO2: 97.6% Temp: 36.9°C

  Next update in 5s... (Ctrl+C to stop)

c  Tick #551  |  Interval: 5000ms  |  8:19:09 PM

 📡 Posting Vitals This Tick:
 Admission #1 [critical]  CRITICAL [10]  
   HR: 156 bpm BP: 193 mmHg SpO2: 85% Temp: 39.7°C
 Admission #2 [recovering]  STABLE [0] 
   HR: 84 bpm BP: 131 mmHg SpO2: 97.1% Temp: 36.9°C
 Admission #3 [stable]  STABLE [0] 
   HR: 72 bpm BP: 119 mmHg SpO2: 98.1% Temp: 36.8°C
 Admission #6 [moderate]  MODERATE [4] 
   HR: 114 bpm BP: 157 mmHg SpO2: 92.3% Temp: 38.4°C
 Admission #7 [critical]  CRITICAL [10]  
   HR: 139 bpm BP: 191 mmHg SpO2: 85.1% Temp: 40.1°C
 Admission #8 [recovering]  STABLE [0] 
   HR: 80 bpm BP: 134 mmHg SpO2: 96.6% Temp: 36.9°C
 Admission #9 [stable]  STABLE [0] 
   HR: 77 bpm BP: 123 mmHg SpO2: 98.2% Temp: 36.7°C
 Admission #10 [moderate]  MODERATE [4] 
   HR: 104 bpm BP: 156 mmHg SpO2: 91% Temp: 38.3°C
 Admission #36 [critical]  CRITICAL [10]  
   HR: 143 bpm BP: 185 mmHg SpO2: 84.5% Temp: 39.7°C
 Admission #37 [recovering]  STABLE [0] 
   HR: 79 bpm BP: 131 mmHg SpO2: 97.5% Temp: 37.1°C
 Admission #38 [stable]  STABLE [0] 
   HR: 75 bpm BP: 124 mmHg SpO2: 98% Temp: 36.6°C
 Admission #39 [moderate]  MODERATE [3] 
   HR: 112 bpm BP: 139 mmHg SpO2: 92.2% Temp: 38.5°C

  Next update in 5s... (Ctrl+C to stop)

c  Tick #552  |  Interval: 5000ms  |  8:19:14 PM

 📡 Posting Vitals This Tick:
 Admission #1 [critical]  CRITICAL [10]  
   HR: 145 bpm BP: 179 mmHg SpO2: 83.5% Temp: 40.1°C
 Admission #2 [recovering]  STABLE [0] 
   HR: 79 bpm BP: 133 mmHg SpO2: 97.5% Temp: 37°C
 Admission #3 [stable]  STABLE [0] 
   HR: 78 bpm BP: 113 mmHg SpO2: 97.3% Temp: 36.7°C
 Admission #6 [moderate]  MODERATE [3] 
   HR: 100 bpm BP: 141 mmHg SpO2: 90.9% Temp: 38.2°C
 Admission #7 [critical]  CRITICAL [10]  
   HR: 155 bpm BP: 187 mmHg SpO2: 84.1% Temp: 39.7°C
 Admission #8 [recovering]  STABLE [0] 
   HR: 81 bpm BP: 127 mmHg SpO2: 96.8% Temp: 37.1°C
 Admission #9 [stable]  STABLE [0] 
   HR: 76 bpm BP: 119 mmHg SpO2: 97.4% Temp: 36.7°C
 Admission #10 [moderate]  MODERATE [4] 
   HR: 106 bpm BP: 144 mmHg SpO2: 91.2% Temp: 38.6°C
 Admission #36 [critical]  CRITICAL [10]  
   HR: 158 bpm BP: 190 mmHg SpO2: 82.1% Temp: 39.8°C
 Admission #37 [recovering]  STABLE [0] 
   HR: 85 bpm BP: 126 mmHg SpO2: 96.7% Temp: 36.9°C
 Admission #38 [stable]  STABLE [0] 
   HR: 70 bpm BP: 117 mmHg SpO2: 98.1% Temp: 36.7°C
 Admission #39 [moderate]  MODERATE [4] 
   HR: 101 bpm BP: 157 mmHg SpO2: 91.9% Temp: 38.4°C

  Next update in 5s... (Ctrl+C to stop)

c  Tick #553  |  Interval: 5000ms  |  8:19:19 PM

 📡 Posting Vitals This Tick:
 Admission #1 [critical]  CRITICAL [10]  
   HR: 139 bpm BP: 181 mmHg SpO2: 82.8% Temp: 39.8°C
c  Tick #554  |  Interval: 5000ms  |  8:19:28 PM

 Admission #2 ✗ Failed: timeout of 8000ms exceeded
c  Tick #555  |  Interval: 5000ms  |  8:21:00 PM

 📡 Posting Vitals This Tick:
 Admission #3 ✗ Failed: timeout of 8000ms exceeded
c  Tick #556  |  Interval: 5000ms  |  8:21:14 PM

 📡 Posting Vitals This Tick:
 Admission #1 ✗ Failed: timeout of 8000ms exceeded
c  Tick #557  |  Interval: 5000ms  |  8:21:20 PM

 Admission #6 ✗ Failed: timeout of 8000ms exceeded
 📡 Posting Vitals This Tick:
 Admission #1 ✗ Failed: timeout of 8000ms exceeded
 Admission #2 ✗ Failed: timeout of 8000ms exceeded
 📡 Posting Vitals This Tick:
 Admission #7 ✗ Failed: timeout of 8000ms exceeded
c  Tick #558  |  Interval: 5000ms  |  8:21:47 PM

 Admission #1 ✗ Failed: timeout of 8000ms exceeded
 📡 Posting Vitals This Tick:
 Admission #2 ✗ Failed: timeout of 8000ms exceeded
 Admission #3 ✗ Failed: timeout of 8000ms exceeded
 Admission #1 ✗ Failed: timeout of 8000ms exceeded
c  Tick #559  |  Interval: 5000ms  |  8:22:02 PM

 Admission #8 ✗ Failed: timeout of 8000ms exceeded
 Admission #2 ✗ Failed: timeout of 8000ms exceeded
 Admission #1 ✗ Failed: timeout of 8000ms exceeded
 📡 Posting Vitals This Tick:
 Admission #3 ✗ Failed: timeout of 8000ms exceeded
 Admission #2 [stable]  STABLE [0] 
   HR: 75 bpm BP: 118 mmHg SpO2: 99% Temp: 36.7°C
 Admission #6 [moderate]  MODERATE [4] 
   HR: 104 bpm BP: 153 mmHg SpO2: 92.7% Temp: 38.6°C
 Admission #2 [stable]  STABLE [0] 
   HR: 72 bpm BP: 123 mmHg SpO2: 97.7% Temp: 36.8°C
 Admission #1 [recovering]  STABLE [0] 
   HR: 85 bpm BP: 133 mmHg SpO2: 96.5% Temp: 37.1°C
 Admission #7 [critical]  CRITICAL [10]  
   HR: 145 bpm BP: 180 mmHg SpO2: 82.6% Temp: 40°C
 Admission #3 [moderate]  MODERATE [4] 
   HR: 102 bpm BP: 154 mmHg SpO2: 91.1% Temp: 38.6°C
 Admission #3 [stable]  STABLE [0] 
   HR: 75 bpm BP: 116 mmHg SpO2: 97.9% Temp: 36.6°C
c  Tick #560  |  Interval: 5000ms  |  8:22:08 PM

 📡 Posting Vitals This Tick:
 Admission #8 [recovering]  STABLE [0] 
   HR: 84 bpm BP: 125 mmHg SpO2: 97.2% Temp: 37°C
 Admission #2 [stable]  STABLE [0] 
   HR: 74 bpm BP: 126 mmHg SpO2: 98% Temp: 37°C
 Admission #6 [moderate]  MODERATE [3] 
   HR: 100 bpm BP: 143 mmHg SpO2: 93% Temp: 38.4°C
 Admission #6 [moderate]  MODERATE [4] 
   HR: 106 bpm BP: 151 mmHg SpO2: 91.1% Temp: 38.7°C
 Admission #9 [stable]  STABLE [0] 
   HR: 71 bpm BP: 120 mmHg SpO2: 97.2% Temp: 37°C
 Admission #1 [recovering]  STABLE [0] 
   HR: 79 bpm BP: 124 mmHg SpO2: 96.8% Temp: 36.9°C
 Admission #6 [moderate]  MODERATE [4] 
   HR: 102 bpm BP: 143 mmHg SpO2: 93.2% Temp: 38.2°C
 Admission #7 [critical]  CRITICAL [10]  
   HR: 140 bpm BP: 184 mmHg SpO2: 83.2% Temp: 40°C
 Admission #3 [moderate]  MODERATE [4] 
   HR: 102 bpm BP: 157 mmHg SpO2: 92.8% Temp: 38.6°C
 Admission #3 [moderate]  MODERATE [4] 
   HR: 112 bpm BP: 152 mmHg SpO2: 92.5% Temp: 38.5°C
 Admission #7 [critical]  CRITICAL [10]  
   HR: 145 bpm BP: 188 mmHg SpO2: 84.1% Temp: 39.8°C
 Admission #10 [moderate]  MODERATE [3] 
   HR: 108 bpm BP: 138 mmHg SpO2: 90.7% Temp: 38.2°C
 Admission #2 [stable]  STABLE [0] 
   HR: 75 bpm BP: 112 mmHg SpO2: 98.3% Temp: 36.8°C
 Admission #9 ✗ Failed: timeout of 8000ms exceeded
 Admission #7 [critical]  CRITICAL [10]  
   HR: 139 bpm BP: 193 mmHg SpO2: 85.5% Temp: 40.2°C
 Admission #8 [recovering]  STABLE [0] 
   HR: 86 bpm BP: 129 mmHg SpO2: 97.1% Temp: 37°C
 Admission #6 [critical]  CRITICAL [10]  
   HR: 155 bpm BP: 188 mmHg SpO2: 85.7% Temp: 40.2°C
 Admission #36 [critical]  CRITICAL [10]  
   HR: 151 bpm BP: 183 mmHg SpO2: 85% Temp: 40.1°C
 Admission #6 [critical]  CRITICAL [10]  
   HR: 143 bpm BP: 191 mmHg SpO2: 82.5% Temp: 40°C
 Admission #8 [recovering]  STABLE [0] 
   HR: 85 bpm BP: 131 mmHg SpO2: 97.1% Temp: 37.3°C
 Admission #3 [moderate]  MODERATE [4] 
   HR: 112 bpm BP: 153 mmHg SpO2: 91.2% Temp: 38.6°C
 Admission #8 [recovering]  STABLE [0] 
   HR: 83 bpm BP: 130 mmHg SpO2: 97.1% Temp: 37.3°C
 Admission #9 [stable]  STABLE [0] 
   HR: 70 bpm BP: 118 mmHg SpO2: 98.9% Temp: 36.7°C
 Admission #37 [recovering]  STABLE [0] 
   HR: 82 bpm BP: 132 mmHg SpO2: 97% Temp: 37.1°C
 Admission #7 [recovering]  STABLE [0] 
   HR: 86 bpm BP: 128 mmHg SpO2: 97% Temp: 37.3°C
 Admission #7 [recovering]  STABLE [0] 
   HR: 82 bpm BP: 125 mmHg SpO2: 96.9% Temp: 37.3°C
 Admission #10 [moderate]  MODERATE [4] 
   HR: 103 bpm BP: 144 mmHg SpO2: 93.4% Temp: 38.3°C
 Admission #9 [stable]  STABLE [0] 
   HR: 78 bpm BP: 118 mmHg SpO2: 97.3% Temp: 36.8°C
 Admission #6 [critical]  CRITICAL [10]  
   HR: 146 bpm BP: 187 mmHg SpO2: 82.4% Temp: 40.1°C
 Admission #9 [stable]  STABLE [0] 
   HR: 74 bpm BP: 124 mmHg SpO2: 98.6% Temp: 36.9°C
 Admission #10 [moderate]  MODERATE [4] 
   HR: 115 bpm BP: 145 mmHg SpO2: 90.9% Temp: 38.1°C
c  Tick #561  |  Interval: 5000ms  |  8:22:14 PM

 Admission #8 [stable]  STABLE [0] 
   HR: 77 bpm BP: 116 mmHg SpO2: 98.2% Temp: 36.9°C
 Admission #38 [stable]  STABLE [0] 
   HR: 71 bpm BP: 121 mmHg SpO2: 98.3% Temp: 37°C
 Admission #10 [moderate]  MODERATE [4] 
   HR: 106 bpm BP: 156 mmHg SpO2: 91% Temp: 38.3°C
 Admission #36 [critical]  CRITICAL [10]  
   HR: 142 bpm BP: 182 mmHg SpO2: 85.5% Temp: 39.6°C
 Admission #36 [critical]  CRITICAL [10]  
   HR: 145 bpm BP: 182 mmHg SpO2: 82.8% Temp: 39.7°C
 Admission #7 [recovering]  STABLE [0] 
   HR: 83 bpm BP: 129 mmHg SpO2: 97.3% Temp: 36.9°C
 Admission #10 [moderate]  MODERATE [4] 
   HR: 113 bpm BP: 153 mmHg SpO2: 92.1% Temp: 38.4°C
 Admission #8 [stable]  STABLE [0] 
   HR: 80 bpm BP: 125 mmHg SpO2: 97% Temp: 36.9°C
 📡 Posting Vitals This Tick:
 Admission #39 [moderate]  MODERATE [3] 
   HR: 105 bpm BP: 139 mmHg SpO2: 92.6% Temp: 38.5°C

  Next update in 5s... (Ctrl+C to stop)

 Admission #37 [recovering]  STABLE [0] 
   HR: 80 bpm BP: 128 mmHg SpO2: 97.1% Temp: 37°C
 Admission #37 [recovering]  STABLE [0] 
   HR: 86 bpm BP: 123 mmHg SpO2: 96.9% Temp: 37.2°C
 Admission #9 [moderate]  MODERATE [4] 
   HR: 111 bpm BP: 157 mmHg SpO2: 93.3% Temp: 38.3°C
 Admission #9 [moderate]  MODERATE [4] 
   HR: 103 bpm BP: 155 mmHg SpO2: 92.4% Temp: 38.6°C
 Admission #36 [critical]  CRITICAL [10]  
   HR: 139 bpm BP: 190 mmHg SpO2: 82.3% Temp: 39.6°C
 Admission #36 [recovering]  STABLE [0] 
   HR: 81 bpm BP: 128 mmHg SpO2: 97.3% Temp: 36.9°C
 Admission #8 [stable]  STABLE [0] 
   HR: 77 bpm BP: 120 mmHg SpO2: 98.2% Temp: 36.7°C
 Admission #1 [stable]  STABLE [0] 
   HR: 77 bpm BP: 120 mmHg SpO2: 98.9% Temp: 36.6°C
 Admission #38 [stable]  STABLE [0] 
   HR: 71 bpm BP: 116 mmHg SpO2: 98.3% Temp: 37°C
 Admission #38 [stable]  STABLE [0] 
   HR: 74 bpm BP: 127 mmHg SpO2: 98.8% Temp: 37°C
c  Tick #562  |  Interval: 5000ms  |  8:22:19 PM

 Admission #37 [stable]  STABLE [0] 
   HR: 72 bpm BP: 123 mmHg SpO2: 98.9% Temp: 36.7°C
 Admission #37 [stable]  STABLE [0] 
   HR: 79 bpm BP: 115 mmHg SpO2: 99% Temp: 36.7°C
 Admission #10 [critical]  CRITICAL [10]  
   HR: 154 bpm BP: 190 mmHg SpO2: 85.6% Temp: 40.1°C
 Admission #2 [moderate]  MODERATE [4] 
   HR: 107 bpm BP: 145 mmHg SpO2: 93.4% Temp: 38.3°C
 📡 Posting Vitals This Tick:
 Admission #10 [critical]  CRITICAL [10]  
   HR: 148 bpm BP: 186 mmHg SpO2: 84.1% Temp: 40.1°C
 Admission #39 [moderate]  MODERATE [4] 
   HR: 108 bpm BP: 155 mmHg SpO2: 91.5% Temp: 38.1°C

  Next update in 5s... (Ctrl+C to stop)

 Admission #9 [moderate]  MODERATE [4] 
   HR: 106 bpm BP: 147 mmHg SpO2: 93.3% Temp: 38.2°C
 Admission #39 [moderate]  MODERATE [4] 
   HR: 109 bpm BP: 158 mmHg SpO2: 91.8% Temp: 38.3°C

  Next update in 5s... (Ctrl+C to stop)

 Admission #38 [moderate]  MODERATE [4] 
   HR: 103 bpm BP: 148 mmHg SpO2: 91.2% Temp: 38.3°C
 Admission #38 [moderate]  MODERATE [4] 
   HR: 111 bpm BP: 150 mmHg SpO2: 93% Temp: 38.4°C
 Admission #36 [recovering]  STABLE [0] 
   HR: 86 bpm BP: 123 mmHg SpO2: 97.5% Temp: 37°C
 Admission #3 [critical]  CRITICAL [10]  
   HR: 154 bpm BP: 188 mmHg SpO2: 84.4% Temp: 40°C
 Admission #1 [stable]  STABLE [0] 
   HR: 71 bpm BP: 120 mmHg SpO2: 97.2% Temp: 36.9°C
 Admission #6 [recovering]  STABLE [0] 
   HR: 80 bpm BP: 124 mmHg SpO2: 97.3% Temp: 37.2°C
 Admission #39 [critical]  CRITICAL [10]  
   HR: 142 bpm BP: 185 mmHg SpO2: 82.8% Temp: 39.9°C

  Next update in 5s... (Ctrl+C to stop)

 Admission #37 [stable]  STABLE [0] 
   HR: 72 bpm BP: 113 mmHg SpO2: 98.5% Temp: 36.7°C
 Admission #2 [moderate]  MODERATE [3] 
   HR: 106 bpm BP: 140 mmHg SpO2: 92.7% Temp: 38.3°C
 Admission #36 [recovering]  STABLE [0] 
   HR: 85 bpm BP: 126 mmHg SpO2: 96.6% Temp: 37.3°C
 Admission #39 [critical]  CRITICAL [10]  
   HR: 142 bpm BP: 188 mmHg SpO2: 85.2% Temp: 39.8°C

  Next update in 5s... (Ctrl+C to stop)

 Admission #10 [critical]  CRITICAL [10]  
   HR: 156 bpm BP: 180 mmHg SpO2: 82.5% Temp: 39.9°C
 Admission #7 [stable]  STABLE [0] 
   HR: 79 bpm BP: 127 mmHg SpO2: 97.5% Temp: 36.7°C
 Admission #38 [moderate]  MODERATE [4] 
   HR: 108 bpm BP: 155 mmHg SpO2: 91.2% Temp: 38.7°C
 Admission #37 [stable]  STABLE [0] 
   HR: 72 bpm BP: 124 mmHg SpO2: 97.9% Temp: 36.7°C
 Admission #3 [critical]  CRITICAL [10]  
   HR: 153 bpm BP: 183 mmHg SpO2: 83% Temp: 39.9°C
 Admission #36 [recovering]  STABLE [0] 
   HR: 82 bpm BP: 123 mmHg SpO2: 97.3% Temp: 37.2°C
 Admission #8 [moderate]  MODERATE [4] 
   HR: 110 bpm BP: 153 mmHg SpO2: 91.2% Temp: 38.2°C
 Admission #37 [stable]  STABLE [0] 
   HR: 72 bpm BP: 114 mmHg SpO2: 98.9% Temp: 36.6°C
 Admission #6 [recovering]  STABLE [0] 
   HR: 82 bpm BP: 134 mmHg SpO2: 96.8% Temp: 37.2°C
 Admission #39 [critical]  CRITICAL [10]  
   HR: 153 bpm BP: 188 mmHg SpO2: 83.3% Temp: 40°C

  Next update in 5s... (Ctrl+C to stop)

 Admission #9 [critical]  CRITICAL [10]  
   HR: 156 bpm BP: 194 mmHg SpO2: 82.7% Temp: 40.2°C
 Admission #38 [moderate]  MODERATE [4] 
   HR: 104 bpm BP: 147 mmHg SpO2: 91% Temp: 38.3°C
 Admission #38 [moderate]  MODERATE [4] 
   HR: 111 bpm BP: 146 mmHg SpO2: 92.7% Temp: 38.2°C
 Admission #7 [stable]  STABLE [0] 
   HR: 75 bpm BP: 123 mmHg SpO2: 97.6% Temp: 36.8°C
c  Tick #563  |  Interval: 5000ms  |  8:22:24 PM

 Admission #10 [recovering]  STABLE [0] 
   HR: 82 bpm BP: 131 mmHg SpO2: 97.1% Temp: 37.1°C
 📡 Posting Vitals This Tick:
 Admission #39 [critical]  CRITICAL [10]  
   HR: 147 bpm BP: 194 mmHg SpO2: 85.9% Temp: 39.7°C

  Next update in 5s... (Ctrl+C to stop)

 Admission #36 [stable]  STABLE [0] 
   HR: 73 bpm BP: 116 mmHg SpO2: 98% Temp: 37°C
 Admission #8 [moderate]  MODERATE [4] 
   HR: 109 bpm BP: 155 mmHg SpO2: 91.9% Temp: 38.6°C
 Admission #39 [critical]  CRITICAL [10]  
   HR: 144 bpm BP: 189 mmHg SpO2: 84.7% Temp: 40.1°C

  Next update in 5s... (Ctrl+C to stop)

 Admission #1 [stable]  STABLE [0] 
   HR: 70 bpm BP: 126 mmHg SpO2: 98.7% Temp: 36.9°C
 Admission #9 [critical]  CRITICAL [10]  
   HR: 146 bpm BP: 192 mmHg SpO2: 84.5% Temp: 39.6°C
 Admission #37 [moderate]  MODERATE [4] 
   HR: 115 bpm BP: 149 mmHg SpO2: 90.9% Temp: 38.2°C
 Admission #2 [moderate]  MODERATE [3] 
   HR: 112 bpm BP: 138 mmHg SpO2: 91.2% Temp: 38.2°C
 Admission #10 [recovering]  STABLE [0] 
   HR: 82 bpm BP: 125 mmHg SpO2: 97.3% Temp: 37.1°C
 Admission #36 [stable]  STABLE [0] 
   HR: 72 bpm BP: 119 mmHg SpO2: 98.3% Temp: 37°C
 Admission #38 [critical]  CRITICAL [10]  
   HR: 152 bpm BP: 192 mmHg SpO2: 85% Temp: 40°C
 Admission #3 [critical]  CRITICAL [10]  
   HR: 156 bpm BP: 190 mmHg SpO2: 85.2% Temp: 39.8°C
 Admission #39 [recovering]  STABLE [0] 
   HR: 78 bpm BP: 122 mmHg SpO2: 97.2% Temp: 37.2°C

  Next update in 5s... (Ctrl+C to stop)

 Admission #37 [moderate]  MODERATE [4] 
   HR: 115 bpm BP: 143 mmHg SpO2: 92.1% Temp: 38.6°C
 Admission #6 [recovering]  STABLE [0] 
   HR: 81 bpm BP: 128 mmHg SpO2: 96.9% Temp: 37.3°C
 Admission #38 [critical]  CRITICAL [10]  
   HR: 153 bpm BP: 183 mmHg SpO2: 84.9% Temp: 40.1°C
 Admission #7 [stable]  STABLE [0] 
   HR: 74 bpm BP: 126 mmHg SpO2: 98% Temp: 36.7°C
 Admission #39 [recovering]  STABLE [0] 
   HR: 85 bpm BP: 127 mmHg SpO2: 96.8% Temp: 37.2°C

  Next update in 5s... (Ctrl+C to stop)

 Admission #8 [moderate]  MODERATE [3] 
   HR: 100 bpm BP: 145 mmHg SpO2: 93.1% Temp: 38.2°C
 Admission #9 [critical]  CRITICAL [10]  
   HR: 147 bpm BP: 190 mmHg SpO2: 85.8% Temp: 39.9°C
 Admission #10 [recovering]  STABLE [0] 
   HR: 80 bpm BP: 133 mmHg SpO2: 97.2% Temp: 37°C
 Admission #36 [stable]  STABLE [0] 
   HR: 77 bpm BP: 125 mmHg SpO2: 98.6% Temp: 36.9°C
 Admission #37 [moderate]  MODERATE [4] 
   HR: 106 bpm BP: 145 mmHg SpO2: 93.4% Temp: 38.2°C
 Admission #38 [critical]  CRITICAL [10]  
   HR: 146 bpm BP: 179 mmHg SpO2: 84.3% Temp: 39.6°C
 Admission #39 [recovering]  STABLE [0] 
   HR: 78 bpm BP: 131 mmHg SpO2: 97% Temp: 37.1°C

  Next update in 5s... (Ctrl+C to stop)

c  Tick #564  |  Interval: 5000ms  |  8:22:29 PM

 📡 Posting Vitals This Tick:
 Admission #1 [stable]  STABLE [0] 
   HR: 72 bpm BP: 126 mmHg SpO2: 99% Temp: 36.8°C
 Admission #2 [moderate]  MODERATE [4] 
   HR: 104 bpm BP: 157 mmHg SpO2: 91% Temp: 38.6°C
 Admission #3 [critical]  CRITICAL [10]  
   HR: 156 bpm BP: 187 mmHg SpO2: 85.8% Temp: 39.6°C
 Admission #6 [recovering]  STABLE [0] 
   HR: 79 bpm BP: 123 mmHg SpO2: 97.1% Temp: 37°C
 Admission #7 [stable]  STABLE [0] 
   HR: 71 bpm BP: 128 mmHg SpO2: 98.5% Temp: 36.8°C
 Admission #8 [moderate]  MODERATE [4] 
   HR: 109 bpm BP: 152 mmHg SpO2: 92.4% Temp: 38.6°C
 Admission #9 [critical]  CRITICAL [10]  
   HR: 141 bpm BP: 179 mmHg SpO2: 84.8% Temp: 39.9°C
 Admission #10 [recovering]  STABLE [0] 
   HR: 83 bpm BP: 125 mmHg SpO2: 97.2% Temp: 36.9°C
 Admission #36 [stable]  STABLE [0] 
   HR: 72 bpm BP: 126 mmHg SpO2: 98.4% Temp: 36.9°C
 Admission #37 [moderate]  MODERATE [4] 
   HR: 114 bpm BP: 152 mmHg SpO2: 93.3% Temp: 38.5°C
 Admission #38 [critical]  CRITICAL [10]  
   HR: 149 bpm BP: 187 mmHg SpO2: 82.5% Temp: 39.8°C
 Admission #39 [recovering]  STABLE [0] 
   HR: 80 bpm BP: 124 mmHg SpO2: 97% Temp: 37.2°C

  Next update in 5s... (Ctrl+C to stop)

c  Tick #565  |  Interval: 5000ms  |  8:22:34 PM

 📡 Posting Vitals This Tick:
 Admission #1 [stable]  STABLE [0] 
   HR: 72 bpm BP: 123 mmHg SpO2: 97.8% Temp: 36.6°C
 Admission #2 [moderate]  MODERATE [4] 
   HR: 107 bpm BP: 150 mmHg SpO2: 93.3% Temp: 38.3°C
 Admission #3 [critical]  CRITICAL [10]  
   HR: 143 bpm BP: 183 mmHg SpO2: 85.8% Temp: 39.9°C
 Admission #6 [recovering]  STABLE [0] 
   HR: 81 bpm BP: 131 mmHg SpO2: 97.2% Temp: 37.1°C
 Admission #7 [stable]  STABLE [0] 
   HR: 79 bpm BP: 125 mmHg SpO2: 99% Temp: 36.8°C
 Admission #8 [moderate]  MODERATE [4] 
   HR: 101 bpm BP: 157 mmHg SpO2: 91.2% Temp: 38.3°C
 Admission #9 [critical]  CRITICAL [10]  
   HR: 138 bpm BP: 194 mmHg SpO2: 82.6% Temp: 40°C
 Admission #10 [recovering]  STABLE [0] 
   HR: 82 bpm BP: 126 mmHg SpO2: 96.7% Temp: 37.2°C
 Admission #36 [stable]  STABLE [0] 
   HR: 76 bpm BP: 113 mmHg SpO2: 98% Temp: 37°C
 Admission #37 [moderate]  MODERATE [4] 
   HR: 111 bpm BP: 153 mmHg SpO2: 91.5% Temp: 38.3°C
 Admission #38 [critical]  CRITICAL [10]  
   HR: 151 bpm BP: 193 mmHg SpO2: 84.3% Temp: 39.9°C
 Admission #39 [recovering]  STABLE [0] 
   HR: 79 bpm BP: 133 mmHg SpO2: 97% Temp: 37.3°C

  Next update in 5s... (Ctrl+C to stop)

c  Tick #566  |  Interval: 5000ms  |  8:22:39 PM

 📡 Posting Vitals This Tick:
 Admission #1 [moderate]  MODERATE [4] 
   HR: 113 bpm BP: 144 mmHg SpO2: 91.8% Temp: 38.3°C
 Admission #2 [critical]  CRITICAL [10]  
   HR: 150 bpm BP: 188 mmHg SpO2: 85.4% Temp: 40.1°C
 Admission #3 [recovering]  STABLE [0] 
   HR: 78 bpm BP: 133 mmHg SpO2: 97% Temp: 37.2°C
 Admission #6 [stable]  STABLE [0] 
   HR: 79 bpm BP: 121 mmHg SpO2: 98.8% Temp: 36.6°C
 Admission #7 [moderate]  MODERATE [4] 
   HR: 104 bpm BP: 156 mmHg SpO2: 93.4% Temp: 38.7°C
 Admission #8 [critical]  CRITICAL [9]  
   HR: 139 bpm BP: 183 mmHg SpO2: 85.6% Temp: 40°C
 Admission #9 [recovering]  STABLE [0] 
   HR: 80 bpm BP: 127 mmHg SpO2: 97.1% Temp: 37.2°C
 Admission #10 [stable]  STABLE [0] 
   HR: 72 bpm BP: 115 mmHg SpO2: 98.9% Temp: 36.9°C
 Admission #36 [moderate]  MODERATE [3] 
   HR: 111 bpm BP: 139 mmHg SpO2: 91.4% Temp: 38.3°C
 Admission #37 [critical]  CRITICAL [10]  
   HR: 145 bpm BP: 193 mmHg SpO2: 84.9% Temp: 39.9°C
 Admission #38 [recovering]  STABLE [0] 
   HR: 81 bpm BP: 126 mmHg SpO2: 97.4% Temp: 37.2°C
 Admission #39 [stable]  STABLE [0] 
   HR: 75 bpm BP: 114 mmHg SpO2: 97.8% Temp: 36.9°C

  Next update in 5s... (Ctrl+C to stop)

c  Tick #567  |  Interval: 5000ms  |  8:22:44 PM

 📡 Posting Vitals This Tick:
 Admission #1 [moderate]  MODERATE [4] 
   HR: 115 bpm BP: 156 mmHg SpO2: 91% Temp: 38.4°C
 Admission #2 [critical]  CRITICAL [10]  
   HR: 151 bpm BP: 187 mmHg SpO2: 82.1% Temp: 40.1°C
 Admission #3 [recovering]  STABLE [0] 
   HR: 82 bpm BP: 132 mmHg SpO2: 96.9% Temp: 37.1°C
 Admission #6 [stable]  STABLE [0] 
   HR: 71 bpm BP: 116 mmHg SpO2: 97.4% Temp: 36.7°C
 Admission #7 [moderate]  MODERATE [4] 
   HR: 105 bpm BP: 149 mmHg SpO2: 92.9% Temp: 38.5°C
 Admission #8 [critical]  CRITICAL [10]  
   HR: 142 bpm BP: 194 mmHg SpO2: 82.6% Temp: 39.7°C
 Admission #9 [recovering]  STABLE [0] 
   HR: 83 bpm BP: 124 mmHg SpO2: 96.5% Temp: 37.1°C
 Admission #10 [stable]  STABLE [0] 
   HR: 74 bpm BP: 117 mmHg SpO2: 97.3% Temp: 36.9°C
 Admission #36 [moderate]  MODERATE [4] 
   HR: 114 bpm BP: 149 mmHg SpO2: 91.1% Temp: 38.4°C
 Admission #37 [critical]  CRITICAL [10]  
   HR: 145 bpm BP: 188 mmHg SpO2: 83.5% Temp: 40.1°C
 Admission #38 [recovering]  STABLE [0] 
   HR: 82 bpm BP: 130 mmHg SpO2: 96.5% Temp: 37.2°C
 Admission #39 [stable]  STABLE [0] 
   HR: 76 bpm BP: 125 mmHg SpO2: 97.4% Temp: 37°C

  Next update in 5s... (Ctrl+C to stop)

c  Tick #568  |  Interval: 5000ms  |  8:22:49 PM

 📡 Posting Vitals This Tick:
 Admission #1 [moderate]  MODERATE [4] 
   HR: 110 bpm BP: 149 mmHg SpO2: 91.4% Temp: 38.7°C
 Admission #2 [critical]  CRITICAL [10]  
   HR: 142 bpm BP: 192 mmHg SpO2: 85.6% Temp: 39.8°C
 Admission #3 [recovering]  STABLE [0] 
   HR: 83 bpm BP: 133 mmHg SpO2: 96.9% Temp: 37°C
 Admission #6 [stable]  STABLE [0] 
   HR: 78 bpm BP: 113 mmHg SpO2: 97.8% Temp: 37°C
 Admission #7 [moderate]  MODERATE [3] 
   HR: 115 bpm BP: 139 mmHg SpO2: 91.2% Temp: 38.5°C
 Admission #8 [critical]  CRITICAL [10]  
   HR: 150 bpm BP: 187 mmHg SpO2: 83.1% Temp: 39.9°C
 Admission #9 [recovering]  STABLE [0] 
   HR: 81 bpm BP: 129 mmHg SpO2: 97.2% Temp: 37.2°C
c  Tick #569  |  Interval: 5000ms  |  8:22:54 PM

 📡 Posting Vitals This Tick:
 Admission #1 [moderate]  MODERATE [4] 
   HR: 116 bpm BP: 155 mmHg SpO2: 91.7% Temp: 38.4°C
 Admission #10 [stable]  STABLE [0] 
   HR: 74 bpm BP: 126 mmHg SpO2: 97.5% Temp: 36.8°C
 Admission #2 [critical]  CRITICAL [10]  
   HR: 152 bpm BP: 189 mmHg SpO2: 83.1% Temp: 39.7°C
 Admission #36 [moderate]  MODERATE [4] 
   HR: 102 bpm BP: 155 mmHg SpO2: 92.7% Temp: 38.2°C
 Admission #3 [recovering]  STABLE [0] 
   HR: 79 bpm BP: 126 mmHg SpO2: 97.3% Temp: 37.1°C
 Admission #37 [critical]  CRITICAL [10]  
   HR: 154 bpm BP: 179 mmHg SpO2: 84.3% Temp: 40.2°C
 Admission #6 [stable]  STABLE [0] 
   HR: 72 bpm BP: 113 mmHg SpO2: 97.2% Temp: 37°C
 Admission #38 [recovering]  STABLE [0] 
   HR: 83 bpm BP: 131 mmHg SpO2: 96.9% Temp: 36.9°C
 Admission #7 [moderate]  MODERATE [4] 
   HR: 108 bpm BP: 144 mmHg SpO2: 90.9% Temp: 38.7°C
 Admission #39 [stable]  STABLE [0] 
   HR: 71 bpm BP: 128 mmHg SpO2: 97.3% Temp: 36.7°C

  Next update in 5s... (Ctrl+C to stop)

 Admission #8 [critical]  CRITICAL [10]  
   HR: 139 bpm BP: 184 mmHg SpO2: 84.4% Temp: 40°C
 Admission #9 [recovering]  STABLE [0] 
   HR: 82 bpm BP: 132 mmHg SpO2: 96.9% Temp: 37.3°C
 Admission #10 [stable]  STABLE [0] 
   HR: 74 bpm BP: 112 mmHg SpO2: 97% Temp: 36.8°C
 Admission #36 [moderate]  MODERATE [3] 
   HR: 104 bpm BP: 139 mmHg SpO2: 91.5% Temp: 38.3°C
 Admission #37 [critical]  CRITICAL [10]  
   HR: 157 bpm BP: 186 mmHg SpO2: 84.4% Temp: 40.1°C
 Admission #38 [recovering]  STABLE [0] 
   HR: 79 bpm BP: 127 mmHg SpO2: 96.9% Temp: 37.3°C
c  Tick #570  |  Interval: 5000ms  |  8:22:59 PM

 📡 Posting Vitals This Tick:
 Admission #39 [stable]  STABLE [0] 
   HR: 77 bpm BP: 126 mmHg SpO2: 97.9% Temp: 36.7°C

  Next update in 5s... (Ctrl+C to stop)

 Admission #1 [moderate]  MODERATE [4] 
   HR: 113 bpm BP: 149 mmHg SpO2: 91.2% Temp: 38.4°C
 Admission #2 [critical]  CRITICAL [10]  
   HR: 144 bpm BP: 179 mmHg SpO2: 84.4% Temp: 39.7°C
 Admission #3 [recovering]  STABLE [0] 
   HR: 80 bpm BP: 130 mmHg SpO2: 97.1% Temp: 37°C
 Admission #6 [stable]  STABLE [0] 
   HR: 71 bpm BP: 127 mmHg SpO2: 97.3% Temp: 36.9°C
 Admission #7 [moderate]  MODERATE [3] 
   HR: 116 bpm BP: 140 mmHg SpO2: 91% Temp: 38.4°C
 Admission #8 [critical]  CRITICAL [10]  
   HR: 157 bpm BP: 194 mmHg SpO2: 85.7% Temp: 39.8°C
 Admission #9 [recovering]  STABLE [0] 
   HR: 81 bpm BP: 127 mmHg SpO2: 97.2% Temp: 37°C
 Admission #10 [stable]  STABLE [0] 
   HR: 74 bpm BP: 118 mmHg SpO2: 98.5% Temp: 36.7°C
 Admission #36 [moderate]  MODERATE [4] 
   HR: 115 bpm BP: 150 mmHg SpO2: 91.9% Temp: 38.4°C
 Admission #37 [critical]  CRITICAL [10]  
   HR: 157 bpm BP: 191 mmHg SpO2: 83.8% Temp: 40.1°C
 Admission #38 [recovering]  STABLE [0] 
   HR: 80 bpm BP: 128 mmHg SpO2: 97.3% Temp: 37.1°C
 Admission #39 [stable]  STABLE [0] 
   HR: 71 bpm BP: 117 mmHg SpO2: 98.1% Temp: 36.7°C

  Next update in 5s... (Ctrl+C to stop)

c  Tick #571  |  Interval: 5000ms  |  8:23:04 PM

 📡 Posting Vitals This Tick:
 Admission #1 [critical]  CRITICAL [10]  
   HR: 153 bpm BP: 187 mmHg SpO2: 83.5% Temp: 39.7°C
 Admission #2 [recovering]  STABLE [0] 
   HR: 84 bpm BP: 131 mmHg SpO2: 96.6% Temp: 37.1°C
 Admission #3 [stable]  STABLE [0] 
   HR: 76 bpm BP: 115 mmHg SpO2: 98.3% Temp: 36.6°C
 Admission #6 [moderate]  MODERATE [4] 
   HR: 109 bpm BP: 141 mmHg SpO2: 92.3% Temp: 38.5°C
 Admission #7 [critical]  CRITICAL [10]  
   HR: 140 bpm BP: 180 mmHg SpO2: 82.6% Temp: 40.1°C
 Admission #8 [recovering]  STABLE [0] 
   HR: 80 bpm BP: 125 mmHg SpO2: 97.1% Temp: 37.1°C
 Admission #9 [stable]  STABLE [0] 
   HR: 70 bpm BP: 126 mmHg SpO2: 98.4% Temp: 36.6°C
 Admission #10 [moderate]  MODERATE [3] 
   HR: 101 bpm BP: 138 mmHg SpO2: 91.3% Temp: 38.4°C
c  Tick #572  |  Interval: 5000ms  |  8:23:09 PM

 📡 Posting Vitals This Tick:
 Admission #36 [critical]  CRITICAL [10]  
   HR: 153 bpm BP: 187 mmHg SpO2: 83.8% Temp: 39.6°C
 Admission #1 [critical]  CRITICAL [10]  
   HR: 154 bpm BP: 180 mmHg SpO2: 83.6% Temp: 39.7°C
 Admission #2 [recovering]  STABLE [0] 
   HR: 78 bpm BP: 131 mmHg SpO2: 97.2% Temp: 37.2°C
 Admission #3 [stable]  STABLE [0] 
   HR: 74 bpm BP: 122 mmHg SpO2: 97% Temp: 36.6°C
 Admission #6 [moderate]  MODERATE [4] 
   HR: 116 bpm BP: 156 mmHg SpO2: 91.1% Temp: 38.6°C
 Admission #37 [recovering]  STABLE [0] 
   HR: 80 bpm BP: 129 mmHg SpO2: 96.8% Temp: 37.1°C
 Admission #7 [critical]  CRITICAL [9]  
   HR: 140 bpm BP: 184 mmHg SpO2: 85.4% Temp: 40°C
 Admission #38 [stable]  STABLE [0] 
   HR: 71 bpm BP: 122 mmHg SpO2: 97.5% Temp: 36.9°C
 Admission #8 [recovering]  STABLE [0] 
   HR: 81 bpm BP: 133 mmHg SpO2: 96.9% Temp: 37.2°C
 Admission #39 [moderate]  MODERATE [4] 
   HR: 108 bpm BP: 147 mmHg SpO2: 91.9% Temp: 38.3°C

  Next update in 5s... (Ctrl+C to stop)

 Admission #9 [stable]  STABLE [0] 
   HR: 71 bpm BP: 113 mmHg SpO2: 97.9% Temp: 36.7°C
 Admission #10 [moderate]  MODERATE [4] 
   HR: 113 bpm BP: 147 mmHg SpO2: 93.1% Temp: 38.5°C
 Admission #36 [critical]  CRITICAL [10]  
   HR: 138 bpm BP: 187 mmHg SpO2: 83.8% Temp: 39.9°C
 Admission #37 [recovering]  STABLE [0] 
   HR: 85 bpm BP: 126 mmHg SpO2: 97.3% Temp: 37.3°C
 Admission #38 [stable]  STABLE [0] 
   HR: 75 bpm BP: 126 mmHg SpO2: 98.2% Temp: 36.9°C
c  Tick #573  |  Interval: 5000ms  |  8:23:14 PM

 Admission #39 [moderate]  MODERATE [4] 
   HR: 111 bpm BP: 156 mmHg SpO2: 92% Temp: 38.4°C

  Next update in 5s... (Ctrl+C to stop)

 📡 Posting Vitals This Tick:
 Admission #1 [critical]  CRITICAL [10]  
   HR: 143 bpm BP: 186 mmHg SpO2: 82.6% Temp: 39.8°C
 Admission #2 [recovering]  STABLE [0] 
   HR: 80 bpm BP: 122 mmHg SpO2: 96.5% Temp: 37°C
 Admission #3 [stable]  STABLE [0] 
   HR: 75 bpm BP: 116 mmHg SpO2: 97.1% Temp: 36.7°C
 Admission #6 [moderate]  MODERATE [4] 
   HR: 114 bpm BP: 142 mmHg SpO2: 91.4% Temp: 38.4°C
 Admission #7 [critical]  CRITICAL [10]  
   HR: 156 bpm BP: 191 mmHg SpO2: 85% Temp: 39.9°C
 Admission #8 [recovering]  STABLE [0] 
   HR: 84 bpm BP: 130 mmHg SpO2: 96.5% Temp: 37°C
 Admission #9 [stable]  STABLE [0] 
   HR: 74 bpm BP: 121 mmHg SpO2: 97.8% Temp: 36.8°C
 Admission #10 [moderate]  MODERATE [3] 
   HR: 100 bpm BP: 149 mmHg SpO2: 91.3% Temp: 38.2°C
 Admission #36 [critical]  CRITICAL [10]  
   HR: 158 bpm BP: 180 mmHg SpO2: 84.3% Temp: 39.8°C
 Admission #37 [recovering]  STABLE [0] 
   HR: 82 bpm BP: 124 mmHg SpO2: 97% Temp: 37.3°C
 Admission #38 [stable]  STABLE [0] 
   HR: 78 bpm BP: 124 mmHg SpO2: 98.2% Temp: 36.8°C
 Admission #39 [moderate]  MODERATE [4] 
   HR: 108 bpm BP: 145 mmHg SpO2: 93.3% Temp: 38.4°C

  Next update in 5s... (Ctrl+C to stop)

c  Tick #574  |  Interval: 5000ms  |  8:23:19 PM

 📡 Posting Vitals This Tick:
 Admission #1 [critical]  CRITICAL [10]  
   HR: 151 bpm BP: 180 mmHg SpO2: 84.5% Temp: 39.8°C
 Admission #2 [recovering]  STABLE [0] 
   HR: 82 bpm BP: 126 mmHg SpO2: 96.8% Temp: 37.1°C
 Admission #3 [stable]  STABLE [0] 
   HR: 80 bpm BP: 124 mmHg SpO2: 97.4% Temp: 36.8°C
 Admission #6 [moderate]  MODERATE [4] 
   HR: 102 bpm BP: 143 mmHg SpO2: 92.6% Temp: 38.1°C
 Admission #7 [critical]  CRITICAL [10]  
   HR: 145 bpm BP: 192 mmHg SpO2: 83.6% Temp: 39.8°C
 Admission #8 [recovering]  STABLE [0] 
   HR: 79 bpm BP: 125 mmHg SpO2: 96.9% Temp: 37.1°C
 Admission #9 [stable]  STABLE [0] 
   HR: 72 bpm BP: 118 mmHg SpO2: 98.7% Temp: 36.6°C
 Admission #10 [moderate]  MODERATE [4] 
   HR: 111 bpm BP: 146 mmHg SpO2: 91.7% Temp: 38.4°C
 Admission #36 [critical]  CRITICAL [9]  
   HR: 139 bpm BP: 179 mmHg SpO2: 83.5% Temp: 39.6°C
 Admission #37 [recovering]  STABLE [0] 
   HR: 81 bpm BP: 128 mmHg SpO2: 96.8% Temp: 36.9°C
 Admission #38 [stable]  STABLE [0] 
   HR: 71 bpm BP: 126 mmHg SpO2: 98.7% Temp: 36.8°C
 Admission #39 [moderate]  MODERATE [4] 
   HR: 101 bpm BP: 155 mmHg SpO2: 90.9% Temp: 38.4°C

  Next update in 5s... (Ctrl+C to stop)

c  Tick #575  |  Interval: 5000ms  |  8:23:24 PM

 📡 Posting Vitals This Tick:
 Admission #1 [critical]  CRITICAL [10]  
   HR: 156 bpm BP: 194 mmHg SpO2: 82.2% Temp: 40.1°C
 Admission #2 [recovering]  STABLE [0] 
   HR: 86 bpm BP: 129 mmHg SpO2: 97% Temp: 37°C
 Admission #3 [stable]  STABLE [0] 
   HR: 75 bpm BP: 127 mmHg SpO2: 97.2% Temp: 36.9°C
 Admission #6 [moderate]  MODERATE [4] 
   HR: 105 bpm BP: 154 mmHg SpO2: 92.7% Temp: 38.4°C
 Admission #7 [critical]  CRITICAL [10]  
   HR: 142 bpm BP: 187 mmHg SpO2: 84% Temp: 39.7°C
 Admission #8 [recovering]  STABLE [0] 
   HR: 83 bpm BP: 125 mmHg SpO2: 96.9% Temp: 37.2°C
 Admission #9 [stable]  STABLE [0] 
   HR: 74 bpm BP: 115 mmHg SpO2: 98.7% Temp: 36.7°C
 Admission #10 [moderate]  MODERATE [4] 
   HR: 104 bpm BP: 146 mmHg SpO2: 92% Temp: 38.5°C
 Admission #36 [critical]  CRITICAL [10]  
   HR: 156 bpm BP: 192 mmHg SpO2: 85.8% Temp: 40.1°C
 Admission #37 [recovering]  STABLE [0] 
   HR: 85 bpm BP: 124 mmHg SpO2: 96.7% Temp: 37.1°C
 Admission #38 [stable]  STABLE [0] 
   HR: 73 bpm BP: 118 mmHg SpO2: 97.2% Temp: 36.9°C
 Admission #39 [moderate]  MODERATE [4] 
   HR: 103 bpm BP: 152 mmHg SpO2: 92.8% Temp: 38.5°C

  Next update in 5s... (Ctrl+C to stop)

c  Tick #576  |  Interval: 5000ms  |  8:23:29 PM

 📡 Posting Vitals This Tick:
 Admission #1 [recovering]  STABLE [0] 
   HR: 80 bpm BP: 134 mmHg SpO2: 97.1% Temp: 37.1°C
 Admission #2 [stable]  STABLE [0] 
   HR: 75 bpm BP: 117 mmHg SpO2: 97.8% Temp: 37°C
 Admission #3 [moderate]  MODERATE [4] 
   HR: 112 bpm BP: 150 mmHg SpO2: 92% Temp: 38.4°C
 Admission #6 [critical]  CRITICAL [10]  
   HR: 151 bpm BP: 192 mmHg SpO2: 82.1% Temp: 39.8°C
 Admission #7 [recovering]  STABLE [0] 
   HR: 78 bpm BP: 127 mmHg SpO2: 96.8% Temp: 37.1°C
 Admission #8 [stable]  STABLE [0] 
   HR: 79 bpm BP: 127 mmHg SpO2: 97.2% Temp: 36.9°C
 Admission #9 [moderate]  MODERATE [4] 
   HR: 104 bpm BP: 157 mmHg SpO2: 93.2% Temp: 38.2°C
 Admission #10 [critical]  CRITICAL [10]  
   HR: 143 bpm BP: 183 mmHg SpO2: 85.8% Temp: 40.2°C
 Admission #36 [recovering]  STABLE [0] 
   HR: 83 bpm BP: 131 mmHg SpO2: 97.4% Temp: 37°C
 Admission #37 [stable]  STABLE [0] 
   HR: 80 bpm BP: 123 mmHg SpO2: 97.6% Temp: 36.8°C
 Admission #38 [moderate]  MODERATE [4] 
   HR: 111 bpm BP: 150 mmHg SpO2: 92.8% Temp: 38.5°C
 Admission #39 [critical]  CRITICAL [10]  
   HR: 148 bpm BP: 181 mmHg SpO2: 82.1% Temp: 40.1°C

  Next update in 5s... (Ctrl+C to stop)

c  Tick #577  |  Interval: 5000ms  |  8:23:34 PM

 📡 Posting Vitals This Tick:
 Admission #1 [recovering]  STABLE [0] 
   HR: 79 bpm BP: 134 mmHg SpO2: 96.8% Temp: 37.3°C
 Admission #2 [stable]  STABLE [0] 
   HR: 77 bpm BP: 112 mmHg SpO2: 97.6% Temp: 36.7°C
 Admission #3 [moderate]  MODERATE [4] 
   HR: 107 bpm BP: 141 mmHg SpO2: 92.4% Temp: 38.5°C
 Admission #6 [critical]  CRITICAL [10]  
   HR: 145 bpm BP: 193 mmHg SpO2: 85.8% Temp: 39.7°C
 Admission #7 [recovering]  STABLE [0] 
   HR: 83 bpm BP: 125 mmHg SpO2: 97.5% Temp: 37.3°C
 Admission #8 [stable]  STABLE [0] 
   HR: 78 bpm BP: 114 mmHg SpO2: 99% Temp: 36.9°C
 Admission #9 [moderate]  MODERATE [4] 
   HR: 107 bpm BP: 153 mmHg SpO2: 93% Temp: 38.7°C
 Admission #10 [critical]  CRITICAL [10]  
   HR: 155 bpm BP: 185 mmHg SpO2: 84.9% Temp: 40°C
 Admission #36 [recovering]  STABLE [0] 
   HR: 80 bpm BP: 125 mmHg SpO2: 97.1% Temp: 37°C
 Admission #37 [stable]  STABLE [0] 
   HR: 74 bpm BP: 127 mmHg SpO2: 97.5% Temp: 36.9°C
 Admission #38 [moderate]  MODERATE [4] 
   HR: 111 bpm BP: 154 mmHg SpO2: 92.6% Temp: 38.2°C
 Admission #39 [critical]  CRITICAL [9]  
   HR: 139 bpm BP: 179 mmHg SpO2: 84.7% Temp: 40°C

  Next update in 5s... (Ctrl+C to stop)

c  Tick #578  |  Interval: 5000ms  |  8:23:39 PM

 📡 Posting Vitals This Tick:
 Admission #1 [recovering]  STABLE [0] 
   HR: 84 bpm BP: 123 mmHg SpO2: 96.9% Temp: 37.3°C
 Admission #2 [stable]  STABLE [0] 
   HR: 74 bpm BP: 125 mmHg SpO2: 98.9% Temp: 36.8°C
 Admission #3 [moderate]  MODERATE [4] 
   HR: 109 bpm BP: 144 mmHg SpO2: 92.3% Temp: 38.6°C
 Admission #6 [critical]  CRITICAL [10]  
   HR: 147 bpm BP: 188 mmHg SpO2: 84.8% Temp: 40°C
 Admission #7 [recovering]  STABLE [0] 
   HR: 86 bpm BP: 127 mmHg SpO2: 97.3% Temp: 37.1°C
 Admission #8 [stable]  STABLE [0] 
   HR: 72 bpm BP: 113 mmHg SpO2: 98.3% Temp: 36.9°C
 Admission #9 [moderate]  MODERATE [3] 
   HR: 114 bpm BP: 139 mmHg SpO2: 93% Temp: 38.4°C
 Admission #10 [critical]  CRITICAL [10]  
   HR: 146 bpm BP: 189 mmHg SpO2: 82.4% Temp: 39.6°C
 Admission #36 [recovering]  STABLE [0] 
   HR: 82 bpm BP: 127 mmHg SpO2: 96.7% Temp: 37.1°C
 Admission #37 [stable]  STABLE [0] 
   HR: 74 bpm BP: 119 mmHg SpO2: 97% Temp: 36.6°C
 Admission #38 [moderate]  MODERATE [3] 
   HR: 104 bpm BP: 140 mmHg SpO2: 93.3% Temp: 38.1°C
 Admission #39 [critical]  CRITICAL [10]  
   HR: 145 bpm BP: 182 mmHg SpO2: 82.8% Temp: 40.1°C

  Next update in 5s... (Ctrl+C to stop)

c  Tick #579  |  Interval: 5000ms  |  8:23:44 PM

 📡 Posting Vitals This Tick:
 Admission #1 [recovering]  STABLE [0] 
   HR: 79 bpm BP: 126 mmHg SpO2: 97% Temp: 37.1°C
 Admission #2 [stable]  STABLE [0] 
   HR: 79 bpm BP: 120 mmHg SpO2: 97.3% Temp: 37°C
 Admission #3 [moderate]  MODERATE [4] 
   HR: 114 bpm BP: 152 mmHg SpO2: 91.7% Temp: 38.6°C
 Admission #6 [critical]  CRITICAL [10]  
   HR: 150 bpm BP: 181 mmHg SpO2: 83.4% Temp: 40.2°C
 Admission #7 [recovering]  STABLE [0] 
   HR: 84 bpm BP: 125 mmHg SpO2: 96.6% Temp: 37.2°C
 Admission #8 [stable]  STABLE [0] 
   HR: 80 bpm BP: 119 mmHg SpO2: 97.7% Temp: 36.7°C
 Admission #9 [moderate]  MODERATE [4] 
   HR: 101 bpm BP: 147 mmHg SpO2: 92.7% Temp: 38.4°C
 Admission #10 [critical]  CRITICAL [10]  
   HR: 148 bpm BP: 187 mmHg SpO2: 84.6% Temp: 39.9°C
 Admission #36 [recovering]  STABLE [0] 
   HR: 85 bpm BP: 129 mmHg SpO2: 97.5% Temp: 36.9°C
 Admission #37 [stable]  STABLE [0] 
   HR: 72 bpm BP: 119 mmHg SpO2: 97.9% Temp: 36.6°C
 Admission #38 [moderate]  MODERATE [4] 
   HR: 104 bpm BP: 157 mmHg SpO2: 91.1% Temp: 38.2°C
 Admission #39 [critical]  CRITICAL [10]  
   HR: 158 bpm BP: 190 mmHg SpO2: 85.5% Temp: 39.9°C

  Next update in 5s... (Ctrl+C to stop)

c  Tick #580  |  Interval: 5000ms  |  8:23:49 PM

 📡 Posting Vitals This Tick:
 Admission #1 [recovering]  STABLE [0] 
   HR: 80 bpm BP: 127 mmHg SpO2: 97.1% Temp: 37.1°C
 Admission #2 [stable]  STABLE [0] 
   HR: 70 bpm BP: 127 mmHg SpO2: 98.2% Temp: 36.9°C
 Admission #3 [moderate]  MODERATE [4] 
   HR: 115 bpm BP: 155 mmHg SpO2: 92.1% Temp: 38.2°C
 Admission #6 [critical]  CRITICAL [10]  
   HR: 158 bpm BP: 184 mmHg SpO2: 85.7% Temp: 39.7°C
 Admission #7 [recovering]  STABLE [0] 
   HR: 85 bpm BP: 128 mmHg SpO2: 97% Temp: 36.9°C
 Admission #8 [stable]  STABLE [0] 
   HR: 74 bpm BP: 114 mmHg SpO2: 97.4% Temp: 36.6°C
 Admission #9 [moderate]  MODERATE [4] 
   HR: 109 bpm BP: 152 mmHg SpO2: 93.1% Temp: 38.1°C
 Admission #10 [critical]  CRITICAL [10]  
   HR: 155 bpm BP: 193 mmHg SpO2: 85.8% Temp: 40.1°C
 Admission #36 [recovering]  STABLE [0] 
   HR: 78 bpm BP: 130 mmHg SpO2: 97.3% Temp: 37.3°C
 Admission #37 [stable]  STABLE [0] 
   HR: 71 bpm BP: 118 mmHg SpO2: 98.1% Temp: 36.7°C
 Admission #38 [moderate]  MODERATE [3] 
   HR: 111 bpm BP: 140 mmHg SpO2: 91.5% Temp: 38.4°C
 Admission #39 [critical]  CRITICAL [10]  
   HR: 149 bpm BP: 194 mmHg SpO2: 82.4% Temp: 40°C

  Next update in 5s... (Ctrl+C to stop)

c  Tick #581  |  Interval: 5000ms  |  8:23:54 PM

 📡 Posting Vitals This Tick:
 Admission #1 [stable]  STABLE [0] 
   HR: 80 bpm BP: 113 mmHg SpO2: 97.5% Temp: 36.7°C
 Admission #2 [moderate]  MODERATE [4] 
   HR: 116 bpm BP: 144 mmHg SpO2: 91.4% Temp: 38.2°C
 Admission #3 [critical]  CRITICAL [10]  
   HR: 141 bpm BP: 180 mmHg SpO2: 84.8% Temp: 40.2°C
 Admission #6 [recovering]  STABLE [0] 
   HR: 79 bpm BP: 125 mmHg SpO2: 97.4% Temp: 37.1°C
 Admission #7 [stable]  STABLE [0] 
   HR: 78 bpm BP: 114 mmHg SpO2: 97.9% Temp: 36.8°C
 Admission #8 [moderate]  MODERATE [4] 
   HR: 107 bpm BP: 142 mmHg SpO2: 92.8% Temp: 38.5°C
 Admission #9 [critical]  CRITICAL [10]  
   HR: 148 bpm BP: 183 mmHg SpO2: 84.3% Temp: 39.7°C
 Admission #10 [recovering]  STABLE [0] 
   HR: 78 bpm BP: 132 mmHg SpO2: 97.5% Temp: 37.2°C
 Admission #36 [stable]  STABLE [0] 
   HR: 77 bpm BP: 119 mmHg SpO2: 97.3% Temp: 36.7°C
 Admission #37 [moderate]  MODERATE [4] 
   HR: 107 bpm BP: 156 mmHg SpO2: 92.3% Temp: 38.6°C
 Admission #38 [critical]  CRITICAL [10]  
   HR: 146 bpm BP: 183 mmHg SpO2: 82% Temp: 40°C
 Admission #39 [recovering]  STABLE [0] 
   HR: 83 bpm BP: 122 mmHg SpO2: 96.7% Temp: 36.9°C

  Next update in 5s... (Ctrl+C to stop)

c  Tick #582  |  Interval: 5000ms  |  8:23:59 PM

 📡 Posting Vitals This Tick:
 Admission #1 [stable]  STABLE [0] 
   HR: 73 bpm BP: 118 mmHg SpO2: 98.4% Temp: 37°C
 Admission #2 [moderate]  MODERATE [4] 
   HR: 110 bpm BP: 151 mmHg SpO2: 91.9% Temp: 38.6°C
 Admission #3 [critical]  CRITICAL [10]  
   HR: 155 bpm BP: 189 mmHg SpO2: 83.7% Temp: 40.1°C
 Admission #6 [recovering]  STABLE [0] 
   HR: 79 bpm BP: 128 mmHg SpO2: 97% Temp: 37.1°C
 Admission #7 [stable]  STABLE [0] 
   HR: 80 bpm BP: 114 mmHg SpO2: 97.8% Temp: 36.7°C
 Admission #8 [moderate]  MODERATE [4] 
   HR: 114 bpm BP: 151 mmHg SpO2: 91.6% Temp: 38.3°C
 Admission #9 [critical]  CRITICAL [10]  
   HR: 155 bpm BP: 187 mmHg SpO2: 83.9% Temp: 39.7°C
 Admission #10 [recovering]  STABLE [0] 
   HR: 82 bpm BP: 132 mmHg SpO2: 96.9% Temp: 36.9°C
 Admission #36 [stable]  STABLE [0] 
   HR: 76 bpm BP: 116 mmHg SpO2: 97.6% Temp: 36.7°C
 Admission #37 [moderate]  MODERATE [4] 
   HR: 106 bpm BP: 149 mmHg SpO2: 92.7% Temp: 38.4°C
 Admission #38 [critical]  CRITICAL [10]  
   HR: 154 bpm BP: 193 mmHg SpO2: 86% Temp: 39.9°C
 Admission #39 [recovering]  STABLE [0] 
   HR: 78 bpm BP: 126 mmHg SpO2: 97.4% Temp: 36.9°C

  Next update in 5s... (Ctrl+C to stop)

c  Tick #583  |  Interval: 5000ms  |  8:24:04 PM

 📡 Posting Vitals This Tick:
 Admission #1 [stable]  STABLE [0] 
   HR: 79 bpm BP: 127 mmHg SpO2: 97.2% Temp: 36.9°C
 Admission #2 [moderate]  MODERATE [4] 
   HR: 104 bpm BP: 153 mmHg SpO2: 91.4% Temp: 38.2°C
 Admission #3 [critical]  CRITICAL [9]  
   HR: 140 bpm BP: 191 mmHg SpO2: 85.6% Temp: 39.9°C
 Admission #6 [recovering]  STABLE [0] 
   HR: 80 bpm BP: 123 mmHg SpO2: 97.5% Temp: 37.1°C
 Admission #7 [stable]  STABLE [0] 
   HR: 71 bpm BP: 126 mmHg SpO2: 97.3% Temp: 36.7°C
 Admission #8 [moderate]  MODERATE [4] 
   HR: 114 bpm BP: 152 mmHg SpO2: 90.7% Temp: 38.2°C
 Admission #9 [critical]  CRITICAL [10]  
   HR: 156 bpm BP: 187 mmHg SpO2: 82.9% Temp: 40.1°C
 Admission #10 [recovering]  STABLE [0] 
   HR: 84 bpm BP: 127 mmHg SpO2: 97% Temp: 36.9°C
 Admission #36 [stable]  STABLE [0] 
   HR: 72 bpm BP: 118 mmHg SpO2: 97.9% Temp: 37°C
 Admission #37 [moderate]  MODERATE [3] 
   HR: 102 bpm BP: 139 mmHg SpO2: 90.9% Temp: 38.3°C
 Admission #38 [critical]  CRITICAL [10]  
   HR: 146 bpm BP: 189 mmHg SpO2: 84.5% Temp: 39.8°C
 Admission #39 [recovering]  STABLE [0] 
   HR: 85 bpm BP: 125 mmHg SpO2: 97.1% Temp: 37°C

  Next update in 5s... (Ctrl+C to stop)

c  Tick #584  |  Interval: 5000ms  |  8:24:09 PM

 📡 Posting Vitals This Tick:
 Admission #1 [stable]  STABLE [0] 
   HR: 78 bpm BP: 119 mmHg SpO2: 97.1% Temp: 37°C
 Admission #2 [moderate]  MODERATE [3] 
   HR: 100 bpm BP: 144 mmHg SpO2: 92.4% Temp: 38.1°C
 Admission #3 [critical]  CRITICAL [10]  
   HR: 156 bpm BP: 184 mmHg SpO2: 84.6% Temp: 40.1°C
 Admission #6 [recovering]  STABLE [0] 
   HR: 81 bpm BP: 126 mmHg SpO2: 96.7% Temp: 36.9°C
 Admission #7 [stable]  STABLE [0] 
   HR: 72 bpm BP: 114 mmHg SpO2: 97.8% Temp: 36.7°C
 Admission #8 [moderate]  MODERATE [4] 
   HR: 104 bpm BP: 146 mmHg SpO2: 91.4% Temp: 38.2°C
 Admission #9 [critical]  CRITICAL [10]  
   HR: 155 bpm BP: 184 mmHg SpO2: 84.7% Temp: 40°C
 Admission #10 [recovering]  STABLE [0] 
   HR: 78 bpm BP: 126 mmHg SpO2: 96.6% Temp: 37.1°C
 Admission #36 [stable]  STABLE [0] 
   HR: 79 bpm BP: 120 mmHg SpO2: 97.8% Temp: 36.7°C
 Admission #37 [moderate]  MODERATE [4] 
   HR: 105 bpm BP: 141 mmHg SpO2: 93% Temp: 38.2°C
 Admission #38 [critical]  CRITICAL [10]  
   HR: 141 bpm BP: 182 mmHg SpO2: 85.8% Temp: 40°C
 Admission #39 [recovering]  STABLE [0] 
   HR: 83 bpm BP: 124 mmHg SpO2: 97% Temp: 37°C

  Next update in 5s... (Ctrl+C to stop)

c  Tick #585  |  Interval: 5000ms  |  8:24:14 PM

 📡 Posting Vitals This Tick:
 Admission #1 [stable]  STABLE [0] 
   HR: 78 bpm BP: 118 mmHg SpO2: 97.2% Temp: 36.8°C
 Admission #2 [moderate]  MODERATE [4] 
   HR: 106 bpm BP: 155 mmHg SpO2: 90.6% Temp: 38.5°C
 Admission #3 [critical]  CRITICAL [10]  
   HR: 146 bpm BP: 185 mmHg SpO2: 84.8% Temp: 40°C
 Admission #6 [recovering]  STABLE [0] 
   HR: 81 bpm BP: 134 mmHg SpO2: 97% Temp: 37.2°C
 Admission #7 [stable]  STABLE [0] 
   HR: 71 bpm BP: 117 mmHg SpO2: 98.5% Temp: 36.8°C
 Admission #8 [moderate]  MODERATE [3] 
   HR: 108 bpm BP: 140 mmHg SpO2: 92.7% Temp: 38.6°C
 Admission #9 [critical]  CRITICAL [10]  
   HR: 152 bpm BP: 181 mmHg SpO2: 82.6% Temp: 39.9°C
 Admission #10 [recovering]  STABLE [0] 
   HR: 79 bpm BP: 131 mmHg SpO2: 96.9% Temp: 37.3°C
 Admission #36 [stable]  STABLE [0] 
   HR: 76 bpm BP: 121 mmHg SpO2: 97.3% Temp: 36.7°C
 Admission #37 [moderate]  MODERATE [4] 
   HR: 111 bpm BP: 154 mmHg SpO2: 91.2% Temp: 38.5°C
 Admission #38 [critical]  CRITICAL [10]  
   HR: 156 bpm BP: 179 mmHg SpO2: 82.6% Temp: 39.6°C
 Admission #39 [recovering]  STABLE [0] 
   HR: 84 bpm BP: 127 mmHg SpO2: 97% Temp: 37.3°C

  Next update in 5s... (Ctrl+C to stop)

c  Tick #586  |  Interval: 5000ms  |  8:24:19 PM

 📡 Posting Vitals This Tick:
 Admission #1 [moderate]  MODERATE [4] 
   HR: 110 bpm BP: 141 mmHg SpO2: 92.4% Temp: 38.5°C
 Admission #2 [critical]  CRITICAL [10]  
   HR: 151 bpm BP: 189 mmHg SpO2: 82.4% Temp: 39.9°C
 Admission #3 [recovering]  STABLE [0] 
   HR: 80 bpm BP: 128 mmHg SpO2: 97% Temp: 37.2°C
 Admission #6 [stable]  STABLE [0] 
   HR: 73 bpm BP: 126 mmHg SpO2: 97.2% Temp: 36.9°C
 Admission #7 [moderate]  MODERATE [4] 
   HR: 111 bpm BP: 145 mmHg SpO2: 91.2% Temp: 38.2°C
 Admission #8 [critical]  CRITICAL [10]  
   HR: 144 bpm BP: 192 mmHg SpO2: 85% Temp: 39.8°C
 Admission #9 [recovering]  STABLE [0] 
   HR: 80 bpm BP: 126 mmHg SpO2: 96.9% Temp: 37.1°C
 Admission #10 [stable]  STABLE [0] 
   HR: 74 bpm BP: 122 mmHg SpO2: 97.4% Temp: 36.7°C
 Admission #36 [moderate]  MODERATE [4] 
   HR: 108 bpm BP: 152 mmHg SpO2: 93.1% Temp: 38.2°C
 Admission #37 [critical]  CRITICAL [10]  
   HR: 144 bpm BP: 192 mmHg SpO2: 83% Temp: 39.7°C
 Admission #38 [recovering]  STABLE [0] 
   HR: 83 bpm BP: 126 mmHg SpO2: 97.1% Temp: 37.1°C
 Admission #39 [stable]  STABLE [0] 
   HR: 74 bpm BP: 120 mmHg SpO2: 97.2% Temp: 37°C

  Next update in 5s... (Ctrl+C to stop)

c  Tick #587  |  Interval: 5000ms  |  8:24:24 PM

 📡 Posting Vitals This Tick:
 Admission #1 [moderate]  MODERATE [3] 
   HR: 102 bpm BP: 138 mmHg SpO2: 91.4% Temp: 38.4°C
 Admission #2 [critical]  CRITICAL [10]  
   HR: 141 bpm BP: 179 mmHg SpO2: 83% Temp: 39.8°C
 Admission #3 [recovering]  STABLE [0] 
   HR: 86 bpm BP: 130 mmHg SpO2: 96.9% Temp: 37.1°C
 Admission #6 [stable]  STABLE [0] 
   HR: 76 bpm BP: 127 mmHg SpO2: 98.1% Temp: 36.8°C
 Admission #7 [moderate]  MODERATE [4] 
   HR: 113 bpm BP: 156 mmHg SpO2: 91.4% Temp: 38.1°C
 Admission #8 [critical]  CRITICAL [10]  
   HR: 145 bpm BP: 191 mmHg SpO2: 83.8% Temp: 40°C
 Admission #9 [recovering]  STABLE [0] 
   HR: 85 bpm BP: 134 mmHg SpO2: 97.4% Temp: 37.3°C
 Admission #10 [stable]  STABLE [0] 
   HR: 75 bpm BP: 116 mmHg SpO2: 98.3% Temp: 36.8°C
 Admission #36 [moderate]  MODERATE [4] 
   HR: 109 bpm BP: 157 mmHg SpO2: 93.4% Temp: 38.6°C
 Admission #37 [critical]  CRITICAL [10]  
   HR: 147 bpm BP: 186 mmHg SpO2: 84.9% Temp: 40°C
 Admission #38 [recovering]  STABLE [0] 
   HR: 83 bpm BP: 124 mmHg SpO2: 97.5% Temp: 37.1°C
 Admission #39 [stable]  STABLE [0] 
   HR: 72 bpm BP: 117 mmHg SpO2: 98.1% Temp: 36.9°C

  Next update in 5s... (Ctrl+C to stop)

c  Tick #588  |  Interval: 5000ms  |  8:24:29 PM

 📡 Posting Vitals This Tick:
 Admission #1 [moderate]  MODERATE [3] 
   HR: 100 bpm BP: 157 mmHg SpO2: 92.5% Temp: 38.2°C
 Admission #2 [critical]  CRITICAL [10]  
   HR: 145 bpm BP: 185 mmHg SpO2: 82.6% Temp: 40°C
 Admission #3 [recovering]  STABLE [0] 
   HR: 82 bpm BP: 133 mmHg SpO2: 97.5% Temp: 37.1°C
 Admission #6 [stable]  STABLE [0] 
   HR: 76 bpm BP: 125 mmHg SpO2: 97.1% Temp: 36.8°C
 Admission #7 [moderate]  MODERATE [4] 
   HR: 115 bpm BP: 153 mmHg SpO2: 90.6% Temp: 38.4°C
 Admission #8 [critical]  CRITICAL [10]  
   HR: 157 bpm BP: 181 mmHg SpO2: 84% Temp: 39.9°C
 Admission #9 [recovering]  STABLE [0] 
   HR: 80 bpm BP: 123 mmHg SpO2: 97.4% Temp: 37.1°C
 Admission #10 [stable]  STABLE [0] 
   HR: 77 bpm BP: 123 mmHg SpO2: 97% Temp: 36.6°C
 Admission #36 [moderate]  MODERATE [4] 
   HR: 105 bpm BP: 142 mmHg SpO2: 92.8% Temp: 38.3°C
 Admission #37 [critical]  CRITICAL [10]  
   HR: 156 bpm BP: 193 mmHg SpO2: 85.7% Temp: 40°C
 Admission #38 [recovering]  STABLE [0] 
   HR: 82 bpm BP: 132 mmHg SpO2: 96.7% Temp: 37°C
 Admission #39 [stable]  STABLE [0] 
   HR: 71 bpm BP: 123 mmHg SpO2: 98.9% Temp: 36.7°C

  Next update in 5s... (Ctrl+C to stop)

c  Tick #589  |  Interval: 5000ms  |  8:24:34 PM

 📡 Posting Vitals This Tick:
 Admission #1 [moderate]  MODERATE [4] 
   HR: 105 bpm BP: 146 mmHg SpO2: 91.5% Temp: 38.5°C
 Admission #2 [critical]  CRITICAL [10]  
   HR: 153 bpm BP: 191 mmHg SpO2: 83.9% Temp: 40°C
 Admission #3 [recovering]  STABLE [0] 
   HR: 83 bpm BP: 128 mmHg SpO2: 96.9% Temp: 37.2°C
 Admission #6 [stable]  STABLE [0] 
   HR: 77 bpm BP: 114 mmHg SpO2: 99% Temp: 36.9°C
 Admission #7 [moderate]  MODERATE [3] 
   HR: 108 bpm BP: 139 mmHg SpO2: 91.7% Temp: 38.1°C
 Admission #8 [critical]  CRITICAL [10]  
   HR: 152 bpm BP: 184 mmHg SpO2: 82% Temp: 39.6°C
 Admission #9 [recovering]  STABLE [0] 
   HR: 80 bpm BP: 129 mmHg SpO2: 97.1% Temp: 37.1°C
 Admission #10 [stable]  STABLE [0] 
   HR: 73 bpm BP: 116 mmHg SpO2: 98.5% Temp: 36.8°C
 Admission #36 [moderate]  MODERATE [4] 
   HR: 114 bpm BP: 145 mmHg SpO2: 92.9% Temp: 38.2°C
 Admission #37 [critical]  CRITICAL [9]  
   HR: 156 bpm BP: 178 mmHg SpO2: 85.5% Temp: 39.8°C
 Admission #38 [recovering]  STABLE [0] 
   HR: 82 bpm BP: 123 mmHg SpO2: 96.9% Temp: 37°C
 Admission #39 [stable]  STABLE [0] 
   HR: 80 bpm BP: 121 mmHg SpO2: 99% Temp: 36.6°C

  Next update in 5s... (Ctrl+C to stop)

c  Tick #590  |  Interval: 5000ms  |  8:24:39 PM

 📡 Posting Vitals This Tick:
 Admission #1 [moderate]  MODERATE [4] 
   HR: 114 bpm BP: 148 mmHg SpO2: 91.5% Temp: 38.6°C
 Admission #2 [critical]  CRITICAL [10]  
   HR: 157 bpm BP: 181 mmHg SpO2: 84.7% Temp: 39.7°C
 Admission #3 [recovering]  STABLE [0] 
   HR: 84 bpm BP: 130 mmHg SpO2: 96.8% Temp: 37.1°C
 Admission #6 [stable]  STABLE [0] 
   HR: 71 bpm BP: 127 mmHg SpO2: 98.2% Temp: 36.7°C
 Admission #7 [moderate]  MODERATE [4] 
   HR: 112 bpm BP: 142 mmHg SpO2: 90.6% Temp: 38.6°C
 Admission #8 [critical]  CRITICAL [10]  
   HR: 154 bpm BP: 183 mmHg SpO2: 85.4% Temp: 39.6°C
 Admission #9 [recovering]  STABLE [0] 
   HR: 82 bpm BP: 124 mmHg SpO2: 97.1% Temp: 37.1°C
 Admission #10 [stable]  STABLE [0] 
   HR: 70 bpm BP: 119 mmHg SpO2: 98.4% Temp: 36.8°C
 Admission #36 [moderate]  MODERATE [4] 
   HR: 111 bpm BP: 148 mmHg SpO2: 91.2% Temp: 38.7°C
 Admission #37 [critical]  CRITICAL [10]  
   HR: 140 bpm BP: 188 mmHg SpO2: 83.5% Temp: 39.9°C
 Admission #38 [recovering]  STABLE [0] 
   HR: 82 bpm BP: 128 mmHg SpO2: 97.2% Temp: 37.3°C
 Admission #39 [stable]  STABLE [0] 
   HR: 74 bpm BP: 116 mmHg SpO2: 98.4% Temp: 36.9°C

  Next update in 5s... (Ctrl+C to stop)

c  Tick #591  |  Interval: 5000ms  |  8:24:44 PM

 📡 Posting Vitals This Tick:
 Admission #1 [critical]  CRITICAL [10]  
   HR: 157 bpm BP: 186 mmHg SpO2: 83.7% Temp: 39.9°C
 Admission #2 [recovering]  STABLE [0] 
   HR: 86 bpm BP: 124 mmHg SpO2: 96.8% Temp: 37.2°C
 Admission #3 [stable]  STABLE [0] 
   HR: 70 bpm BP: 120 mmHg SpO2: 97.4% Temp: 36.9°C
 Admission #6 [moderate]  MODERATE [3] 
   HR: 103 bpm BP: 140 mmHg SpO2: 93% Temp: 38.4°C
 Admission #7 [critical]  CRITICAL [10]  
   HR: 149 bpm BP: 191 mmHg SpO2: 85.9% Temp: 40.2°C
 Admission #8 [recovering]  STABLE [0] 
   HR: 81 bpm BP: 128 mmHg SpO2: 97.2% Temp: 37°C
 Admission #9 [stable]  STABLE [0] 
   HR: 77 bpm BP: 118 mmHg SpO2: 99% Temp: 36.6°C
 Admission #10 [moderate]  MODERATE [4] 
   HR: 110 bpm BP: 149 mmHg SpO2: 91.8% Temp: 38.7°C
 Admission #36 [critical]  CRITICAL [10]  
   HR: 141 bpm BP: 181 mmHg SpO2: 83.5% Temp: 39.7°C
 Admission #37 [recovering]  STABLE [0] 
   HR: 82 bpm BP: 131 mmHg SpO2: 96.5% Temp: 36.9°C
 Admission #38 [stable]  STABLE [0] 
   HR: 76 bpm BP: 125 mmHg SpO2: 98% Temp: 36.8°C
 Admission #39 [moderate]  MODERATE [4] 
   HR: 116 bpm BP: 146 mmHg SpO2: 90.7% Temp: 38.4°C

  Next update in 5s... (Ctrl+C to stop)

c  Tick #592  |  Interval: 5000ms  |  8:24:49 PM

 📡 Posting Vitals This Tick:
 Admission #1 [critical]  CRITICAL [10]  
   HR: 149 bpm BP: 183 mmHg SpO2: 83.1% Temp: 39.6°C
 Admission #2 [recovering]  STABLE [0] 
   HR: 82 bpm BP: 127 mmHg SpO2: 97.4% Temp: 37°C
 Admission #3 [stable]  STABLE [0] 
   HR: 71 bpm BP: 115 mmHg SpO2: 97.4% Temp: 36.7°C
 Admission #6 [moderate]  MODERATE [4] 
   HR: 112 bpm BP: 156 mmHg SpO2: 91.5% Temp: 38.3°C
 Admission #7 [critical]  CRITICAL [10]  
   HR: 146 bpm BP: 181 mmHg SpO2: 83% Temp: 40°C
 Admission #8 [recovering]  STABLE [0] 
   HR: 86 bpm BP: 127 mmHg SpO2: 96.8% Temp: 37.1°C
 Admission #9 [stable]  STABLE [0] 
   HR: 72 bpm BP: 125 mmHg SpO2: 97.1% Temp: 36.8°C
 Admission #10 [moderate]  MODERATE [4] 
   HR: 113 bpm BP: 142 mmHg SpO2: 91.5% Temp: 38.6°C
 Admission #36 [critical]  CRITICAL [9]  
   HR: 156 bpm BP: 180 mmHg SpO2: 85.9% Temp: 39.7°C
 Admission #37 [recovering]  STABLE [0] 
   HR: 81 bpm BP: 122 mmHg SpO2: 97.3% Temp: 37.1°C
 Admission #38 [stable]  STABLE [0] 
   HR: 75 bpm BP: 115 mmHg SpO2: 99% Temp: 37°C
 Admission #39 [moderate]  MODERATE [4] 
   HR: 105 bpm BP: 158 mmHg SpO2: 91.7% Temp: 38.4°C

  Next update in 5s... (Ctrl+C to stop)

c  Tick #593  |  Interval: 5000ms  |  8:24:54 PM

 📡 Posting Vitals This Tick:
 Admission #1 [critical]  CRITICAL [10]  
   HR: 156 bpm BP: 182 mmHg SpO2: 85.2% Temp: 40.1°C
 Admission #2 [recovering]  STABLE [0] 
   HR: 81 bpm BP: 125 mmHg SpO2: 97.2% Temp: 37°C
 Admission #3 [stable]  STABLE [0] 
   HR: 78 bpm BP: 112 mmHg SpO2: 97.3% Temp: 36.7°C
 Admission #6 [moderate]  MODERATE [3] 
   HR: 104 bpm BP: 139 mmHg SpO2: 92.2% Temp: 38.4°C
 Admission #7 [critical]  CRITICAL [10]  
   HR: 142 bpm BP: 182 mmHg SpO2: 85.2% Temp: 39.8°C
 Admission #8 [recovering]  STABLE [0] 
   HR: 79 bpm BP: 130 mmHg SpO2: 96.6% Temp: 37.1°C
 Admission #9 [stable]  STABLE [0] 
   HR: 76 bpm BP: 124 mmHg SpO2: 98.9% Temp: 37°C
 Admission #10 [moderate]  MODERATE [4] 
   HR: 106 bpm BP: 148 mmHg SpO2: 92.4% Temp: 38.2°C
 Admission #36 [critical]  CRITICAL [10]  
   HR: 140 bpm BP: 184 mmHg SpO2: 83.1% Temp: 39.8°C
 Admission #37 [recovering]  STABLE [0] 
   HR: 80 bpm BP: 132 mmHg SpO2: 97.1% Temp: 37°C
 Admission #38 [stable]  STABLE [0] 
   HR: 72 bpm BP: 126 mmHg SpO2: 97.4% Temp: 36.8°C
 Admission #39 [moderate]  MODERATE [3] 
   HR: 100 bpm BP: 143 mmHg SpO2: 91.4% Temp: 38.4°C

  Next update in 5s... (Ctrl+C to stop)

c  Tick #594  |  Interval: 5000ms  |  8:24:59 PM

 📡 Posting Vitals This Tick:
 Admission #1 [critical]  CRITICAL [10]  
   HR: 153 bpm BP: 190 mmHg SpO2: 83% Temp: 39.9°C
 Admission #2 [recovering]  STABLE [0] 
   HR: 79 bpm BP: 133 mmHg SpO2: 96.6% Temp: 37°C
 Admission #3 [stable]  STABLE [0] 
   HR: 73 bpm BP: 121 mmHg SpO2: 97.2% Temp: 36.7°C
 Admission #6 [moderate]  MODERATE [4] 
   HR: 102 bpm BP: 150 mmHg SpO2: 93% Temp: 38.6°C
 Admission #7 [critical]  CRITICAL [10]  
   HR: 152 bpm BP: 182 mmHg SpO2: 82.1% Temp: 40°C
 Admission #8 [recovering]  STABLE [0] 
   HR: 79 bpm BP: 127 mmHg SpO2: 96.5% Temp: 37.3°C
 Admission #9 [stable]  STABLE [0] 
   HR: 72 bpm BP: 115 mmHg SpO2: 97.3% Temp: 37°C
 Admission #10 [moderate]  MODERATE [4] 
   HR: 102 bpm BP: 151 mmHg SpO2: 91.7% Temp: 38.2°C
 Admission #36 [critical]  CRITICAL [10]  
   HR: 147 bpm BP: 190 mmHg SpO2: 83.9% Temp: 40.1°C
 Admission #37 [recovering]  STABLE [0] 
   HR: 82 bpm BP: 122 mmHg SpO2: 97.1% Temp: 37°C
 Admission #38 [stable]  STABLE [0] 
   HR: 79 bpm BP: 122 mmHg SpO2: 98.4% Temp: 37°C
 Admission #39 [moderate]  MODERATE [4] 
   HR: 109 bpm BP: 150 mmHg SpO2: 91.9% Temp: 38.6°C

  Next update in 5s... (Ctrl+C to stop)

c  Tick #595  |  Interval: 5000ms  |  8:25:04 PM

 📡 Posting Vitals This Tick:
 Admission #1 [critical]  CRITICAL [10]  
   HR: 141 bpm BP: 191 mmHg SpO2: 83.3% Temp: 39.9°C
 Admission #2 [recovering]  STABLE [0] 
   HR: 84 bpm BP: 127 mmHg SpO2: 97.2% Temp: 37.1°C
 Admission #3 [stable]  STABLE [0] 
   HR: 71 bpm BP: 117 mmHg SpO2: 98.1% Temp: 37°C
 Admission #6 [moderate]  MODERATE [4] 
   HR: 101 bpm BP: 150 mmHg SpO2: 93.5% Temp: 38.5°C
 Admission #7 [critical]  CRITICAL [10]  
   HR: 151 bpm BP: 184 mmHg SpO2: 82.6% Temp: 39.6°C
 Admission #8 [recovering]  STABLE [0] 
   HR: 85 bpm BP: 132 mmHg SpO2: 97.2% Temp: 36.9°C
 Admission #9 [stable]  STABLE [0] 
   HR: 77 bpm BP: 123 mmHg SpO2: 98.9% Temp: 36.7°C
 Admission #10 [moderate]  MODERATE [4] 
   HR: 103 bpm BP: 148 mmHg SpO2: 92.7% Temp: 38.3°C
 Admission #36 [critical]  CRITICAL [10]  
   HR: 142 bpm BP: 190 mmHg SpO2: 84.5% Temp: 39.8°C
 Admission #37 [recovering]  STABLE [0] 
   HR: 80 bpm BP: 131 mmHg SpO2: 97.2% Temp: 37°C
 Admission #38 [stable]  STABLE [0] 
   HR: 80 bpm BP: 124 mmHg SpO2: 97.9% Temp: 36.8°C
 Admission #39 [moderate]  MODERATE [4] 
   HR: 110 bpm BP: 142 mmHg SpO2: 92.9% Temp: 38.4°C

  Next update in 5s... (Ctrl+C to stop)

c  Tick #596  |  Interval: 5000ms  |  8:25:09 PM

 📡 Posting Vitals This Tick:
 Admission #1 [recovering]  STABLE [0] 
   HR: 79 bpm BP: 131 mmHg SpO2: 96.9% Temp: 37°C
 Admission #2 [stable]  STABLE [0] 
   HR: 76 bpm BP: 118 mmHg SpO2: 98% Temp: 36.6°C
 Admission #3 [moderate]  MODERATE [4] 
   HR: 110 bpm BP: 143 mmHg SpO2: 91.1% Temp: 38.1°C
 Admission #6 [critical]  CRITICAL [10]  
   HR: 151 bpm BP: 193 mmHg SpO2: 83.3% Temp: 39.9°C
 Admission #7 [recovering]  STABLE [0] 
   HR: 83 bpm BP: 131 mmHg SpO2: 97.5% Temp: 37°C
 Admission #8 [stable]  STABLE [0] 
   HR: 74 bpm BP: 114 mmHg SpO2: 97% Temp: 36.9°C
 Admission #9 [moderate]  MODERATE [3] 
   HR: 111 bpm BP: 140 mmHg SpO2: 90.7% Temp: 38.3°C
 Admission #10 [critical]  CRITICAL [10]  
   HR: 140 bpm BP: 188 mmHg SpO2: 83.4% Temp: 39.9°C
 Admission #36 [recovering]  STABLE [0] 
   HR: 85 bpm BP: 123 mmHg SpO2: 97.3% Temp: 37.2°C
 Admission #37 [stable]  STABLE [0] 
   HR: 79 bpm BP: 115 mmHg SpO2: 98.2% Temp: 37°C
 Admission #38 [moderate]  MODERATE [4] 
   HR: 108 bpm BP: 155 mmHg SpO2: 91.4% Temp: 38.2°C
 Admission #39 [critical]  CRITICAL [10]  
   HR: 142 bpm BP: 191 mmHg SpO2: 82% Temp: 40.2°C

  Next update in 5s... (Ctrl+C to stop)

c  Tick #597  |  Interval: 5000ms  |  8:25:14 PM

 📡 Posting Vitals This Tick:
 Admission #1 [recovering]  STABLE [0] 
   HR: 82 bpm BP: 124 mmHg SpO2: 96.5% Temp: 37°C
 Admission #2 [stable]  STABLE [0] 
   HR: 79 bpm BP: 119 mmHg SpO2: 98.8% Temp: 36.7°C
 Admission #3 [moderate]  MODERATE [3] 
   HR: 113 bpm BP: 139 mmHg SpO2: 93.1% Temp: 38.1°C
 Admission #6 [critical]  CRITICAL [10]  
   HR: 152 bpm BP: 194 mmHg SpO2: 83.5% Temp: 40°C
 Admission #7 [recovering]  STABLE [0] 
   HR: 86 bpm BP: 130 mmHg SpO2: 96.7% Temp: 37.1°C
 Admission #8 [stable]  STABLE [0] 
   HR: 76 bpm BP: 124 mmHg SpO2: 97.1% Temp: 36.9°C
 Admission #9 [moderate]  MODERATE [4] 
   HR: 107 bpm BP: 146 mmHg SpO2: 93.1% Temp: 38.2°C
 Admission #10 [critical]  CRITICAL [10]  
   HR: 147 bpm BP: 179 mmHg SpO2: 82.8% Temp: 39.8°C
 Admission #36 [recovering]  STABLE [0] 
   HR: 80 bpm BP: 122 mmHg SpO2: 96.9% Temp: 37.3°C
 Admission #37 [stable]  STABLE [0] 
   HR: 77 bpm BP: 119 mmHg SpO2: 98% Temp: 36.9°C
 Admission #38 [moderate]  MODERATE [4] 
   HR: 107 bpm BP: 158 mmHg SpO2: 91.5% Temp: 38.5°C
 Admission #39 [critical]  CRITICAL [10]  
   HR: 149 bpm BP: 193 mmHg SpO2: 85.4% Temp: 39.9°C

  Next update in 5s... (Ctrl+C to stop)

c  Tick #598  |  Interval: 5000ms  |  8:25:19 PM

 📡 Posting Vitals This Tick:
 Admission #1 [recovering]  STABLE [0] 
   HR: 78 bpm BP: 128 mmHg SpO2: 97% Temp: 37.1°C
 Admission #2 [stable]  STABLE [0] 
   HR: 72 bpm BP: 124 mmHg SpO2: 97.3% Temp: 36.9°C
 Admission #3 [moderate]  MODERATE [4] 
   HR: 111 bpm BP: 157 mmHg SpO2: 91.6% Temp: 38.1°C
 Admission #6 [critical]  CRITICAL [10]  
   HR: 149 bpm BP: 180 mmHg SpO2: 83.6% Temp: 39.7°C
 Admission #7 [recovering]  STABLE [0] 
   HR: 83 bpm BP: 130 mmHg SpO2: 97.3% Temp: 37°C
 Admission #8 [stable]  STABLE [0] 
   HR: 79 bpm BP: 127 mmHg SpO2: 97% Temp: 36.9°C
 Admission #9 [moderate]  MODERATE [4] 
   HR: 104 bpm BP: 144 mmHg SpO2: 92% Temp: 38.6°C
 Admission #10 [critical]  CRITICAL [10]  
   HR: 141 bpm BP: 178 mmHg SpO2: 83.5% Temp: 39.7°C
 Admission #36 [recovering]  STABLE [0] 
   HR: 84 bpm BP: 129 mmHg SpO2: 96.7% Temp: 37.1°C
 Admission #37 [stable]  STABLE [0] 
   HR: 72 bpm BP: 128 mmHg SpO2: 98.8% Temp: 36.8°C
 Admission #38 [moderate]  MODERATE [4] 
   HR: 112 bpm BP: 148 mmHg SpO2: 93.3% Temp: 38.4°C
 Admission #39 [critical]  CRITICAL [10]  
   HR: 157 bpm BP: 181 mmHg SpO2: 84.3% Temp: 39.8°C

  Next update in 5s... (Ctrl+C to stop)

c  Tick #599  |  Interval: 5000ms  |  8:25:24 PM

 📡 Posting Vitals This Tick:
 Admission #1 [recovering]  STABLE [0] 
   HR: 84 bpm BP: 132 mmHg SpO2: 96.7% Temp: 37°C
 Admission #2 [stable]  STABLE [0] 
   HR: 73 bpm BP: 126 mmHg SpO2: 97% Temp: 36.6°C
 Admission #3 [moderate]  MODERATE [4] 
   HR: 104 bpm BP: 153 mmHg SpO2: 90.5% Temp: 38.3°C
 Admission #6 [critical]  CRITICAL [10]  
   HR: 157 bpm BP: 181 mmHg SpO2: 82.5% Temp: 39.9°C
 Admission #7 [recovering]  STABLE [0] 
   HR: 79 bpm BP: 126 mmHg SpO2: 97.3% Temp: 37.2°C
 Admission #8 [stable]  STABLE [0] 
   HR: 77 bpm BP: 122 mmHg SpO2: 99% Temp: 36.7°C
 Admission #9 [moderate]  MODERATE [4] 
   HR: 116 bpm BP: 142 mmHg SpO2: 91.3% Temp: 38.6°C
 Admission #10 [critical]  CRITICAL [10]  
   HR: 153 bpm BP: 193 mmHg SpO2: 85.4% Temp: 40.1°C
 Admission #36 [recovering]  STABLE [0] 
   HR: 85 bpm BP: 123 mmHg SpO2: 97.5% Temp: 36.9°C
 Admission #37 [stable]  STABLE [0] 
   HR: 78 bpm BP: 117 mmHg SpO2: 98.4% Temp: 36.8°C
 Admission #38 [moderate]  MODERATE [3] 
   HR: 100 bpm BP: 141 mmHg SpO2: 93.3% Temp: 38.4°C
 Admission #39 [critical]  CRITICAL [10]  
   HR: 150 bpm BP: 192 mmHg SpO2: 85% Temp: 39.9°C

  Next update in 5s... (Ctrl+C to stop)

c  Tick #600  |  Interval: 5000ms  |  8:25:29 PM

 📡 Posting Vitals This Tick:
 Admission #1 [recovering]  STABLE [0] 
   HR: 82 bpm BP: 131 mmHg SpO2: 96.9% Temp: 37.2°C
 Admission #2 [stable]  STABLE [0] 
   HR: 73 bpm BP: 118 mmHg SpO2: 98.8% Temp: 36.6°C
 Admission #3 [moderate]  MODERATE [4] 
   HR: 108 bpm BP: 152 mmHg SpO2: 91.5% Temp: 38.6°C
 Admission #6 [critical]  CRITICAL [10]  
   HR: 140 bpm BP: 182 mmHg SpO2: 82.5% Temp: 39.7°C
 Admission #7 [recovering]  STABLE [0] 
   HR: 85 bpm BP: 127 mmHg SpO2: 97.1% Temp: 37.2°C
 Admission #8 [stable]  STABLE [0] 
   HR: 72 bpm BP: 118 mmHg SpO2: 98.6% Temp: 36.7°C
 Admission #9 [moderate]  MODERATE [4] 
   HR: 112 bpm BP: 146 mmHg SpO2: 92.5% Temp: 38.3°C
 Admission #10 [critical]  CRITICAL [10]  
   HR: 157 bpm BP: 190 mmHg SpO2: 85.4% Temp: 39.7°C
 Admission #36 [recovering]  STABLE [0] 
   HR: 82 bpm BP: 128 mmHg SpO2: 97.3% Temp: 37°C
 Admission #37 [stable]  STABLE [0] 
   HR: 74 bpm BP: 121 mmHg SpO2: 98.3% Temp: 36.8°C
 Admission #38 [moderate]  MODERATE [4] 
   HR: 102 bpm BP: 149 mmHg SpO2: 92.7% Temp: 38.4°C
 Admission #39 [critical]  CRITICAL [10]  
   HR: 145 bpm BP: 184 mmHg SpO2: 84.8% Temp: 40°C

  Next update in 5s... (Ctrl+C to stop)

c  Tick #601  |  Interval: 5000ms  |  8:25:34 PM

 📡 Posting Vitals This Tick:
 Admission #1 [stable]  STABLE [0] 
   HR: 71 bpm BP: 119 mmHg SpO2: 97.1% Temp: 36.7°C
 Admission #2 [moderate]  MODERATE [4] 
   HR: 103 bpm BP: 147 mmHg SpO2: 91.9% Temp: 38.5°C
 Admission #3 [critical]  CRITICAL [10]  
   HR: 140 bpm BP: 191 mmHg SpO2: 85.9% Temp: 40.2°C
 Admission #6 [recovering]  STABLE [0] 
   HR: 79 bpm BP: 130 mmHg SpO2: 96.6% Temp: 37°C
 Admission #7 [stable]  STABLE [0] 
   HR: 78 bpm BP: 113 mmHg SpO2: 98.7% Temp: 36.8°C
 Admission #8 [moderate]  MODERATE [4] 
   HR: 106 bpm BP: 144 mmHg SpO2: 91.6% Temp: 38.3°C
 Admission #9 [critical]  CRITICAL [9]  
   HR: 139 bpm BP: 180 mmHg SpO2: 84.9% Temp: 39.7°C
 Admission #10 [recovering]  STABLE [0] 
   HR: 82 bpm BP: 128 mmHg SpO2: 96.7% Temp: 36.9°C
 Admission #36 [stable]  STABLE [0] 
   HR: 77 bpm BP: 123 mmHg SpO2: 98.2% Temp: 36.9°C
 Admission #37 [moderate]  MODERATE [4] 
   HR: 101 bpm BP: 152 mmHg SpO2: 93.4% Temp: 38.4°C
 Admission #38 [critical]  CRITICAL [10]  
   HR: 139 bpm BP: 183 mmHg SpO2: 84.4% Temp: 39.6°C
 Admission #39 [recovering]  STABLE [0] 
   HR: 86 bpm BP: 125 mmHg SpO2: 96.8% Temp: 36.9°C

  Next update in 5s... (Ctrl+C to stop)

c  Tick #602  |  Interval: 5000ms  |  8:25:39 PM

 📡 Posting Vitals This Tick:
 Admission #1 [stable]  STABLE [0] 
   HR: 72 bpm BP: 122 mmHg SpO2: 97.4% Temp: 36.9°C
 Admission #2 [moderate]  MODERATE [4] 
   HR: 113 bpm BP: 147 mmHg SpO2: 91.9% Temp: 38.5°C
 Admission #3 [critical]  CRITICAL [10]  
   HR: 147 bpm BP: 188 mmHg SpO2: 83.9% Temp: 40.1°C
 Admission #6 [recovering]  STABLE [0] 
   HR: 81 bpm BP: 133 mmHg SpO2: 96.6% Temp: 37.2°C
 Admission #7 [stable]  STABLE [0] 
   HR: 78 bpm BP: 127 mmHg SpO2: 98.5% Temp: 36.9°C
 Admission #8 [moderate]  MODERATE [4] 
   HR: 113 bpm BP: 155 mmHg SpO2: 91.5% Temp: 38.3°C
 Admission #9 [critical]  CRITICAL [10]  
   HR: 140 bpm BP: 181 mmHg SpO2: 84.4% Temp: 39.8°C
 Admission #10 [recovering]  STABLE [0] 
   HR: 83 bpm BP: 123 mmHg SpO2: 96.7% Temp: 36.9°C
 Admission #36 [stable]  STABLE [0] 
   HR: 76 bpm BP: 127 mmHg SpO2: 97.9% Temp: 36.8°C
 Admission #37 [moderate]  MODERATE [4] 
   HR: 106 bpm BP: 155 mmHg SpO2: 92.2% Temp: 38.7°C
 Admission #38 [critical]  CRITICAL [10]  
   HR: 144 bpm BP: 186 mmHg SpO2: 83% Temp: 39.9°C
 Admission #39 [recovering]  STABLE [0] 
   HR: 81 bpm BP: 129 mmHg SpO2: 97.4% Temp: 37°C

  Next update in 5s... (Ctrl+C to stop)

c  Tick #603  |  Interval: 5000ms  |  8:25:44 PM

 📡 Posting Vitals This Tick:
 Admission #1 [stable]  STABLE [0] 
   HR: 79 bpm BP: 126 mmHg SpO2: 98.2% Temp: 36.9°C
 Admission #2 [moderate]  MODERATE [3] 
   HR: 103 bpm BP: 139 mmHg SpO2: 93.3% Temp: 38.4°C
 Admission #3 [critical]  CRITICAL [10]  
   HR: 139 bpm BP: 181 mmHg SpO2: 83.2% Temp: 39.9°C
 Admission #6 [recovering]  STABLE [0] 
   HR: 83 bpm BP: 124 mmHg SpO2: 96.9% Temp: 37°C
 Admission #7 [stable]  STABLE [0] 
   HR: 70 bpm BP: 123 mmHg SpO2: 98.1% Temp: 36.8°C
 Admission #8 [moderate]  MODERATE [4] 
   HR: 112 bpm BP: 151 mmHg SpO2: 91.2% Temp: 38.3°C
 Admission #9 [critical]  CRITICAL [10]  
   HR: 141 bpm BP: 188 mmHg SpO2: 83.2% Temp: 39.8°C
 Admission #10 [recovering]  STABLE [0] 
   HR: 80 bpm BP: 127 mmHg SpO2: 97% Temp: 37.1°C
 Admission #36 [stable]  STABLE [0] 
   HR: 78 bpm BP: 120 mmHg SpO2: 98.2% Temp: 36.8°C
 Admission #37 [moderate]  MODERATE [3] 
   HR: 107 bpm BP: 138 mmHg SpO2: 93.2% Temp: 38.6°C
 Admission #38 [critical]  CRITICAL [10]  
   HR: 144 bpm BP: 188 mmHg SpO2: 83.4% Temp: 40°C
 Admission #39 [recovering]  STABLE [0] 
   HR: 85 bpm BP: 132 mmHg SpO2: 96.5% Temp: 37°C

  Next update in 5s... (Ctrl+C to stop)

c  Tick #604  |  Interval: 5000ms  |  8:25:49 PM

 📡 Posting Vitals This Tick:
 Admission #1 [stable]  STABLE [0] 
   HR: 74 bpm BP: 117 mmHg SpO2: 98.8% Temp: 36.7°C
 Admission #2 [moderate]  MODERATE [4] 
   HR: 110 bpm BP: 152 mmHg SpO2: 90.9% Temp: 38.3°C
 Admission #3 [critical]  CRITICAL [10]  
   HR: 141 bpm BP: 189 mmHg SpO2: 84% Temp: 40.1°C
 Admission #6 [recovering]  STABLE [0] 
   HR: 84 bpm BP: 133 mmHg SpO2: 97% Temp: 37°C
 Admission #7 [stable]  STABLE [0] 
   HR: 76 bpm BP: 118 mmHg SpO2: 97.6% Temp: 36.8°C
 Admission #8 [moderate]  MODERATE [3] 
   HR: 116 bpm BP: 140 mmHg SpO2: 90.8% Temp: 38.2°C
 Admission #9 [critical]  CRITICAL [10]  
   HR: 158 bpm BP: 184 mmHg SpO2: 85.3% Temp: 40.2°C
 Admission #10 [recovering]  STABLE [0] 
   HR: 81 bpm BP: 129 mmHg SpO2: 96.7% Temp: 36.9°C
 Admission #36 [stable]  STABLE [0] 
   HR: 71 bpm BP: 118 mmHg SpO2: 98.4% Temp: 36.7°C
 Admission #37 [moderate]  MODERATE [4] 
   HR: 102 bpm BP: 157 mmHg SpO2: 93.2% Temp: 38.6°C
 Admission #38 [critical]  CRITICAL [10]  
   HR: 153 bpm BP: 183 mmHg SpO2: 82.6% Temp: 39.6°C
 Admission #39 [recovering]  STABLE [0] 
   HR: 85 bpm BP: 123 mmHg SpO2: 97.3% Temp: 37.1°C

  Next update in 5s... (Ctrl+C to stop)

c  Tick #605  |  Interval: 5000ms  |  8:25:54 PM

 📡 Posting Vitals This Tick:
 Admission #1 [stable]  STABLE [0] 
   HR: 75 bpm BP: 116 mmHg SpO2: 98.3% Temp: 36.7°C
 Admission #2 [moderate]  MODERATE [4] 
   HR: 113 bpm BP: 158 mmHg SpO2: 91.5% Temp: 38.5°C
 Admission #3 [critical]  CRITICAL [10]  
   HR: 153 bpm BP: 182 mmHg SpO2: 82% Temp: 40°C
 Admission #6 [recovering]  STABLE [0] 
   HR: 83 bpm BP: 125 mmHg SpO2: 96.6% Temp: 37.2°C
 Admission #7 [stable]  STABLE [0] 
   HR: 70 bpm BP: 117 mmHg SpO2: 98.3% Temp: 36.8°C
 Admission #8 [moderate]  MODERATE [4] 
   HR: 115 bpm BP: 144 mmHg SpO2: 92.8% Temp: 38.3°C
 Admission #9 [critical]  CRITICAL [10]  
   HR: 153 bpm BP: 189 mmHg SpO2: 83.1% Temp: 39.7°C
 Admission #10 [recovering]  STABLE [0] 
   HR: 85 bpm BP: 123 mmHg SpO2: 97.1% Temp: 37°C
 Admission #36 [stable]  STABLE [0] 
   HR: 72 bpm BP: 126 mmHg SpO2: 97.8% Temp: 37°C
 Admission #37 [moderate]  MODERATE [4] 
   HR: 111 bpm BP: 158 mmHg SpO2: 92.7% Temp: 38.5°C
 Admission #38 [critical]  CRITICAL [10]  
   HR: 151 bpm BP: 187 mmHg SpO2: 84.7% Temp: 40°C
 Admission #39 [recovering]  STABLE [0] 
   HR: 80 bpm BP: 122 mmHg SpO2: 96.6% Temp: 37°C

  Next update in 5s... (Ctrl+C to stop)

c  Tick #606  |  Interval: 5000ms  |  8:25:59 PM

 📡 Posting Vitals This Tick:
 Admission #1 [moderate]  MODERATE [4] 
   HR: 110 bpm BP: 150 mmHg SpO2: 93% Temp: 38.5°C
 Admission #2 [critical]  CRITICAL [9]  
   HR: 140 bpm BP: 178 mmHg SpO2: 82.2% Temp: 39.7°C
 Admission #3 [recovering]  STABLE [0] 
   HR: 79 bpm BP: 129 mmHg SpO2: 97.1% Temp: 37.1°C
 Admission #6 [stable]  STABLE [0] 
   HR: 73 bpm BP: 125 mmHg SpO2: 97.8% Temp: 36.8°C
 Admission #7 [moderate]  MODERATE [4] 
   HR: 106 bpm BP: 157 mmHg SpO2: 93.3% Temp: 38.3°C
 Admission #8 [critical]  CRITICAL [10]  
   HR: 149 bpm BP: 194 mmHg SpO2: 84.8% Temp: 39.8°C
 Admission #9 [recovering]  STABLE [0] 
   HR: 83 bpm BP: 128 mmHg SpO2: 96.9% Temp: 37.2°C
 Admission #10 [stable]  STABLE [0] 
   HR: 77 bpm BP: 127 mmHg SpO2: 97.1% Temp: 36.7°C
 Admission #36 [moderate]  MODERATE [4] 
   HR: 110 bpm BP: 143 mmHg SpO2: 92% Temp: 38.5°C
 Admission #37 [critical]  CRITICAL [10]  
   HR: 150 bpm BP: 183 mmHg SpO2: 83% Temp: 40.2°C
 Admission #38 [recovering]  STABLE [0] 
   HR: 84 bpm BP: 132 mmHg SpO2: 96.8% Temp: 37°C
 Admission #39 [stable]  STABLE [0] 
   HR: 73 bpm BP: 122 mmHg SpO2: 97.4% Temp: 36.8°C

  Next update in 5s... (Ctrl+C to stop)

c  Tick #607  |  Interval: 5000ms  |  8:26:04 PM

 📡 Posting Vitals This Tick:
 Admission #1 [moderate]  MODERATE [4] 
   HR: 108 bpm BP: 148 mmHg SpO2: 92.3% Temp: 38.4°C
 Admission #2 [critical]  CRITICAL [10]  
   HR: 143 bpm BP: 190 mmHg SpO2: 85.2% Temp: 40°C
 Admission #3 [recovering]  STABLE [0] 
   HR: 78 bpm BP: 128 mmHg SpO2: 96.6% Temp: 37.1°C
 Admission #6 [stable]  STABLE [0] 
   HR: 71 bpm BP: 115 mmHg SpO2: 97.5% Temp: 36.9°C
 Admission #7 [moderate]  MODERATE [4] 
   HR: 115 bpm BP: 148 mmHg SpO2: 93.4% Temp: 38.7°C
 Admission #8 [critical]  CRITICAL [10]  
   HR: 149 bpm BP: 188 mmHg SpO2: 83.7% Temp: 40°C
 Admission #9 [recovering]  STABLE [0] 
   HR: 82 bpm BP: 131 mmHg SpO2: 97.3% Temp: 37°C
 Admission #10 [stable]  STABLE [0] 
   HR: 78 bpm BP: 122 mmHg SpO2: 97% Temp: 36.7°C
 Admission #36 [moderate]  MODERATE [3] 
   HR: 100 bpm BP: 144 mmHg SpO2: 92.8% Temp: 38.5°C
 Admission #37 [critical]  CRITICAL [10]  
   HR: 155 bpm BP: 181 mmHg SpO2: 83.8% Temp: 39.9°C
 Admission #38 [recovering]  STABLE [0] 
   HR: 85 bpm BP: 128 mmHg SpO2: 97% Temp: 36.9°C
 Admission #39 [stable]  STABLE [0] 
   HR: 77 bpm BP: 116 mmHg SpO2: 97.8% Temp: 36.8°C

  Next update in 5s... (Ctrl+C to stop)

c  Tick #608  |  Interval: 5000ms  |  8:26:09 PM

 📡 Posting Vitals This Tick:
 Admission #1 [moderate]  MODERATE [4] 
   HR: 114 bpm BP: 155 mmHg SpO2: 91.8% Temp: 38.7°C
 Admission #2 [critical]  CRITICAL [10]  
   HR: 156 bpm BP: 181 mmHg SpO2: 83.5% Temp: 40°C
 Admission #3 [recovering]  STABLE [0] 
   HR: 84 bpm BP: 125 mmHg SpO2: 97% Temp: 37.1°C
 Admission #6 [stable]  STABLE [0] 
   HR: 72 bpm BP: 113 mmHg SpO2: 97.1% Temp: 36.9°C
 Admission #7 [moderate]  MODERATE [4] 
   HR: 112 bpm BP: 143 mmHg SpO2: 91.4% Temp: 38.2°C
 Admission #8 [critical]  CRITICAL [10]  
   HR: 157 bpm BP: 191 mmHg SpO2: 83.3% Temp: 40.1°C
 Admission #9 [recovering]  STABLE [0] 
   HR: 86 bpm BP: 127 mmHg SpO2: 97.4% Temp: 37.3°C
 Admission #10 [stable]  STABLE [0] 
   HR: 72 bpm BP: 122 mmHg SpO2: 97.7% Temp: 36.7°C
 Admission #36 [moderate]  MODERATE [4] 
   HR: 112 bpm BP: 142 mmHg SpO2: 91.7% Temp: 38.6°C
 Admission #37 [critical]  CRITICAL [10]  
   HR: 151 bpm BP: 186 mmHg SpO2: 82.6% Temp: 39.8°C
 Admission #38 [recovering]  STABLE [0] 
   HR: 83 bpm BP: 125 mmHg SpO2: 97.4% Temp: 37.2°C
 Admission #39 [stable]  STABLE [0] 
   HR: 78 bpm BP: 117 mmHg SpO2: 97.3% Temp: 36.6°C

  Next update in 5s... (Ctrl+C to stop)

c  Tick #609  |  Interval: 5000ms  |  8:26:14 PM

 📡 Posting Vitals This Tick:
 Admission #1 [moderate]  MODERATE [3] 
   HR: 100 bpm BP: 157 mmHg SpO2: 92.6% Temp: 38.7°C
 Admission #2 [critical]  CRITICAL [10]  
   HR: 142 bpm BP: 194 mmHg SpO2: 84.5% Temp: 40°C
 Admission #3 [recovering]  STABLE [0] 
   HR: 81 bpm BP: 124 mmHg SpO2: 96.8% Temp: 37.2°C
 Admission #6 [stable]  STABLE [0] 
   HR: 79 bpm BP: 125 mmHg SpO2: 99% Temp: 36.9°C
 Admission #7 [moderate]  MODERATE [4] 
   HR: 112 bpm BP: 151 mmHg SpO2: 91.3% Temp: 38.6°C
 Admission #8 [critical]  CRITICAL [10]  
   HR: 141 bpm BP: 189 mmHg SpO2: 83.6% Temp: 40°C
 Admission #9 [recovering]  STABLE [0] 
   HR: 80 bpm BP: 130 mmHg SpO2: 96.8% Temp: 36.9°C
 Admission #10 [stable]  STABLE [0] 
   HR: 71 bpm BP: 115 mmHg SpO2: 98.9% Temp: 37°C
 Admission #36 [moderate]  MODERATE [4] 
   HR: 109 bpm BP: 152 mmHg SpO2: 91.7% Temp: 38.5°C
 Admission #37 [critical]  CRITICAL [10]  
   HR: 146 bpm BP: 189 mmHg SpO2: 83.7% Temp: 39.9°C
 Admission #38 [recovering]  STABLE [0] 
   HR: 78 bpm BP: 128 mmHg SpO2: 97.4% Temp: 37.3°C
 Admission #39 [stable]  STABLE [0] 
   HR: 71 bpm BP: 125 mmHg SpO2: 97.1% Temp: 36.9°C

  Next update in 5s... (Ctrl+C to stop)

c  Tick #610  |  Interval: 5000ms  |  8:26:19 PM

 📡 Posting Vitals This Tick:
 Admission #1 [moderate]  MODERATE [4] 
   HR: 101 bpm BP: 147 mmHg SpO2: 91.7% Temp: 38.2°C
 Admission #2 [critical]  CRITICAL [10]  
   HR: 156 bpm BP: 191 mmHg SpO2: 84.9% Temp: 40.1°C
 Admission #3 [recovering]  STABLE [0] 
   HR: 78 bpm BP: 125 mmHg SpO2: 96.9% Temp: 37°C
 Admission #6 [stable]  STABLE [0] 
   HR: 76 bpm BP: 117 mmHg SpO2: 97.9% Temp: 36.8°C
 Admission #7 [moderate]  MODERATE [3] 
   HR: 100 bpm BP: 157 mmHg SpO2: 91.5% Temp: 38.2°C
 Admission #8 [critical]  CRITICAL [10]  
   HR: 151 bpm BP: 187 mmHg SpO2: 84.8% Temp: 39.6°C
 Admission #9 [recovering]  STABLE [0] 
   HR: 81 bpm BP: 124 mmHg SpO2: 97.4% Temp: 36.9°C
 Admission #10 [stable]  STABLE [0] 
   HR: 79 bpm BP: 126 mmHg SpO2: 98.2% Temp: 36.9°C
 Admission #36 [moderate]  MODERATE [4] 
   HR: 103 bpm BP: 155 mmHg SpO2: 90.9% Temp: 38.3°C
 Admission #37 [critical]  CRITICAL [10]  
   HR: 141 bpm BP: 191 mmHg SpO2: 84.4% Temp: 39.7°C
 Admission #38 [recovering]  STABLE [0] 
   HR: 79 bpm BP: 122 mmHg SpO2: 96.5% Temp: 37.1°C
 Admission #39 [stable]  STABLE [0] 
   HR: 76 bpm BP: 126 mmHg SpO2: 98.3% Temp: 36.8°C

  Next update in 5s... (Ctrl+C to stop)

c  Tick #611  |  Interval: 5000ms  |  8:26:24 PM

 📡 Posting Vitals This Tick:
 Admission #1 [critical]  CRITICAL [10]  
   HR: 153 bpm BP: 179 mmHg SpO2: 84.8% Temp: 39.6°C
 Admission #2 [recovering]  STABLE [0] 
   HR: 81 bpm BP: 126 mmHg SpO2: 96.7% Temp: 37°C
 Admission #3 [stable]  STABLE [0] 
   HR: 75 bpm BP: 124 mmHg SpO2: 97.7% Temp: 36.7°C
 Admission #6 [moderate]  MODERATE [4] 
   HR: 116 bpm BP: 141 mmHg SpO2: 92.3% Temp: 38.5°C
 Admission #7 [critical]  CRITICAL [10]  
   HR: 141 bpm BP: 194 mmHg SpO2: 83.2% Temp: 40°C
 Admission #8 [recovering]  STABLE [0] 
   HR: 80 bpm BP: 128 mmHg SpO2: 96.8% Temp: 37.1°C
 Admission #9 [stable]  STABLE [0] 
   HR: 72 bpm BP: 117 mmHg SpO2: 98.1% Temp: 36.8°C
 Admission #10 [moderate]  MODERATE [4] 
   HR: 106 bpm BP: 152 mmHg SpO2: 92.3% Temp: 38.2°C
 Admission #36 [critical]  CRITICAL [10]  
   HR: 143 bpm BP: 178 mmHg SpO2: 84.7% Temp: 39.7°C
 Admission #37 [recovering]  STABLE [0] 
   HR: 85 bpm BP: 122 mmHg SpO2: 97.2% Temp: 37°C
 Admission #38 [stable]  STABLE [0] 
   HR: 74 bpm BP: 120 mmHg SpO2: 98% Temp: 36.9°C
 Admission #39 [moderate]  MODERATE [3] 
   HR: 102 bpm BP: 139 mmHg SpO2: 93% Temp: 38.6°C

  Next update in 5s... (Ctrl+C to stop)

c  Tick #612  |  Interval: 5000ms  |  8:26:29 PM

 📡 Posting Vitals This Tick:
 Admission #1 [critical]  CRITICAL [10]  
   HR: 157 bpm BP: 194 mmHg SpO2: 83.2% Temp: 39.8°C
 Admission #2 [recovering]  STABLE [0] 
   HR: 82 bpm BP: 126 mmHg SpO2: 97.2% Temp: 37.1°C
 Admission #3 [stable]  STABLE [0] 
   HR: 73 bpm BP: 122 mmHg SpO2: 97.2% Temp: 36.6°C
 Admission #6 [moderate]  MODERATE [4] 
   HR: 106 bpm BP: 148 mmHg SpO2: 93.4% Temp: 38.1°C
 Admission #7 [critical]  CRITICAL [10]  
   HR: 152 bpm BP: 189 mmHg SpO2: 83% Temp: 40.2°C
 Admission #8 [recovering]  STABLE [0] 
   HR: 85 bpm BP: 128 mmHg SpO2: 96.9% Temp: 36.9°C
 Admission #9 [stable]  STABLE [0] 
   HR: 73 bpm BP: 117 mmHg SpO2: 98.7% Temp: 36.6°C
 Admission #10 [moderate]  MODERATE [4] 
   HR: 114 bpm BP: 146 mmHg SpO2: 90.8% Temp: 38.4°C
 Admission #36 [critical]  CRITICAL [10]  
   HR: 153 bpm BP: 192 mmHg SpO2: 84.1% Temp: 39.7°C
 Admission #37 [recovering]  STABLE [0] 
   HR: 82 bpm BP: 127 mmHg SpO2: 96.8% Temp: 37.1°C
 Admission #38 [stable]  STABLE [0] 
   HR: 78 bpm BP: 125 mmHg SpO2: 97.2% Temp: 36.7°C
 Admission #39 [moderate]  MODERATE [4] 
   HR: 114 bpm BP: 155 mmHg SpO2: 92.5% Temp: 38.1°C

  Next update in 5s... (Ctrl+C to stop)

c  Tick #613  |  Interval: 5000ms  |  8:26:34 PM

 📡 Posting Vitals This Tick:
 Admission #1 [critical]  CRITICAL [10]  
   HR: 154 bpm BP: 182 mmHg SpO2: 85.5% Temp: 39.8°C
 Admission #2 [recovering]  STABLE [0] 
   HR: 80 bpm BP: 123 mmHg SpO2: 96.7% Temp: 37.1°C
 Admission #3 [stable]  STABLE [0] 
   HR: 77 bpm BP: 115 mmHg SpO2: 98.6% Temp: 36.8°C
 Admission #6 [moderate]  MODERATE [4] 
   HR: 114 bpm BP: 144 mmHg SpO2: 92.2% Temp: 38.6°C
 Admission #7 [critical]  CRITICAL [10]  
   HR: 138 bpm BP: 185 mmHg SpO2: 84.6% Temp: 39.7°C
 Admission #8 [recovering]  STABLE [0] 
   HR: 84 bpm BP: 124 mmHg SpO2: 96.9% Temp: 37.2°C
 Admission #9 [stable]  STABLE [0] 
   HR: 71 bpm BP: 126 mmHg SpO2: 98.1% Temp: 36.7°C
 Admission #10 [moderate]  MODERATE [3] 
   HR: 102 bpm BP: 140 mmHg SpO2: 92.8% Temp: 38.6°C
 Admission #36 [critical]  CRITICAL [10]  
   HR: 146 bpm BP: 181 mmHg SpO2: 84.4% Temp: 40.1°C
 Admission #37 [recovering]  STABLE [0] 
   HR: 79 bpm BP: 127 mmHg SpO2: 96.6% Temp: 36.9°C
 Admission #38 [stable]  STABLE [0] 
   HR: 75 bpm BP: 126 mmHg SpO2: 97.5% Temp: 36.9°C
 Admission #39 [moderate]  MODERATE [4] 
   HR: 112 bpm BP: 154 mmHg SpO2: 91.3% Temp: 38.2°C

  Next update in 5s... (Ctrl+C to stop)

c  Tick #614  |  Interval: 5000ms  |  8:26:39 PM

 📡 Posting Vitals This Tick:
 Admission #1 [critical]  CRITICAL [10]  
   HR: 149 bpm BP: 188 mmHg SpO2: 85.3% Temp: 39.9°C
 Admission #2 [recovering]  STABLE [0] 
   HR: 85 bpm BP: 124 mmHg SpO2: 96.7% Temp: 37.2°C
 Admission #3 [stable]  STABLE [0] 
   HR: 77 bpm BP: 125 mmHg SpO2: 97.7% Temp: 37°C
 Admission #6 [moderate]  MODERATE [4] 
   HR: 109 bpm BP: 154 mmHg SpO2: 91.6% Temp: 38.5°C
 Admission #7 [critical]  CRITICAL [10]  
   HR: 151 bpm BP: 189 mmHg SpO2: 83.4% Temp: 39.9°C
 Admission #8 [recovering]  STABLE [0] 
   HR: 86 bpm BP: 124 mmHg SpO2: 97.4% Temp: 37°C
 Admission #9 [stable]  STABLE [0] 
   HR: 71 bpm BP: 127 mmHg SpO2: 97.6% Temp: 36.9°C
 Admission #10 [moderate]  MODERATE [4] 
   HR: 101 bpm BP: 146 mmHg SpO2: 93% Temp: 38.2°C
 Admission #36 [critical]  CRITICAL [10]  
   HR: 158 bpm BP: 191 mmHg SpO2: 83.1% Temp: 40.1°C
 Admission #37 [recovering]  STABLE [0] 
   HR: 83 bpm BP: 132 mmHg SpO2: 96.8% Temp: 36.9°C
 Admission #38 [stable]  STABLE [0] 
   HR: 71 bpm BP: 117 mmHg SpO2: 98.2% Temp: 36.9°C
 Admission #39 [moderate]  MODERATE [4] 
   HR: 110 bpm BP: 147 mmHg SpO2: 92.3% Temp: 38.4°C

  Next update in 5s... (Ctrl+C to stop)

c  Tick #615  |  Interval: 5000ms  |  8:26:44 PM

 📡 Posting Vitals This Tick:
 Admission #1 [critical]  CRITICAL [10]  
   HR: 153 bpm BP: 186 mmHg SpO2: 83.6% Temp: 39.8°C
 Admission #2 [recovering]  STABLE [0] 
   HR: 85 bpm BP: 132 mmHg SpO2: 97.2% Temp: 37°C
 Admission #3 [stable]  STABLE [0] 
   HR: 71 bpm BP: 119 mmHg SpO2: 97.2% Temp: 36.9°C
 Admission #6 [moderate]  MODERATE [4] 
   HR: 102 bpm BP: 151 mmHg SpO2: 91.6% Temp: 38.1°C
 Admission #7 [critical]  CRITICAL [10]  
   HR: 138 bpm BP: 185 mmHg SpO2: 82.1% Temp: 39.7°C
 Admission #8 [recovering]  STABLE [0] 
   HR: 86 bpm BP: 129 mmHg SpO2: 97.4% Temp: 37°C
 Admission #9 [stable]  STABLE [0] 
   HR: 72 bpm BP: 115 mmHg SpO2: 98.3% Temp: 36.7°C
 Admission #10 [moderate]  MODERATE [4] 
   HR: 101 bpm BP: 151 mmHg SpO2: 93.4% Temp: 38.6°C
 Admission #36 [critical]  CRITICAL [10]  
   HR: 145 bpm BP: 185 mmHg SpO2: 84.6% Temp: 39.7°C
 Admission #37 [recovering]  STABLE [0] 
   HR: 80 bpm BP: 126 mmHg SpO2: 97.3% Temp: 37°C
 Admission #38 [stable]  STABLE [0] 
   HR: 75 bpm BP: 128 mmHg SpO2: 98.6% Temp: 37°C
 Admission #39 [moderate]  MODERATE [4] 
   HR: 107 bpm BP: 149 mmHg SpO2: 90.7% Temp: 38.6°C

  Next update in 5s... (Ctrl+C to stop)

c  Tick #616  |  Interval: 5000ms  |  8:26:49 PM

 📡 Posting Vitals This Tick:
 Admission #1 [recovering]  STABLE [0] 
   HR: 84 bpm BP: 127 mmHg SpO2: 97% Temp: 36.9°C
 Admission #2 [stable]  STABLE [0] 
   HR: 71 bpm BP: 124 mmHg SpO2: 97.7% Temp: 36.6°C
 Admission #3 [moderate]  MODERATE [4] 
   HR: 101 bpm BP: 148 mmHg SpO2: 92% Temp: 38.6°C
 Admission #6 [critical]  CRITICAL [10]  
   HR: 147 bpm BP: 181 mmHg SpO2: 83.1% Temp: 39.6°C
 Admission #7 [recovering]  STABLE [0] 
   HR: 80 bpm BP: 124 mmHg SpO2: 97.3% Temp: 37°C
 Admission #8 [stable]  STABLE [0] 
   HR: 73 bpm BP: 120 mmHg SpO2: 98.7% Temp: 37°C
 Admission #9 [moderate]  MODERATE [4] 
   HR: 112 bpm BP: 146 mmHg SpO2: 90.9% Temp: 38.1°C
 Admission #10 [critical]  CRITICAL [10]  
   HR: 141 bpm BP: 193 mmHg SpO2: 85.8% Temp: 39.7°C
 Admission #36 [recovering]  STABLE [0] 
   HR: 81 bpm BP: 129 mmHg SpO2: 96.8% Temp: 37.1°C
 Admission #37 [stable]  STABLE [0] 
   HR: 79 bpm BP: 125 mmHg SpO2: 98% Temp: 36.8°C
 Admission #38 [moderate]  MODERATE [4] 
   HR: 105 bpm BP: 149 mmHg SpO2: 90.7% Temp: 38.2°C
 Admission #39 [critical]  CRITICAL [10]  
   HR: 139 bpm BP: 184 mmHg SpO2: 82.4% Temp: 39.8°C

  Next update in 5s... (Ctrl+C to stop)

c  Tick #617  |  Interval: 5000ms  |  8:26:54 PM

 📡 Posting Vitals This Tick:
 Admission #1 [recovering]  STABLE [0] 
   HR: 82 bpm BP: 123 mmHg SpO2: 96.7% Temp: 37°C
 Admission #2 [stable]  STABLE [0] 
   HR: 74 bpm BP: 115 mmHg SpO2: 97.3% Temp: 36.9°C
 Admission #3 [moderate]  MODERATE [4] 
   HR: 115 bpm BP: 148 mmHg SpO2: 91% Temp: 38.6°C
 Admission #6 [critical]  CRITICAL [10]  
   HR: 145 bpm BP: 183 mmHg SpO2: 85.2% Temp: 40°C
 Admission #7 [recovering]  STABLE [0] 
   HR: 85 bpm BP: 129 mmHg SpO2: 97.2% Temp: 37.3°C
 Admission #8 [stable]  STABLE [0] 
   HR: 72 bpm BP: 121 mmHg SpO2: 97.1% Temp: 36.9°C
 Admission #9 [moderate]  MODERATE [4] 
   HR: 114 bpm BP: 142 mmHg SpO2: 92.3% Temp: 38.5°C
 Admission #10 [critical]  CRITICAL [10]  
   HR: 157 bpm BP: 192 mmHg SpO2: 84% Temp: 39.6°C
 Admission #36 [recovering]  STABLE [0] 
   HR: 81 bpm BP: 123 mmHg SpO2: 96.8% Temp: 37.1°C
 Admission #37 [stable]  STABLE [0] 
   HR: 79 bpm BP: 118 mmHg SpO2: 97.9% Temp: 37°C
 Admission #38 [moderate]  MODERATE [4] 
   HR: 109 bpm BP: 158 mmHg SpO2: 91.2% Temp: 38.3°C
 Admission #39 [critical]  CRITICAL [10]  
   HR: 142 bpm BP: 189 mmHg SpO2: 83.6% Temp: 40.1°C

  Next update in 5s... (Ctrl+C to stop)

c  Tick #618  |  Interval: 5000ms  |  8:26:59 PM

 📡 Posting Vitals This Tick:
 Admission #1 [recovering]  STABLE [0] 
   HR: 83 bpm BP: 128 mmHg SpO2: 97.5% Temp: 37.1°C
 Admission #2 [stable]  STABLE [0] 
   HR: 77 bpm BP: 123 mmHg SpO2: 97.7% Temp: 36.7°C
 Admission #3 [moderate]  MODERATE [4] 
   HR: 101 bpm BP: 157 mmHg SpO2: 91.2% Temp: 38.4°C
 Admission #6 [critical]  CRITICAL [10]  
   HR: 147 bpm BP: 189 mmHg SpO2: 83.9% Temp: 40°C
 Admission #7 [recovering]  STABLE [0] 
   HR: 80 bpm BP: 133 mmHg SpO2: 97.2% Temp: 37.3°C
 Admission #8 [stable]  STABLE [0] 
   HR: 78 bpm BP: 124 mmHg SpO2: 98.3% Temp: 37°C
 Admission #9 [moderate]  MODERATE [4] 
   HR: 115 bpm BP: 156 mmHg SpO2: 92.1% Temp: 38.7°C
 Admission #10 [critical]  CRITICAL [10]  
   HR: 144 bpm BP: 179 mmHg SpO2: 85% Temp: 40.1°C
 Admission #36 [recovering]  STABLE [0] 
   HR: 83 bpm BP: 133 mmHg SpO2: 97.1% Temp: 37.2°C
 Admission #37 [stable]  STABLE [0] 
   HR: 72 bpm BP: 125 mmHg SpO2: 97% Temp: 37°C
 Admission #38 [moderate]  MODERATE [4] 
   HR: 106 bpm BP: 150 mmHg SpO2: 91.9% Temp: 38.3°C
 Admission #39 [critical]  CRITICAL [10]  
   HR: 139 bpm BP: 189 mmHg SpO2: 83.7% Temp: 39.9°C

  Next update in 5s... (Ctrl+C to stop)

c  Tick #619  |  Interval: 5000ms  |  8:27:04 PM

 📡 Posting Vitals This Tick:
 Admission #1 [recovering]  STABLE [0] 
   HR: 85 bpm BP: 129 mmHg SpO2: 96.9% Temp: 37.2°C
 Admission #2 [stable]  STABLE [0] 
   HR: 70 bpm BP: 127 mmHg SpO2: 98.2% Temp: 36.8°C
 Admission #3 [moderate]  MODERATE [4] 
   HR: 107 bpm BP: 141 mmHg SpO2: 92.8% Temp: 38.6°C
 Admission #6 [critical]  CRITICAL [10]  
   HR: 146 bpm BP: 186 mmHg SpO2: 83.3% Temp: 40°C
 Admission #7 [recovering]  STABLE [0] 
   HR: 79 bpm BP: 123 mmHg SpO2: 97.1% Temp: 37°C
 Admission #8 [stable]  STABLE [0] 
   HR: 74 bpm BP: 113 mmHg SpO2: 97% Temp: 36.7°C
 Admission #9 [moderate]  MODERATE [3] 
   HR: 113 bpm BP: 139 mmHg SpO2: 92.5% Temp: 38.3°C
 Admission #10 [critical]  CRITICAL [10]  
   HR: 153 bpm BP: 182 mmHg SpO2: 82.7% Temp: 40°C
 Admission #36 [recovering]  STABLE [0] 
   HR: 86 bpm BP: 132 mmHg SpO2: 96.7% Temp: 37.3°C
 Admission #37 [stable]  STABLE [0] 
   HR: 77 bpm BP: 116 mmHg SpO2: 98.4% Temp: 36.7°C
 Admission #38 [moderate]  MODERATE [3] 
   HR: 104 bpm BP: 139 mmHg SpO2: 90.9% Temp: 38.4°C
 Admission #39 [critical]  CRITICAL [10]  
   HR: 140 bpm BP: 191 mmHg SpO2: 82.2% Temp: 39.9°C

  Next update in 5s... (Ctrl+C to stop)

c  Tick #620  |  Interval: 5000ms  |  8:27:09 PM

 📡 Posting Vitals This Tick:
 Admission #1 [recovering]  STABLE [0] 
   HR: 79 bpm BP: 128 mmHg SpO2: 96.8% Temp: 37.1°C
 Admission #2 [stable]  STABLE [0] 
   HR: 76 bpm BP: 120 mmHg SpO2: 97.4% Temp: 36.9°C
 Admission #3 [moderate]  MODERATE [4] 
   HR: 109 bpm BP: 144 mmHg SpO2: 92.7% Temp: 38.7°C
 Admission #6 [critical]  CRITICAL [10]  
   HR: 145 bpm BP: 185 mmHg SpO2: 82.9% Temp: 39.6°C
 Admission #7 [recovering]  STABLE [0] 
   HR: 81 bpm BP: 131 mmHg SpO2: 97% Temp: 37.3°C
 Admission #8 [stable]  STABLE [0] 
   HR: 72 bpm BP: 112 mmHg SpO2: 97.3% Temp: 36.8°C
 Admission #9 [moderate]  MODERATE [4] 
   HR: 103 bpm BP: 141 mmHg SpO2: 91.8% Temp: 38.4°C
 Admission #10 [critical]  CRITICAL [10]  
   HR: 148 bpm BP: 184 mmHg SpO2: 85.7% Temp: 40.1°C
 Admission #36 [recovering]  STABLE [0] 
   HR: 78 bpm BP: 132 mmHg SpO2: 97% Temp: 37°C
 Admission #37 [stable]  STABLE [0] 
   HR: 76 bpm BP: 120 mmHg SpO2: 98.7% Temp: 36.7°C
 Admission #38 [moderate]  MODERATE [4] 
   HR: 106 bpm BP: 143 mmHg SpO2: 93.3% Temp: 38.2°C
 Admission #39 [critical]  CRITICAL [10]  
   HR: 151 bpm BP: 190 mmHg SpO2: 82.2% Temp: 39.8°C

  Next update in 5s... (Ctrl+C to stop)

c  Tick #621  |  Interval: 5000ms  |  8:27:14 PM

 📡 Posting Vitals This Tick:
 Admission #1 [stable]  STABLE [0] 
   HR: 71 bpm BP: 123 mmHg SpO2: 97.3% Temp: 36.9°C
 Admission #2 [moderate]  MODERATE [4] 
   HR: 109 bpm BP: 149 mmHg SpO2: 91.6% Temp: 38.2°C
 Admission #3 [critical]  CRITICAL [10]  
   HR: 157 bpm BP: 189 mmHg SpO2: 84.6% Temp: 39.7°C
 Admission #6 [recovering]  STABLE [0] 
   HR: 86 bpm BP: 128 mmHg SpO2: 96.7% Temp: 37°C
 Admission #7 [stable]  STABLE [0] 
   HR: 71 bpm BP: 122 mmHg SpO2: 97% Temp: 37°C
 Admission #8 [moderate]  MODERATE [4] 
   HR: 112 bpm BP: 152 mmHg SpO2: 93.4% Temp: 38.4°C
 Admission #9 [critical]  CRITICAL [10]  
   HR: 152 bpm BP: 185 mmHg SpO2: 84.1% Temp: 40°C
 Admission #10 [recovering]  STABLE [0] 
   HR: 85 bpm BP: 126 mmHg SpO2: 97.4% Temp: 37.2°C
 Admission #36 [stable]  STABLE [0] 
   HR: 78 bpm BP: 125 mmHg SpO2: 98.7% Temp: 36.7°C
 Admission #37 [moderate]  MODERATE [4] 
   HR: 107 bpm BP: 146 mmHg SpO2: 91.4% Temp: 38.2°C
 Admission #38 [critical]  CRITICAL [10]  
   HR: 141 bpm BP: 193 mmHg SpO2: 85.5% Temp: 39.7°C
 Admission #39 [recovering]  STABLE [0] 
   HR: 79 bpm BP: 124 mmHg SpO2: 97.4% Temp: 37.2°C

  Next update in 5s... (Ctrl+C to stop)

c  Tick #622  |  Interval: 5000ms  |  8:27:19 PM

 📡 Posting Vitals This Tick:
 Admission #1 [stable]  STABLE [0] 
   HR: 78 bpm BP: 126 mmHg SpO2: 98.2% Temp: 36.9°C
 Admission #2 [moderate]  MODERATE [4] 
   HR: 116 bpm BP: 152 mmHg SpO2: 92% Temp: 38.6°C
 Admission #3 [critical]  CRITICAL [10]  
   HR: 154 bpm BP: 192 mmHg SpO2: 84.1% Temp: 39.6°C
 Admission #6 [recovering]  STABLE [0] 
   HR: 86 bpm BP: 122 mmHg SpO2: 97.5% Temp: 37.3°C
 Admission #7 [stable]  STABLE [0] 
   HR: 71 bpm BP: 125 mmHg SpO2: 99% Temp: 37°C
 Admission #8 [moderate]  MODERATE [4] 
   HR: 112 bpm BP: 156 mmHg SpO2: 93.4% Temp: 38.6°C
 Admission #9 [critical]  CRITICAL [10]  
   HR: 157 bpm BP: 188 mmHg SpO2: 85.3% Temp: 39.7°C
 Admission #10 [recovering]  STABLE [0] 
   HR: 80 bpm BP: 132 mmHg SpO2: 97.2% Temp: 37°C
 Admission #36 [stable]  STABLE [0] 
   HR: 73 bpm BP: 124 mmHg SpO2: 97.2% Temp: 36.8°C
 Admission #37 [moderate]  MODERATE [4] 
   HR: 101 bpm BP: 144 mmHg SpO2: 93.5% Temp: 38.5°C
 Admission #38 [critical]  CRITICAL [10]  
   HR: 140 bpm BP: 182 mmHg SpO2: 82.5% Temp: 39.8°C
 Admission #39 [recovering]  STABLE [0] 
   HR: 80 bpm BP: 133 mmHg SpO2: 96.6% Temp: 36.9°C

  Next update in 5s... (Ctrl+C to stop)

c  Tick #623  |  Interval: 5000ms  |  8:27:24 PM

 📡 Posting Vitals This Tick:
 Admission #1 [stable]  STABLE [0] 
   HR: 75 bpm BP: 124 mmHg SpO2: 97.5% Temp: 36.9°C
 Admission #2 [moderate]  MODERATE [4] 
   HR: 109 bpm BP: 148 mmHg SpO2: 92% Temp: 38.3°C
 Admission #3 [critical]  CRITICAL [10]  
   HR: 151 bpm BP: 191 mmHg SpO2: 82.1% Temp: 40.1°C
 Admission #6 [recovering]  STABLE [0] 
   HR: 86 bpm BP: 126 mmHg SpO2: 97.5% Temp: 37.1°C
 Admission #7 [stable]  STABLE [0] 
   HR: 70 bpm BP: 123 mmHg SpO2: 98.5% Temp: 36.9°C
 Admission #8 [moderate]  MODERATE [4] 
   HR: 106 bpm BP: 152 mmHg SpO2: 91.8% Temp: 38.4°C
 Admission #9 [critical]  CRITICAL [10]  
   HR: 153 bpm BP: 187 mmHg SpO2: 84% Temp: 39.7°C
 Admission #10 [recovering]  STABLE [0] 
   HR: 82 bpm BP: 130 mmHg SpO2: 96.7% Temp: 37.3°C
 Admission #36 [stable]  STABLE [0] 
   HR: 76 bpm BP: 118 mmHg SpO2: 97.2% Temp: 36.9°C
 Admission #37 [moderate]  MODERATE [4] 
   HR: 102 bpm BP: 144 mmHg SpO2: 90.8% Temp: 38.2°C
 Admission #38 [critical]  CRITICAL [10]  
   HR: 142 bpm BP: 190 mmHg SpO2: 83.2% Temp: 39.7°C
 Admission #39 [recovering]  STABLE [0] 
   HR: 79 bpm BP: 123 mmHg SpO2: 97.4% Temp: 37.2°C

  Next update in 5s... (Ctrl+C to stop)

c  Tick #624  |  Interval: 5000ms  |  8:27:29 PM

 📡 Posting Vitals This Tick:
 Admission #1 [stable]  STABLE [0] 
   HR: 77 bpm BP: 124 mmHg SpO2: 97.4% Temp: 36.7°C
 Admission #2 [moderate]  MODERATE [4] 
   HR: 116 bpm BP: 143 mmHg SpO2: 93% Temp: 38.7°C
 Admission #3 [critical]  CRITICAL [10]  
   HR: 145 bpm BP: 187 mmHg SpO2: 82.2% Temp: 40°C
 Admission #6 [recovering]  STABLE [0] 
   HR: 82 bpm BP: 131 mmHg SpO2: 96.7% Temp: 37.2°C
 Admission #7 [stable]  STABLE [0] 
   HR: 71 bpm BP: 117 mmHg SpO2: 98.9% Temp: 36.8°C
 Admission #8 [moderate]  MODERATE [3] 
   HR: 100 bpm BP: 155 mmHg SpO2: 92.1% Temp: 38.1°C
 Admission #9 [critical]  CRITICAL [10]  
   HR: 145 bpm BP: 191 mmHg SpO2: 83.2% Temp: 39.9°C
 Admission #10 [recovering]  STABLE [0] 
   HR: 83 bpm BP: 128 mmHg SpO2: 97.1% Temp: 37.1°C
 Admission #36 [stable]  STABLE [0] 
   HR: 75 bpm BP: 126 mmHg SpO2: 97.3% Temp: 36.7°C
 Admission #37 [moderate]  MODERATE [4] 
   HR: 105 bpm BP: 143 mmHg SpO2: 92.1% Temp: 38.7°C
 Admission #38 [critical]  CRITICAL [10]  
   HR: 139 bpm BP: 180 mmHg SpO2: 82.4% Temp: 40.1°C
 Admission #39 [recovering]  STABLE [0] 
   HR: 81 bpm BP: 123 mmHg SpO2: 97% Temp: 36.9°C

  Next update in 5s... (Ctrl+C to stop)

c  Tick #625  |  Interval: 5000ms  |  8:27:34 PM

 📡 Posting Vitals This Tick:
 Admission #1 [stable]  STABLE [0] 
   HR: 75 bpm BP: 116 mmHg SpO2: 98.8% Temp: 36.8°C
 Admission #2 [moderate]  MODERATE [4] 
   HR: 107 bpm BP: 141 mmHg SpO2: 90.5% Temp: 38.5°C
 Admission #3 [critical]  CRITICAL [10]  
   HR: 142 bpm BP: 190 mmHg SpO2: 84.1% Temp: 39.7°C
 Admission #6 [recovering]  STABLE [0] 
   HR: 84 bpm BP: 124 mmHg SpO2: 97% Temp: 37.2°C
 Admission #7 [stable]  STABLE [0] 
   HR: 72 bpm BP: 123 mmHg SpO2: 97.4% Temp: 37°C
 Admission #8 [moderate]  MODERATE [4] 
   HR: 108 bpm BP: 148 mmHg SpO2: 90.9% Temp: 38.6°C
 Admission #9 [critical]  CRITICAL [10]  
   HR: 157 bpm BP: 193 mmHg SpO2: 84.5% Temp: 40°C
 Admission #10 [recovering]  STABLE [0] 
   HR: 82 bpm BP: 125 mmHg SpO2: 97.5% Temp: 37°C
 Admission #36 [stable]  STABLE [0] 
   HR: 72 bpm BP: 120 mmHg SpO2: 99% Temp: 36.9°C
 Admission #37 [moderate]  MODERATE [4] 
   HR: 101 bpm BP: 143 mmHg SpO2: 92.9% Temp: 38.2°C
 Admission #38 [critical]  CRITICAL [9]  
   HR: 140 bpm BP: 181 mmHg SpO2: 85.2% Temp: 39.8°C
 Admission #39 [recovering]  STABLE [0] 
   HR: 80 bpm BP: 129 mmHg SpO2: 97.4% Temp: 37°C

  Next update in 5s... (Ctrl+C to stop)

c  Tick #626  |  Interval: 5000ms  |  8:27:39 PM

 📡 Posting Vitals This Tick:
 Admission #1 [moderate]  MODERATE [4] 
   HR: 105 bpm BP: 148 mmHg SpO2: 91% Temp: 38.5°C
 Admission #2 [critical]  CRITICAL [10]  
   HR: 151 bpm BP: 186 mmHg SpO2: 82.9% Temp: 39.7°C
 Admission #3 [recovering]  STABLE [0] 
   HR: 84 bpm BP: 124 mmHg SpO2: 96.7% Temp: 37.1°C
 Admission #6 [stable]  STABLE [0] 
   HR: 70 bpm BP: 119 mmHg SpO2: 98.7% Temp: 36.6°C
 Admission #7 [moderate]  MODERATE [4] 
   HR: 115 bpm BP: 151 mmHg SpO2: 91.9% Temp: 38.6°C
 Admission #8 [critical]  CRITICAL [10]  
   HR: 142 bpm BP: 187 mmHg SpO2: 84.9% Temp: 39.8°C
 Admission #9 [recovering]  STABLE [0] 
   HR: 85 bpm BP: 127 mmHg SpO2: 96.8% Temp: 37.3°C
 Admission #10 [stable]  STABLE [0] 
   HR: 75 bpm BP: 116 mmHg SpO2: 98.3% Temp: 36.9°C
 Admission #36 [moderate]  MODERATE [4] 
   HR: 108 bpm BP: 154 mmHg SpO2: 93% Temp: 38.1°C
 Admission #37 [critical]  CRITICAL [10]  
   HR: 157 bpm BP: 185 mmHg SpO2: 84.2% Temp: 40°C
 Admission #38 [recovering]  STABLE [0] 
   HR: 80 bpm BP: 126 mmHg SpO2: 97.4% Temp: 37.2°C
 Admission #39 [stable]  STABLE [0] 
   HR: 78 bpm BP: 123 mmHg SpO2: 98.7% Temp: 36.7°C

  Next update in 5s... (Ctrl+C to stop)

c  Tick #627  |  Interval: 5000ms  |  8:27:44 PM

 📡 Posting Vitals This Tick:
 Admission #1 [moderate]  MODERATE [3] 
   HR: 100 bpm BP: 156 mmHg SpO2: 93.5% Temp: 38.1°C
 Admission #2 [critical]  CRITICAL [10]  
   HR: 142 bpm BP: 191 mmHg SpO2: 85% Temp: 40°C
 Admission #3 [recovering]  STABLE [0] 
   HR: 84 bpm BP: 124 mmHg SpO2: 96.8% Temp: 37.3°C
 Admission #6 [stable]  STABLE [0] 
   HR: 74 bpm BP: 122 mmHg SpO2: 98.7% Temp: 36.8°C
 Admission #7 [moderate]  MODERATE [4] 
   HR: 111 bpm BP: 154 mmHg SpO2: 93.5% Temp: 38.3°C
 Admission #8 [critical]  CRITICAL [10]  
   HR: 155 bpm BP: 183 mmHg SpO2: 83.6% Temp: 39.6°C
 Admission #9 [recovering]  STABLE [0] 
   HR: 81 bpm BP: 126 mmHg SpO2: 96.8% Temp: 37.1°C
 Admission #10 [stable]  STABLE [0] 
   HR: 77 bpm BP: 112 mmHg SpO2: 97.4% Temp: 36.7°C
 Admission #36 [moderate]  MODERATE [4] 
   HR: 103 bpm BP: 155 mmHg SpO2: 92.9% Temp: 38.6°C
 Admission #37 [critical]  CRITICAL [10]  
   HR: 148 bpm BP: 186 mmHg SpO2: 85.5% Temp: 40°C
 Admission #38 [recovering]  STABLE [0] 
   HR: 86 bpm BP: 132 mmHg SpO2: 96.9% Temp: 36.9°C
 Admission #39 [stable]  STABLE [0] 
   HR: 72 bpm BP: 116 mmHg SpO2: 98.2% Temp: 36.9°C

  Next update in 5s... (Ctrl+C to stop)

c  Tick #628  |  Interval: 5000ms  |  8:27:49 PM

 📡 Posting Vitals This Tick:
 Admission #1 [moderate]  MODERATE [4] 
   HR: 115 bpm BP: 143 mmHg SpO2: 92.3% Temp: 38.4°C
 Admission #2 [critical]  CRITICAL [10]  
   HR: 151 bpm BP: 180 mmHg SpO2: 84.4% Temp: 39.7°C
 Admission #3 [recovering]  STABLE [0] 
   HR: 80 bpm BP: 124 mmHg SpO2: 97.2% Temp: 37.1°C
 Admission #6 [stable]  STABLE [0] 
   HR: 75 bpm BP: 120 mmHg SpO2: 97.5% Temp: 36.9°C
 Admission #7 [moderate]  MODERATE [3] 
   HR: 111 bpm BP: 140 mmHg SpO2: 93.4% Temp: 38.4°C
 Admission #8 [critical]  CRITICAL [10]  
   HR: 147 bpm BP: 194 mmHg SpO2: 85.8% Temp: 40.1°C
 Admission #9 [recovering]  STABLE [0] 
   HR: 78 bpm BP: 130 mmHg SpO2: 97.4% Temp: 37.1°C
 Admission #10 [stable]  STABLE [0] 
   HR: 79 bpm BP: 126 mmHg SpO2: 97.8% Temp: 36.9°C
 Admission #36 [moderate]  MODERATE [4] 
   HR: 101 bpm BP: 146 mmHg SpO2: 92.5% Temp: 38.3°C
 Admission #37 [critical]  CRITICAL [10]  
   HR: 155 bpm BP: 190 mmHg SpO2: 85% Temp: 40.2°C
 Admission #38 [recovering]  STABLE [0] 
   HR: 85 bpm BP: 127 mmHg SpO2: 97% Temp: 37.3°C
 Admission #39 [stable]  STABLE [0] 
   HR: 77 bpm BP: 122 mmHg SpO2: 97.6% Temp: 36.9°C

  Next update in 5s... (Ctrl+C to stop)

c  Tick #629  |  Interval: 5000ms  |  8:27:54 PM

 📡 Posting Vitals This Tick:
 Admission #1 [moderate]  MODERATE [4] 
   HR: 113 bpm BP: 142 mmHg SpO2: 90.7% Temp: 38.3°C
 Admission #2 [critical]  CRITICAL [9]  
   HR: 140 bpm BP: 179 mmHg SpO2: 84.2% Temp: 40°C
 Admission #3 [recovering]  STABLE [0] 
   HR: 80 bpm BP: 128 mmHg SpO2: 96.7% Temp: 37°C
 Admission #6 [stable]  STABLE [0] 
   HR: 75 bpm BP: 120 mmHg SpO2: 97.9% Temp: 36.8°C
 Admission #7 [moderate]  MODERATE [4] 
   HR: 104 bpm BP: 155 mmHg SpO2: 91.5% Temp: 38.2°C
 Admission #8 [critical]  CRITICAL [10]  
   HR: 150 bpm BP: 180 mmHg SpO2: 84.1% Temp: 39.9°C
 Admission #9 [recovering]  STABLE [0] 
   HR: 82 bpm BP: 127 mmHg SpO2: 96.6% Temp: 37.2°C
 Admission #10 [stable]  STABLE [0] 
   HR: 74 bpm BP: 126 mmHg SpO2: 98.9% Temp: 36.7°C
 Admission #36 [moderate]  MODERATE [4] 
   HR: 114 bpm BP: 143 mmHg SpO2: 92.2% Temp: 38.5°C
 Admission #37 [critical]  CRITICAL [10]  
   HR: 151 bpm BP: 183 mmHg SpO2: 82.4% Temp: 39.7°C
 Admission #38 [recovering]  STABLE [0] 
   HR: 86 bpm BP: 126 mmHg SpO2: 96.7% Temp: 37°C
 Admission #39 [stable]  STABLE [0] 
   HR: 76 bpm BP: 117 mmHg SpO2: 98.4% Temp: 36.7°C

  Next update in 5s... (Ctrl+C to stop)

c  Tick #630  |  Interval: 5000ms  |  8:27:59 PM

 📡 Posting Vitals This Tick:
 Admission #1 [moderate]  MODERATE [3] 
   HR: 100 bpm BP: 147 mmHg SpO2: 93.4% Temp: 38.6°C
 Admission #2 [critical]  CRITICAL [10]  
   HR: 155 bpm BP: 189 mmHg SpO2: 85.1% Temp: 40.1°C
 Admission #3 [recovering]  STABLE [0] 
   HR: 79 bpm BP: 134 mmHg SpO2: 97.1% Temp: 37.2°C
 Admission #6 [stable]  STABLE [0] 
   HR: 78 bpm BP: 112 mmHg SpO2: 98.9% Temp: 37°C
 Admission #7 [moderate]  MODERATE [4] 
   HR: 112 bpm BP: 153 mmHg SpO2: 91.4% Temp: 38.3°C
 Admission #8 [critical]  CRITICAL [10]  
   HR: 144 bpm BP: 189 mmHg SpO2: 82.7% Temp: 39.6°C
 Admission #9 [recovering]  STABLE [0] 
   HR: 80 bpm BP: 133 mmHg SpO2: 97.1% Temp: 37.1°C
 Admission #10 [stable]  STABLE [0] 
   HR: 78 bpm BP: 116 mmHg SpO2: 98.6% Temp: 36.8°C
 Admission #36 [moderate]  MODERATE [4] 
   HR: 102 bpm BP: 158 mmHg SpO2: 93% Temp: 38.7°C
 Admission #37 [critical]  CRITICAL [9]  
   HR: 150 bpm BP: 179 mmHg SpO2: 85.3% Temp: 40°C
 Admission #38 [recovering]  STABLE [0] 
   HR: 86 bpm BP: 124 mmHg SpO2: 96.5% Temp: 37.2°C
 Admission #39 [stable]  STABLE [0] 
   HR: 75 bpm BP: 124 mmHg SpO2: 98.8% Temp: 36.8°C

  Next update in 5s... (Ctrl+C to stop)

c  Tick #631  |  Interval: 5000ms  |  8:28:04 PM

 📡 Posting Vitals This Tick:
 Admission #1 [critical]  CRITICAL [10]  
   HR: 151 bpm BP: 186 mmHg SpO2: 84.7% Temp: 39.9°C
 Admission #2 [recovering]  STABLE [0] 
   HR: 83 bpm BP: 128 mmHg SpO2: 96.6% Temp: 36.9°C
 Admission #3 [stable]  STABLE [0] 
   HR: 72 bpm BP: 124 mmHg SpO2: 98.9% Temp: 36.7°C
 Admission #6 [moderate]  MODERATE [4] 
   HR: 112 bpm BP: 142 mmHg SpO2: 92.5% Temp: 38.1°C
 Admission #7 [critical]  CRITICAL [10]  
   HR: 151 bpm BP: 180 mmHg SpO2: 82.9% Temp: 39.9°C
 Admission #8 [recovering]  STABLE [0] 
   HR: 83 bpm BP: 131 mmHg SpO2: 97% Temp: 37.1°C
 Admission #9 [stable]  STABLE [0] 
   HR: 73 bpm BP: 114 mmHg SpO2: 97.9% Temp: 36.7°C
 Admission #10 [moderate]  MODERATE [4] 
   HR: 107 bpm BP: 149 mmHg SpO2: 92.9% Temp: 38.4°C
 Admission #36 [critical]  CRITICAL [10]  
   HR: 153 bpm BP: 193 mmHg SpO2: 82.6% Temp: 39.7°C
 Admission #37 [recovering]  STABLE [0] 
   HR: 79 bpm BP: 122 mmHg SpO2: 97.4% Temp: 37.2°C
 Admission #38 [stable]  STABLE [0] 
   HR: 71 bpm BP: 127 mmHg SpO2: 98.3% Temp: 36.9°C
 Admission #39 [moderate]  MODERATE [4] 
   HR: 110 bpm BP: 156 mmHg SpO2: 90.6% Temp: 38.4°C

  Next update in 5s... (Ctrl+C to stop)

c  Tick #632  |  Interval: 5000ms  |  8:28:09 PM

 📡 Posting Vitals This Tick:
 Admission #1 [critical]  CRITICAL [9]  
   HR: 139 bpm BP: 189 mmHg SpO2: 85.1% Temp: 39.8°C
 Admission #2 [recovering]  STABLE [0] 
   HR: 80 bpm BP: 124 mmHg SpO2: 97.1% Temp: 37.1°C
 Admission #3 [stable]  STABLE [0] 
   HR: 78 bpm BP: 117 mmHg SpO2: 97.7% Temp: 37°C
 Admission #6 [moderate]  MODERATE [3] 
   HR: 104 bpm BP: 139 mmHg SpO2: 90.8% Temp: 38.2°C
 Admission #7 [critical]  CRITICAL [10]  
   HR: 153 bpm BP: 185 mmHg SpO2: 84.2% Temp: 39.8°C
 Admission #8 [recovering]  STABLE [0] 
   HR: 86 bpm BP: 133 mmHg SpO2: 96.8% Temp: 37.1°C
 Admission #9 [stable]  STABLE [0] 
   HR: 77 bpm BP: 118 mmHg SpO2: 98.6% Temp: 36.6°C
 Admission #10 [moderate]  MODERATE [4] 
   HR: 112 bpm BP: 157 mmHg SpO2: 93% Temp: 38.2°C
 Admission #36 [critical]  CRITICAL [10]  
   HR: 146 bpm BP: 179 mmHg SpO2: 84.3% Temp: 40.1°C
 Admission #37 [recovering]  STABLE [0] 
   HR: 81 bpm BP: 130 mmHg SpO2: 97.2% Temp: 37.1°C
 Admission #38 [stable]  STABLE [0] 
   HR: 78 bpm BP: 124 mmHg SpO2: 98% Temp: 36.8°C
 Admission #39 [moderate]  MODERATE [4] 
   HR: 101 bpm BP: 148 mmHg SpO2: 91.7% Temp: 38.2°C

  Next update in 5s... (Ctrl+C to stop)

c  Tick #633  |  Interval: 5000ms  |  8:28:14 PM

 📡 Posting Vitals This Tick:
 Admission #1 [critical]  CRITICAL [10]  
   HR: 157 bpm BP: 193 mmHg SpO2: 84% Temp: 40°C
 Admission #2 [recovering]  STABLE [0] 
   HR: 80 bpm BP: 132 mmHg SpO2: 97.1% Temp: 37.1°C
 Admission #3 [stable]  STABLE [0] 
   HR: 70 bpm BP: 117 mmHg SpO2: 98.5% Temp: 36.6°C
 Admission #6 [moderate]  MODERATE [4] 
   HR: 107 bpm BP: 157 mmHg SpO2: 91.1% Temp: 38.3°C
 Admission #7 [critical]  CRITICAL [10]  
   HR: 151 bpm BP: 190 mmHg SpO2: 84.1% Temp: 40.1°C
 Admission #8 [recovering]  STABLE [0] 
   HR: 83 bpm BP: 130 mmHg SpO2: 96.8% Temp: 36.9°C
 Admission #9 [stable]  STABLE [0] 
   HR: 76 bpm BP: 123 mmHg SpO2: 97.5% Temp: 36.7°C
 Admission #10 [moderate]  MODERATE [4] 
   HR: 105 bpm BP: 156 mmHg SpO2: 92.2% Temp: 38.1°C
 Admission #36 [critical]  CRITICAL [10]  
   HR: 155 bpm BP: 186 mmHg SpO2: 84.7% Temp: 39.7°C
 Admission #37 [recovering]  STABLE [0] 
   HR: 78 bpm BP: 132 mmHg SpO2: 96.9% Temp: 37.1°C
 Admission #38 [stable]  STABLE [0] 
   HR: 72 bpm BP: 126 mmHg SpO2: 98.3% Temp: 36.9°C
 Admission #39 [moderate]  MODERATE [4] 
   HR: 101 bpm BP: 144 mmHg SpO2: 92.6% Temp: 38.7°C

  Next update in 5s... (Ctrl+C to stop)

c  Tick #634  |  Interval: 5000ms  |  8:28:19 PM

 📡 Posting Vitals This Tick:
 Admission #1 [critical]  CRITICAL [10]  
   HR: 150 bpm BP: 180 mmHg SpO2: 83% Temp: 39.7°C
 Admission #2 [recovering]  STABLE [0] 
   HR: 80 bpm BP: 129 mmHg SpO2: 97.4% Temp: 36.9°C
 Admission #3 [stable]  STABLE [0] 
   HR: 74 bpm BP: 115 mmHg SpO2: 98.8% Temp: 36.8°C
 Admission #6 [moderate]  MODERATE [3] 
   HR: 105 bpm BP: 139 mmHg SpO2: 92.3% Temp: 38.7°C
 Admission #7 [critical]  CRITICAL [10]  
   HR: 153 bpm BP: 190 mmHg SpO2: 84.7% Temp: 39.8°C
 Admission #8 [recovering]  STABLE [0] 
   HR: 83 bpm BP: 130 mmHg SpO2: 97.2% Temp: 37°C
 Admission #9 [stable]  STABLE [0] 
   HR: 76 bpm BP: 120 mmHg SpO2: 97.7% Temp: 36.9°C
 Admission #10 [moderate]  MODERATE [4] 
   HR: 109 bpm BP: 141 mmHg SpO2: 92% Temp: 38.5°C
 Admission #36 [critical]  CRITICAL [10]  
   HR: 145 bpm BP: 178 mmHg SpO2: 83.8% Temp: 40.1°C
 Admission #37 [recovering]  STABLE [0] 
   HR: 78 bpm BP: 127 mmHg SpO2: 97.4% Temp: 37.3°C
 Admission #38 [stable]  STABLE [0] 
   HR: 77 bpm BP: 116 mmHg SpO2: 97.4% Temp: 36.9°C
 Admission #39 [moderate]  MODERATE [4] 
   HR: 114 bpm BP: 154 mmHg SpO2: 90.9% Temp: 38.2°C

  Next update in 5s... (Ctrl+C to stop)

c  Tick #635  |  Interval: 5000ms  |  8:28:24 PM

 📡 Posting Vitals This Tick:
 Admission #1 [critical]  CRITICAL [10]  
   HR: 143 bpm BP: 186 mmHg SpO2: 82% Temp: 39.8°C
 Admission #2 [recovering]  STABLE [0] 
   HR: 83 bpm BP: 133 mmHg SpO2: 97.1% Temp: 37.2°C
 Admission #3 [stable]  STABLE [0] 
   HR: 73 bpm BP: 114 mmHg SpO2: 97.8% Temp: 36.9°C
 Admission #6 [moderate]  MODERATE [3] 
   HR: 105 bpm BP: 138 mmHg SpO2: 91.1% Temp: 38.4°C
 Admission #7 [critical]  CRITICAL [10]  
   HR: 150 bpm BP: 180 mmHg SpO2: 84.3% Temp: 40°C
 Admission #8 [recovering]  STABLE [0] 
   HR: 81 bpm BP: 134 mmHg SpO2: 97.3% Temp: 37°C
 Admission #9 [stable]  STABLE [0] 
   HR: 78 bpm BP: 116 mmHg SpO2: 98.5% Temp: 36.6°C
 Admission #10 [moderate]  MODERATE [4] 
   HR: 111 bpm BP: 141 mmHg SpO2: 92.9% Temp: 38.3°C
 Admission #36 [critical]  CRITICAL [10]  
   HR: 141 bpm BP: 192 mmHg SpO2: 85.7% Temp: 40.1°C
 Admission #37 [recovering]  STABLE [0] 
   HR: 82 bpm BP: 127 mmHg SpO2: 97.3% Temp: 37.1°C
 Admission #38 [stable]  STABLE [0] 
   HR: 76 bpm BP: 128 mmHg SpO2: 98.4% Temp: 36.6°C
 Admission #39 [moderate]  MODERATE [4] 
   HR: 115 bpm BP: 152 mmHg SpO2: 93.2% Temp: 38.6°C

  Next update in 5s... (Ctrl+C to stop)

c  Tick #636  |  Interval: 5000ms  |  8:28:29 PM

 📡 Posting Vitals This Tick:
 Admission #1 [recovering]  STABLE [0] 
   HR: 83 bpm BP: 125 mmHg SpO2: 97.1% Temp: 37.2°C
 Admission #2 [stable]  STABLE [0] 
   HR: 73 bpm BP: 125 mmHg SpO2: 98.9% Temp: 36.9°C
 Admission #3 [moderate]  MODERATE [4] 
   HR: 112 bpm BP: 146 mmHg SpO2: 91.3% Temp: 38.2°C
 Admission #6 [critical]  CRITICAL [9]  
   HR: 140 bpm BP: 178 mmHg SpO2: 83.3% Temp: 40°C
 Admission #7 [recovering]  STABLE [0] 
   HR: 84 bpm BP: 123 mmHg SpO2: 96.7% Temp: 36.9°C
 Admission #8 [stable]  STABLE [0] 
   HR: 75 bpm BP: 113 mmHg SpO2: 97.5% Temp: 36.9°C
 Admission #9 [moderate]  MODERATE [4] 
   HR: 109 bpm BP: 158 mmHg SpO2: 91.6% Temp: 38.6°C
 Admission #10 [critical]  CRITICAL [10]  
   HR: 155 bpm BP: 191 mmHg SpO2: 83.9% Temp: 40.1°C
 Admission #36 [recovering]  STABLE [0] 
   HR: 81 bpm BP: 125 mmHg SpO2: 96.9% Temp: 37.1°C
 Admission #37 [stable]  STABLE [0] 
   HR: 75 bpm BP: 124 mmHg SpO2: 97.3% Temp: 36.7°C
 Admission #38 [moderate]  MODERATE [3] 
   HR: 100 bpm BP: 157 mmHg SpO2: 92.1% Temp: 38.2°C
 Admission #39 [critical]  CRITICAL [10]  
   HR: 145 bpm BP: 180 mmHg SpO2: 84.3% Temp: 39.7°C

  Next update in 5s... (Ctrl+C to stop)

c  Tick #637  |  Interval: 5000ms  |  8:28:34 PM

 📡 Posting Vitals This Tick:
 Admission #1 [recovering]  STABLE [0] 
   HR: 82 bpm BP: 126 mmHg SpO2: 96.9% Temp: 37.1°C
 Admission #2 [stable]  STABLE [0] 
   HR: 75 bpm BP: 126 mmHg SpO2: 97.5% Temp: 36.9°C
 Admission #3 [moderate]  MODERATE [4] 
   HR: 110 bpm BP: 153 mmHg SpO2: 93% Temp: 38.4°C
 Admission #6 [critical]  CRITICAL [10]  
   HR: 152 bpm BP: 188 mmHg SpO2: 83.4% Temp: 40°C
 Admission #7 [recovering]  STABLE [0] 
   HR: 80 bpm BP: 133 mmHg SpO2: 97.2% Temp: 37.1°C
 Admission #8 [stable]  STABLE [0] 
   HR: 75 bpm BP: 123 mmHg SpO2: 97.1% Temp: 37°C
 Admission #9 [moderate]  MODERATE [4] 
   HR: 101 bpm BP: 145 mmHg SpO2: 92.2% Temp: 38.5°C
 Admission #10 [critical]  CRITICAL [10]  
   HR: 151 bpm BP: 190 mmHg SpO2: 83% Temp: 39.9°C
 Admission #36 [recovering]  STABLE [0] 
   HR: 82 bpm BP: 124 mmHg SpO2: 97.1% Temp: 37°C
 Admission #37 [stable]  STABLE [0] 
   HR: 75 bpm BP: 126 mmHg SpO2: 97.6% Temp: 36.9°C
 Admission #38 [moderate]  MODERATE [4] 
   HR: 108 bpm BP: 156 mmHg SpO2: 92% Temp: 38.1°C
 Admission #39 [critical]  CRITICAL [10]  
   HR: 153 bpm BP: 193 mmHg SpO2: 85.2% Temp: 40.1°C

  Next update in 5s... (Ctrl+C to stop)

c  Tick #638  |  Interval: 5000ms  |  8:28:39 PM

 📡 Posting Vitals This Tick:
 Admission #1 [recovering]  STABLE [0] 
   HR: 84 bpm BP: 126 mmHg SpO2: 96.6% Temp: 37.1°C
 Admission #2 [stable]  STABLE [0] 
   HR: 77 bpm BP: 126 mmHg SpO2: 98.5% Temp: 36.7°C
 Admission #3 [moderate]  MODERATE [4] 
   HR: 113 bpm BP: 154 mmHg SpO2: 92.9% Temp: 38.4°C
 Admission #6 [critical]  CRITICAL [9]  
   HR: 142 bpm BP: 180 mmHg SpO2: 85.2% Temp: 39.7°C
 Admission #7 [recovering]  STABLE [0] 
   HR: 84 bpm BP: 127 mmHg SpO2: 96.8% Temp: 37°C
 Admission #8 [stable]  STABLE [0] 
   HR: 71 bpm BP: 112 mmHg SpO2: 97.9% Temp: 36.7°C
 Admission #9 [moderate]  MODERATE [4] 
   HR: 103 bpm BP: 145 mmHg SpO2: 91.7% Temp: 38.5°C
 Admission #10 [critical]  CRITICAL [10]  
   HR: 141 bpm BP: 194 mmHg SpO2: 84.9% Temp: 39.6°C
 Admission #36 [recovering]  STABLE [0] 
   HR: 85 bpm BP: 134 mmHg SpO2: 96.5% Temp: 36.9°C
 Admission #37 [stable]  STABLE [0] 
   HR: 76 bpm BP: 116 mmHg SpO2: 97.5% Temp: 36.9°C
 Admission #38 [moderate]  MODERATE [4] 
   HR: 101 bpm BP: 158 mmHg SpO2: 91.9% Temp: 38.3°C
 Admission #39 [critical]  CRITICAL [10]  
   HR: 151 bpm BP: 185 mmHg SpO2: 84% Temp: 40°C

  Next update in 5s... (Ctrl+C to stop)

c  Tick #639  |  Interval: 5000ms  |  8:28:44 PM

 📡 Posting Vitals This Tick:
 Admission #1 [recovering]  STABLE [0] 
   HR: 85 bpm BP: 125 mmHg SpO2: 97.4% Temp: 37.1°C
 Admission #2 [stable]  STABLE [0] 
   HR: 72 bpm BP: 123 mmHg SpO2: 97.5% Temp: 36.9°C
 Admission #3 [moderate]  MODERATE [4] 
   HR: 107 bpm BP: 146 mmHg SpO2: 92.5% Temp: 38.3°C
 Admission #6 [critical]  CRITICAL [10]  
   HR: 142 bpm BP: 180 mmHg SpO2: 82.5% Temp: 39.8°C
 Admission #7 [recovering]  STABLE [0] 
   HR: 81 bpm BP: 124 mmHg SpO2: 97.2% Temp: 37.1°C
 Admission #8 [stable]  STABLE [0] 
   HR: 74 bpm BP: 126 mmHg SpO2: 97.5% Temp: 36.9°C
 Admission #9 [moderate]  MODERATE [4] 
   HR: 114 bpm BP: 151 mmHg SpO2: 92% Temp: 38.3°C
 Admission #10 [critical]  CRITICAL [10]  
   HR: 153 bpm BP: 185 mmHg SpO2: 84.7% Temp: 39.7°C
 Admission #36 [recovering]  STABLE [0] 
   HR: 85 bpm BP: 133 mmHg SpO2: 97.5% Temp: 37.1°C
 Admission #37 [stable]  STABLE [0] 
   HR: 74 bpm BP: 128 mmHg SpO2: 98.7% Temp: 36.7°C
 Admission #38 [moderate]  MODERATE [3] 
   HR: 114 bpm BP: 140 mmHg SpO2: 93.1% Temp: 38.2°C
 Admission #39 [critical]  CRITICAL [10]  
   HR: 143 bpm BP: 181 mmHg SpO2: 84.8% Temp: 39.9°C

  Next update in 5s... (Ctrl+C to stop)

c  Tick #640  |  Interval: 5000ms  |  8:28:49 PM

 📡 Posting Vitals This Tick:
 Admission #1 [recovering]  STABLE [0] 
   HR: 78 bpm BP: 129 mmHg SpO2: 97.5% Temp: 37.3°C
 Admission #2 [stable]  STABLE [0] 
   HR: 75 bpm BP: 123 mmHg SpO2: 97.7% Temp: 36.9°C
 Admission #3 [moderate]  MODERATE [4] 
   HR: 109 bpm BP: 151 mmHg SpO2: 90.9% Temp: 38.7°C
 Admission #6 [critical]  CRITICAL [10]  
   HR: 152 bpm BP: 190 mmHg SpO2: 85.6% Temp: 40°C
 Admission #7 [recovering]  STABLE [0] 
   HR: 79 bpm BP: 131 mmHg SpO2: 96.8% Temp: 37°C
 Admission #8 [stable]  STABLE [0] 
   HR: 80 bpm BP: 119 mmHg SpO2: 98.5% Temp: 36.7°C
 Admission #9 [moderate]  MODERATE [4] 
   HR: 104 bpm BP: 149 mmHg SpO2: 92.3% Temp: 38.6°C
 Admission #10 [critical]  CRITICAL [10]  
   HR: 148 bpm BP: 182 mmHg SpO2: 83.6% Temp: 39.9°C
 Admission #36 [recovering]  STABLE [0] 
   HR: 84 bpm BP: 128 mmHg SpO2: 96.7% Temp: 37.1°C
 Admission #37 [stable]  STABLE [0] 
   HR: 73 bpm BP: 117 mmHg SpO2: 97.9% Temp: 36.7°C
 Admission #38 [moderate]  MODERATE [4] 
   HR: 113 bpm BP: 141 mmHg SpO2: 91.3% Temp: 38.6°C
 Admission #39 [critical]  CRITICAL [10]  
   HR: 157 bpm BP: 184 mmHg SpO2: 83.7% Temp: 39.9°C

  Next update in 5s... (Ctrl+C to stop)

c  Tick #641  |  Interval: 5000ms  |  8:28:54 PM

 📡 Posting Vitals This Tick:
 Admission #1 [stable]  STABLE [0] 
   HR: 79 bpm BP: 121 mmHg SpO2: 98.5% Temp: 36.9°C
 Admission #2 [moderate]  MODERATE [3] 
   HR: 101 bpm BP: 139 mmHg SpO2: 92.1% Temp: 38.4°C
 Admission #3 [critical]  CRITICAL [10]  
   HR: 149 bpm BP: 184 mmHg SpO2: 85.9% Temp: 40.2°C
 Admission #6 [recovering]  STABLE [0] 
   HR: 78 bpm BP: 124 mmHg SpO2: 97.1% Temp: 37°C
 Admission #7 [stable]  STABLE [0] 
   HR: 75 bpm BP: 127 mmHg SpO2: 98.6% Temp: 36.8°C
 Admission #8 [moderate]  MODERATE [3] 
   HR: 109 bpm BP: 140 mmHg SpO2: 91.6% Temp: 38.4°C
 Admission #9 [critical]  CRITICAL [10]  
   HR: 150 bpm BP: 194 mmHg SpO2: 83% Temp: 39.9°C
 Admission #10 [recovering]  STABLE [0] 
   HR: 81 bpm BP: 124 mmHg SpO2: 96.9% Temp: 37.2°C
 Admission #36 [stable]  STABLE [0] 
   HR: 73 bpm BP: 120 mmHg SpO2: 98.4% Temp: 36.9°C
 Admission #37 [moderate]  MODERATE [4] 
   HR: 105 bpm BP: 154 mmHg SpO2: 92% Temp: 38.4°C
 Admission #38 [critical]  CRITICAL [10]  
   HR: 144 bpm BP: 189 mmHg SpO2: 83.6% Temp: 39.9°C
 Admission #39 [recovering]  STABLE [0] 
   HR: 84 bpm BP: 123 mmHg SpO2: 96.5% Temp: 37°C

  Next update in 5s... (Ctrl+C to stop)

c  Tick #642  |  Interval: 5000ms  |  8:28:59 PM

 📡 Posting Vitals This Tick:
 Admission #1 [stable]  STABLE [0] 
   HR: 77 bpm BP: 118 mmHg SpO2: 97.9% Temp: 37°C
 Admission #2 [moderate]  MODERATE [4] 
   HR: 101 bpm BP: 149 mmHg SpO2: 92.8% Temp: 38.1°C
 Admission #3 [critical]  CRITICAL [10]  
   HR: 141 bpm BP: 185 mmHg SpO2: 83.9% Temp: 39.7°C
 Admission #6 [recovering]  STABLE [0] 
   HR: 86 bpm BP: 129 mmHg SpO2: 96.9% Temp: 37.1°C
 Admission #7 [stable]  STABLE [0] 
   HR: 74 bpm BP: 128 mmHg SpO2: 97.5% Temp: 36.8°C
 Admission #8 [moderate]  MODERATE [4] 
   HR: 113 bpm BP: 149 mmHg SpO2: 91.9% Temp: 38.1°C
 Admission #9 [critical]  CRITICAL [10]  
   HR: 143 bpm BP: 185 mmHg SpO2: 82.1% Temp: 39.8°C
 Admission #10 [recovering]  STABLE [0] 
   HR: 82 bpm BP: 132 mmHg SpO2: 96.8% Temp: 37.1°C
 Admission #36 [stable]  STABLE [0] 
   HR: 77 bpm BP: 123 mmHg SpO2: 99% Temp: 36.7°C
 Admission #37 [moderate]  MODERATE [4] 
   HR: 102 bpm BP: 157 mmHg SpO2: 91.2% Temp: 38.7°C
 Admission #38 [critical]  CRITICAL [10]  
   HR: 149 bpm BP: 180 mmHg SpO2: 83.8% Temp: 40°C
 Admission #39 [recovering]  STABLE [0] 
   HR: 82 bpm BP: 125 mmHg SpO2: 97.3% Temp: 37.3°C

  Next update in 5s... (Ctrl+C to stop)

c  Tick #643  |  Interval: 5000ms  |  8:29:04 PM

 📡 Posting Vitals This Tick:
 Admission #1 [stable]  STABLE [0] 
   HR: 79 bpm BP: 116 mmHg SpO2: 97.1% Temp: 36.8°C
 Admission #2 [moderate]  MODERATE [4] 
   HR: 112 bpm BP: 142 mmHg SpO2: 92.8% Temp: 38.2°C
 Admission #3 [critical]  CRITICAL [10]  
   HR: 153 bpm BP: 179 mmHg SpO2: 83.9% Temp: 40°C
 Admission #6 [recovering]  STABLE [0] 
   HR: 82 bpm BP: 126 mmHg SpO2: 96.9% Temp: 37.3°C
 Admission #7 [stable]  STABLE [0] 
   HR: 73 bpm BP: 127 mmHg SpO2: 97.3% Temp: 36.8°C
 Admission #8 [moderate]  MODERATE [4] 
   HR: 114 bpm BP: 144 mmHg SpO2: 93.4% Temp: 38.4°C
 Admission #9 [critical]  CRITICAL [10]  
   HR: 150 bpm BP: 185 mmHg SpO2: 83.4% Temp: 39.7°C
 Admission #10 [recovering]  STABLE [0] 
   HR: 83 bpm BP: 133 mmHg SpO2: 97.4% Temp: 37°C
 Admission #36 [stable]  STABLE [0] 
   HR: 71 bpm BP: 117 mmHg SpO2: 97% Temp: 37°C
c  Tick #644  |  Interval: 5000ms  |  8:29:09 PM

 📡 Posting Vitals This Tick:
 Admission #37 [moderate]  MODERATE [4] 
   HR: 111 bpm BP: 155 mmHg SpO2: 93.1% Temp: 38.1°C
 Admission #1 [stable]  STABLE [0] 
   HR: 73 bpm BP: 114 mmHg SpO2: 97.9% Temp: 36.9°C
 Admission #38 [critical]  CRITICAL [10]  
   HR: 140 bpm BP: 185 mmHg SpO2: 84.9% Temp: 40.1°C
 Admission #2 [moderate]  MODERATE [4] 
   HR: 106 bpm BP: 149 mmHg SpO2: 92.9% Temp: 38.2°C
 Admission #39 [recovering]  STABLE [0] 
   HR: 78 bpm BP: 123 mmHg SpO2: 97.1% Temp: 37°C

  Next update in 5s... (Ctrl+C to stop)

 Admission #3 [critical]  CRITICAL [9]  
   HR: 143 bpm BP: 180 mmHg SpO2: 85.3% Temp: 39.6°C
 Admission #6 [recovering]  STABLE [0] 
   HR: 78 bpm BP: 126 mmHg SpO2: 97.5% Temp: 37.3°C
 Admission #7 [stable]  STABLE [0] 
   HR: 74 bpm BP: 121 mmHg SpO2: 97.1% Temp: 36.8°C
 Admission #8 [moderate]  MODERATE [3] 
   HR: 109 bpm BP: 139 mmHg SpO2: 91.5% Temp: 38.2°C
 Admission #9 [critical]  CRITICAL [10]  
   HR: 142 bpm BP: 191 mmHg SpO2: 85.7% Temp: 39.7°C
 Admission #10 [recovering]  STABLE [0] 
   HR: 83 bpm BP: 129 mmHg SpO2: 97% Temp: 37.1°C
 Admission #36 [stable]  STABLE [0] 
   HR: 80 bpm BP: 115 mmHg SpO2: 97% Temp: 37°C
 Admission #37 [moderate]  MODERATE [4] 
   HR: 107 bpm BP: 146 mmHg SpO2: 92.9% Temp: 38.3°C
 Admission #38 [critical]  CRITICAL [10]  
   HR: 146 bpm BP: 182 mmHg SpO2: 84.4% Temp: 40.1°C
 Admission #39 [recovering]  STABLE [0] 
   HR: 79 bpm BP: 128 mmHg SpO2: 97.2% Temp: 37.3°C

  Next update in 5s... (Ctrl+C to stop)

c  Tick #645  |  Interval: 5000ms  |  8:29:15 PM

 📡 Posting Vitals This Tick:
 Admission #1 [stable]  STABLE [0] 
   HR: 73 bpm BP: 118 mmHg SpO2: 97.2% Temp: 36.9°C
 Admission #2 [moderate]  MODERATE [4] 
   HR: 104 bpm BP: 145 mmHg SpO2: 90.7% Temp: 38.2°C
 Admission #3 [critical]  CRITICAL [10]  
   HR: 147 bpm BP: 182 mmHg SpO2: 84.9% Temp: 39.8°C
 Admission #6 [recovering]  STABLE [0] 
   HR: 83 bpm BP: 126 mmHg SpO2: 96.8% Temp: 37.1°C
 Admission #7 [stable]  STABLE [0] 
   HR: 79 bpm BP: 115 mmHg SpO2: 98.5% Temp: 36.9°C
 Admission #8 [moderate]  MODERATE [3] 
   HR: 109 bpm BP: 140 mmHg SpO2: 92% Temp: 38.7°C
 Admission #9 [critical]  CRITICAL [10]  
   HR: 158 bpm BP: 183 mmHg SpO2: 85.8% Temp: 39.7°C
 Admission #10 [recovering]  STABLE [0] 
   HR: 81 bpm BP: 125 mmHg SpO2: 96.6% Temp: 37.1°C
 Admission #36 [stable]  STABLE [0] 
   HR: 72 bpm BP: 113 mmHg SpO2: 97.2% Temp: 36.8°C
 Admission #37 [moderate]  MODERATE [4] 
   HR: 107 bpm BP: 145 mmHg SpO2: 91.6% Temp: 38.5°C
 Admission #38 [critical]  CRITICAL [10]  
   HR: 148 bpm BP: 181 mmHg SpO2: 85.9% Temp: 40.1°C
 Admission #39 [recovering]  STABLE [0] 
   HR: 84 bpm BP: 122 mmHg SpO2: 96.7% Temp: 36.9°C

  Next update in 5s... (Ctrl+C to stop)

c  Tick #646  |  Interval: 5000ms  |  8:29:20 PM

 📡 Posting Vitals This Tick:
 Admission #1 [moderate]  MODERATE [4] 
   HR: 110 bpm BP: 155 mmHg SpO2: 92% Temp: 38.1°C
 Admission #2 [critical]  CRITICAL [10]  
   HR: 146 bpm BP: 189 mmHg SpO2: 83.8% Temp: 39.8°C
 Admission #3 [recovering]  STABLE [0] 
   HR: 84 bpm BP: 123 mmHg SpO2: 97.2% Temp: 37.1°C
 Admission #6 [stable]  STABLE [0] 
   HR: 77 bpm BP: 125 mmHg SpO2: 98.8% Temp: 36.7°C
 Admission #7 [moderate]  MODERATE [4] 
   HR: 107 bpm BP: 145 mmHg SpO2: 93.4% Temp: 38.4°C
 Admission #8 [critical]  CRITICAL [10]  
   HR: 151 bpm BP: 191 mmHg SpO2: 82.2% Temp: 39.7°C
 Admission #9 [recovering]  STABLE [0] 
   HR: 80 bpm BP: 131 mmHg SpO2: 96.6% Temp: 37°C
 Admission #10 [stable]  STABLE [0] 
   HR: 75 bpm BP: 125 mmHg SpO2: 98.1% Temp: 36.7°C
 Admission #36 [moderate]  MODERATE [4] 
   HR: 107 bpm BP: 149 mmHg SpO2: 91.3% Temp: 38.3°C
 Admission #37 [critical]  CRITICAL [10]  
   HR: 157 bpm BP: 188 mmHg SpO2: 85.8% Temp: 39.8°C
 Admission #38 [recovering]  STABLE [0] 
   HR: 86 bpm BP: 133 mmHg SpO2: 96.7% Temp: 37°C
 Admission #39 [stable]  STABLE [0] 
   HR: 73 bpm BP: 120 mmHg SpO2: 98.1% Temp: 37°C

  Next update in 5s... (Ctrl+C to stop)

c  Tick #647  |  Interval: 5000ms  |  8:29:25 PM

 📡 Posting Vitals This Tick:
 Admission #1 [moderate]  MODERATE [4] 
   HR: 114 bpm BP: 155 mmHg SpO2: 90.9% Temp: 38.7°C
 Admission #2 [critical]  CRITICAL [10]  
   HR: 154 bpm BP: 194 mmHg SpO2: 83.1% Temp: 39.8°C
 Admission #3 [recovering]  STABLE [0] 
   HR: 83 bpm BP: 125 mmHg SpO2: 97.1% Temp: 37°C
 Admission #6 [stable]  STABLE [0] 
   HR: 77 bpm BP: 119 mmHg SpO2: 97.8% Temp: 36.9°C
 Admission #7 [moderate]  MODERATE [4] 
   HR: 113 bpm BP: 154 mmHg SpO2: 91.1% Temp: 38.2°C
 Admission #8 [critical]  CRITICAL [10]  
   HR: 148 bpm BP: 181 mmHg SpO2: 83.9% Temp: 39.9°C
 Admission #9 [recovering]  STABLE [0] 
   HR: 80 bpm BP: 125 mmHg SpO2: 97.3% Temp: 37°C
 Admission #10 [stable]  STABLE [0] 
   HR: 75 bpm BP: 125 mmHg SpO2: 97.5% Temp: 36.7°C
 Admission #36 [moderate]  MODERATE [3] 
   HR: 100 bpm BP: 141 mmHg SpO2: 91.2% Temp: 38.7°C
 Admission #37 [critical]  CRITICAL [10]  
   HR: 154 bpm BP: 187 mmHg SpO2: 82.4% Temp: 39.7°C
 Admission #38 [recovering]  STABLE [0] 
   HR: 81 bpm BP: 129 mmHg SpO2: 96.8% Temp: 37.1°C
 Admission #39 [stable]  STABLE [0] 
   HR: 78 bpm BP: 115 mmHg SpO2: 97.9% Temp: 36.7°C

  Next update in 5s... (Ctrl+C to stop)

c  Tick #648  |  Interval: 5000ms  |  8:29:30 PM

 📡 Posting Vitals This Tick:
 Admission #1 [moderate]  MODERATE [4] 
   HR: 115 bpm BP: 146 mmHg SpO2: 92% Temp: 38.6°C
 Admission #2 [critical]  CRITICAL [10]  
   HR: 148 bpm BP: 182 mmHg SpO2: 84.7% Temp: 39.8°C
 Admission #3 [recovering]  STABLE [0] 
   HR: 84 bpm BP: 123 mmHg SpO2: 96.9% Temp: 37°C
 Admission #6 [stable]  STABLE [0] 
   HR: 74 bpm BP: 122 mmHg SpO2: 98.5% Temp: 36.7°C
 Admission #7 [moderate]  MODERATE [4] 
   HR: 108 bpm BP: 152 mmHg SpO2: 91.5% Temp: 38.6°C
 Admission #8 [critical]  CRITICAL [10]  
   HR: 147 bpm BP: 189 mmHg SpO2: 85.4% Temp: 40.1°C
 Admission #9 [recovering]  STABLE [0] 
   HR: 85 bpm BP: 128 mmHg SpO2: 97.2% Temp: 36.9°C
 Admission #10 [stable]  STABLE [0] 
   HR: 73 bpm BP: 116 mmHg SpO2: 98.9% Temp: 37°C
 Admission #36 [moderate]  MODERATE [4] 
   HR: 115 bpm BP: 145 mmHg SpO2: 91.3% Temp: 38.7°C
 Admission #37 [critical]  CRITICAL [10]  
   HR: 141 bpm BP: 192 mmHg SpO2: 85.6% Temp: 39.7°C
 Admission #38 [recovering]  STABLE [0] 
   HR: 86 bpm BP: 129 mmHg SpO2: 97.1% Temp: 37.3°C
 Admission #39 [stable]  STABLE [0] 
   HR: 76 bpm BP: 112 mmHg SpO2: 97.4% Temp: 36.6°C

  Next update in 5s... (Ctrl+C to stop)

c  Tick #649  |  Interval: 5000ms  |  8:29:35 PM

 📡 Posting Vitals This Tick:
 Admission #1 [moderate]  MODERATE [3] 
   HR: 101 bpm BP: 140 mmHg SpO2: 91.5% Temp: 38.4°C
 Admission #2 [critical]  CRITICAL [10]  
   HR: 143 bpm BP: 188 mmHg SpO2: 85.9% Temp: 39.9°C
 Admission #3 [recovering]  STABLE [0] 
   HR: 79 bpm BP: 129 mmHg SpO2: 97.4% Temp: 36.9°C
 Admission #6 [stable]  STABLE [0] 
   HR: 72 bpm BP: 123 mmHg SpO2: 98.5% Temp: 36.7°C
 Admission #7 [moderate]  MODERATE [3] 
   HR: 101 bpm BP: 139 mmHg SpO2: 93.4% Temp: 38.5°C
 Admission #8 [critical]  CRITICAL [9]  
   HR: 138 bpm BP: 190 mmHg SpO2: 85.8% Temp: 39.7°C
 Admission #9 [recovering]  STABLE [0] 
   HR: 84 bpm BP: 130 mmHg SpO2: 97.4% Temp: 37°C
 Admission #10 [stable]  STABLE [0] 
   HR: 71 bpm BP: 113 mmHg SpO2: 98.5% Temp: 36.9°C
 Admission #36 [moderate]  MODERATE [4] 
   HR: 103 bpm BP: 155 mmHg SpO2: 93% Temp: 38.5°C
 Admission #37 [critical]  CRITICAL [10]  
   HR: 149 bpm BP: 192 mmHg SpO2: 82.4% Temp: 39.7°C
 Admission #38 [recovering]  STABLE [0] 
   HR: 85 bpm BP: 125 mmHg SpO2: 96.8% Temp: 37.1°C
 Admission #39 [stable]  STABLE [0] 
   HR: 72 bpm BP: 114 mmHg SpO2: 98.3% Temp: 36.9°C

  Next update in 5s... (Ctrl+C to stop)

c  Tick #650  |  Interval: 5000ms  |  8:29:40 PM

 📡 Posting Vitals This Tick:
 Admission #1 [moderate]  MODERATE [4] 
   HR: 108 bpm BP: 145 mmHg SpO2: 91.8% Temp: 38.5°C
 Admission #2 [critical]  CRITICAL [10]  
   HR: 143 bpm BP: 187 mmHg SpO2: 83.5% Temp: 39.9°C
 Admission #3 [recovering]  STABLE [0] 
   HR: 85 bpm BP: 125 mmHg SpO2: 97.1% Temp: 36.9°C
 Admission #6 [stable]  STABLE [0] 
   HR: 74 bpm BP: 113 mmHg SpO2: 99% Temp: 36.8°C
 Admission #7 [moderate]  MODERATE [4] 
   HR: 107 bpm BP: 150 mmHg SpO2: 92.3% Temp: 38.6°C
 Admission #8 [critical]  CRITICAL [10]  
   HR: 141 bpm BP: 183 mmHg SpO2: 82.1% Temp: 40.1°C
 Admission #9 [recovering]  STABLE [0] 
   HR: 82 bpm BP: 132 mmHg SpO2: 96.8% Temp: 37.1°C
 Admission #10 [stable]  STABLE [0] 
   HR: 78 bpm BP: 125 mmHg SpO2: 98.8% Temp: 36.8°C
 Admission #36 [moderate]  MODERATE [4] 
   HR: 112 bpm BP: 153 mmHg SpO2: 93% Temp: 38.6°C
 Admission #37 [critical]  CRITICAL [10]  
   HR: 146 bpm BP: 180 mmHg SpO2: 84.1% Temp: 39.7°C
 Admission #38 [recovering]  STABLE [0] 
   HR: 84 bpm BP: 131 mmHg SpO2: 97.3% Temp: 37.3°C
 Admission #39 [stable]  STABLE [0] 
   HR: 74 bpm BP: 128 mmHg SpO2: 98.4% Temp: 36.7°C

  Next update in 5s... (Ctrl+C to stop)

c  Tick #651  |  Interval: 5000ms  |  8:29:45 PM

 📡 Posting Vitals This Tick:
 Admission #1 [critical]  CRITICAL [9]  
   HR: 142 bpm BP: 179 mmHg SpO2: 85.2% Temp: 39.9°C
 Admission #2 [recovering]  STABLE [0] 
   HR: 79 bpm BP: 126 mmHg SpO2: 97% Temp: 37°C
 Admission #3 [stable]  STABLE [0] 
   HR: 70 bpm BP: 112 mmHg SpO2: 97.9% Temp: 36.9°C
 Admission #6 [moderate]  MODERATE [4] 
   HR: 115 bpm BP: 148 mmHg SpO2: 91.1% Temp: 38.1°C
 Admission #7 [critical]  CRITICAL [10]  
   HR: 157 bpm BP: 184 mmHg SpO2: 82.3% Temp: 39.6°C
 Admission #8 [recovering]  STABLE [0] 
   HR: 85 bpm BP: 133 mmHg SpO2: 97.4% Temp: 37.1°C
 Admission #9 [stable]  STABLE [0] 
   HR: 71 bpm BP: 126 mmHg SpO2: 97.2% Temp: 36.8°C
 Admission #10 [moderate]  MODERATE [4] 
   HR: 104 bpm BP: 147 mmHg SpO2: 92.7% Temp: 38.4°C
 Admission #36 [critical]  CRITICAL [9]  
   HR: 154 bpm BP: 180 mmHg SpO2: 85.6% Temp: 39.9°C
 Admission #37 [recovering]  STABLE [0] 
   HR: 84 bpm BP: 124 mmHg SpO2: 97.4% Temp: 37°C
 Admission #38 [stable]  STABLE [0] 
   HR: 80 bpm BP: 125 mmHg SpO2: 98.6% Temp: 36.9°C
 Admission #39 [moderate]  MODERATE [4] 
   HR: 115 bpm BP: 158 mmHg SpO2: 91.1% Temp: 38.5°C

  Next update in 5s... (Ctrl+C to stop)

c  Tick #652  |  Interval: 5000ms  |  8:29:50 PM

 📡 Posting Vitals This Tick:
 Admission #1 [critical]  CRITICAL [10]  
   HR: 144 bpm BP: 184 mmHg SpO2: 85.1% Temp: 40°C
 Admission #2 [recovering]  STABLE [0] 
   HR: 85 bpm BP: 132 mmHg SpO2: 96.8% Temp: 37.2°C
 Admission #3 [stable]  STABLE [0] 
   HR: 73 bpm BP: 118 mmHg SpO2: 98.6% Temp: 36.7°C
 Admission #6 [moderate]  MODERATE [4] 
   HR: 104 bpm BP: 148 mmHg SpO2: 91.9% Temp: 38.3°C
 Admission #7 [critical]  CRITICAL [10]  
   HR: 141 bpm BP: 187 mmHg SpO2: 83.1% Temp: 40°C
 Admission #8 [recovering]  STABLE [0] 
   HR: 80 bpm BP: 126 mmHg SpO2: 97.1% Temp: 37.1°C
 Admission #9 [stable]  STABLE [0] 
   HR: 75 bpm BP: 128 mmHg SpO2: 97.5% Temp: 36.6°C
 Admission #10 [moderate]  MODERATE [4] 
   HR: 106 bpm BP: 145 mmHg SpO2: 92% Temp: 38.7°C
 Admission #36 [critical]  CRITICAL [10]  
   HR: 147 bpm BP: 187 mmHg SpO2: 82.6% Temp: 39.7°C
 Admission #37 [recovering]  STABLE [0] 
   HR: 79 bpm BP: 130 mmHg SpO2: 97.4% Temp: 37.1°C
 Admission #38 [stable]  STABLE [0] 
   HR: 77 bpm BP: 123 mmHg SpO2: 97.4% Temp: 37°C
 Admission #39 [moderate]  MODERATE [4] 
   HR: 113 bpm BP: 152 mmHg SpO2: 92.5% Temp: 38.4°C

  Next update in 5s... (Ctrl+C to stop)

c  Tick #653  |  Interval: 5000ms  |  8:29:55 PM

 📡 Posting Vitals This Tick:
 Admission #1 [critical]  CRITICAL [10]  
   HR: 156 bpm BP: 189 mmHg SpO2: 82.9% Temp: 39.7°C
 Admission #2 [recovering]  STABLE [0] 
   HR: 82 bpm BP: 124 mmHg SpO2: 96.8% Temp: 37.3°C
 Admission #3 [stable]  STABLE [0] 
   HR: 78 bpm BP: 114 mmHg SpO2: 97.7% Temp: 36.7°C
 Admission #6 [moderate]  MODERATE [3] 
   HR: 100 bpm BP: 156 mmHg SpO2: 91.2% Temp: 38.5°C
 Admission #7 [critical]  CRITICAL [10]  
   HR: 150 bpm BP: 190 mmHg SpO2: 83.1% Temp: 39.9°C
 Admission #8 [recovering]  STABLE [0] 
   HR: 83 bpm BP: 130 mmHg SpO2: 97.4% Temp: 37.2°C
 Admission #9 [stable]  STABLE [0] 
   HR: 71 bpm BP: 118 mmHg SpO2: 98.2% Temp: 36.6°C
 Admission #10 [moderate]  MODERATE [4] 
   HR: 109 bpm BP: 147 mmHg SpO2: 90.6% Temp: 38.6°C
 Admission #36 [critical]  CRITICAL [10]  
   HR: 148 bpm BP: 191 mmHg SpO2: 84% Temp: 40°C
 Admission #37 [recovering]  STABLE [0] 
   HR: 85 bpm BP: 124 mmHg SpO2: 96.8% Temp: 37°C
 Admission #38 [stable]  STABLE [0] 
   HR: 75 bpm BP: 116 mmHg SpO2: 98.1% Temp: 36.6°C
 Admission #39 [moderate]  MODERATE [4] 
   HR: 112 bpm BP: 143 mmHg SpO2: 92.3% Temp: 38.2°C

  Next update in 5s... (Ctrl+C to stop)

c  Tick #654  |  Interval: 5000ms  |  8:30:00 PM

 📡 Posting Vitals This Tick:
 Admission #1 [critical]  CRITICAL [10]  
   HR: 141 bpm BP: 184 mmHg SpO2: 85.7% Temp: 39.8°C
 Admission #2 [recovering]  STABLE [0] 
   HR: 80 bpm BP: 133 mmHg SpO2: 96.8% Temp: 37.2°C
 Admission #3 [stable]  STABLE [0] 
   HR: 80 bpm BP: 122 mmHg SpO2: 98.8% Temp: 36.6°C
 Admission #6 [moderate]  MODERATE [3] 
   HR: 108 bpm BP: 140 mmHg SpO2: 91.1% Temp: 38.2°C
 Admission #7 [critical]  CRITICAL [10]  
   HR: 148 bpm BP: 187 mmHg SpO2: 83.9% Temp: 39.9°C
 Admission #8 [recovering]  STABLE [0] 
   HR: 79 bpm BP: 130 mmHg SpO2: 96.5% Temp: 37.3°C
 Admission #9 [stable]  STABLE [0] 
   HR: 79 bpm BP: 120 mmHg SpO2: 98.1% Temp: 36.7°C
 Admission #10 [moderate]  MODERATE [4] 
   HR: 104 bpm BP: 141 mmHg SpO2: 93.2% Temp: 38.7°C
 Admission #36 [critical]  CRITICAL [10]  
   HR: 138 bpm BP: 192 mmHg SpO2: 84.7% Temp: 39.8°C
 Admission #37 [recovering]  STABLE [0] 
   HR: 79 bpm BP: 133 mmHg SpO2: 96.6% Temp: 37.2°C
 Admission #38 [stable]  STABLE [0] 
   HR: 78 bpm BP: 124 mmHg SpO2: 99% Temp: 36.8°C
 Admission #39 [moderate]  MODERATE [4] 
   HR: 115 bpm BP: 153 mmHg SpO2: 92.9% Temp: 38.2°C

  Next update in 5s... (Ctrl+C to stop)

c  Tick #655  |  Interval: 5000ms  |  8:30:05 PM

 📡 Posting Vitals This Tick:
 Admission #1 [critical]  CRITICAL [10]  
   HR: 146 bpm BP: 193 mmHg SpO2: 82.5% Temp: 40.2°C
 Admission #2 [recovering]  STABLE [0] 
   HR: 79 bpm BP: 126 mmHg SpO2: 96.8% Temp: 37°C
 Admission #3 [stable]  STABLE [0] 
   HR: 76 bpm BP: 119 mmHg SpO2: 98.9% Temp: 36.9°C
 Admission #6 [moderate]  MODERATE [4] 
   HR: 109 bpm BP: 151 mmHg SpO2: 92.8% Temp: 38.2°C
 Admission #7 [critical]  CRITICAL [10]  
   HR: 150 bpm BP: 186 mmHg SpO2: 84.7% Temp: 39.8°C
 Admission #8 [recovering]  STABLE [0] 
   HR: 80 bpm BP: 133 mmHg SpO2: 96.5% Temp: 37.2°C
 Admission #9 [stable]  STABLE [0] 
   HR: 71 bpm BP: 126 mmHg SpO2: 97% Temp: 36.8°C
 Admission #10 [moderate]  MODERATE [4] 
   HR: 107 bpm BP: 145 mmHg SpO2: 90.6% Temp: 38.5°C
 Admission #36 [critical]  CRITICAL [10]  
   HR: 145 bpm BP: 183 mmHg SpO2: 85.6% Temp: 39.7°C
 Admission #37 [recovering]  STABLE [0] 
   HR: 85 bpm BP: 126 mmHg SpO2: 96.9% Temp: 37.2°C
 Admission #38 [stable]  STABLE [0] 
   HR: 75 bpm BP: 124 mmHg SpO2: 97.4% Temp: 37°C
 Admission #39 [moderate]  MODERATE [4] 
   HR: 110 bpm BP: 155 mmHg SpO2: 92.8% Temp: 38.2°C

  Next update in 5s... (Ctrl+C to stop)

c  Tick #656  |  Interval: 5000ms  |  8:30:10 PM

 📡 Posting Vitals This Tick:
 Admission #1 [recovering]  STABLE [0] 
   HR: 82 bpm BP: 133 mmHg SpO2: 96.7% Temp: 37.1°C
 Admission #2 [stable]  STABLE [0] 
   HR: 73 bpm BP: 128 mmHg SpO2: 97.6% Temp: 36.8°C
 Admission #3 [moderate]  MODERATE [3] 
   HR: 100 bpm BP: 144 mmHg SpO2: 92.4% Temp: 38.1°C
 Admission #6 [critical]  CRITICAL [10]  
   HR: 145 bpm BP: 183 mmHg SpO2: 84.7% Temp: 40.2°C
 Admission #7 [recovering]  STABLE [0] 
   HR: 79 bpm BP: 133 mmHg SpO2: 96.9% Temp: 36.9°C
 Admission #8 [stable]  STABLE [0] 
   HR: 73 bpm BP: 116 mmHg SpO2: 98.6% Temp: 36.8°C
 Admission #9 [moderate]  MODERATE [3] 
   HR: 115 bpm BP: 140 mmHg SpO2: 91.2% Temp: 38.1°C
 Admission #10 [critical]  CRITICAL [10]  
   HR: 149 bpm BP: 185 mmHg SpO2: 82.3% Temp: 40°C
 Admission #36 [recovering]  STABLE [0] 
   HR: 84 bpm BP: 133 mmHg SpO2: 96.7% Temp: 37°C
 Admission #37 [stable]  STABLE [0] 
   HR: 71 bpm BP: 126 mmHg SpO2: 97.9% Temp: 36.7°C
 Admission #38 [moderate]  MODERATE [4] 
   HR: 111 bpm BP: 144 mmHg SpO2: 92.6% Temp: 38.5°C
 Admission #39 [critical]  CRITICAL [10]  
   HR: 145 bpm BP: 180 mmHg SpO2: 85.2% Temp: 40.1°C

  Next update in 5s... (Ctrl+C to stop)

c  Tick #657  |  Interval: 5000ms  |  8:30:15 PM

 📡 Posting Vitals This Tick:
 Admission #1 [recovering]  STABLE [0] 
   HR: 83 bpm BP: 123 mmHg SpO2: 97% Temp: 37°C
 Admission #2 [stable]  STABLE [0] 
   HR: 75 bpm BP: 126 mmHg SpO2: 98.3% Temp: 37°C
 Admission #3 [moderate]  MODERATE [4] 
   HR: 102 bpm BP: 145 mmHg SpO2: 91.5% Temp: 38.3°C
 Admission #6 [critical]  CRITICAL [10]  
   HR: 153 bpm BP: 183 mmHg SpO2: 85.9% Temp: 40°C
 Admission #7 [recovering]  STABLE [0] 
   HR: 81 bpm BP: 132 mmHg SpO2: 97.1% Temp: 37.2°C
 Admission #8 [stable]  STABLE [0] 
   HR: 77 bpm BP: 122 mmHg SpO2: 97.8% Temp: 36.8°C
 Admission #9 [moderate]  MODERATE [4] 
   HR: 103 bpm BP: 147 mmHg SpO2: 93.3% Temp: 38.2°C
 Admission #10 [critical]  CRITICAL [10]  
   HR: 152 bpm BP: 183 mmHg SpO2: 84.6% Temp: 40.2°C
 Admission #36 [recovering]  STABLE [0] 
   HR: 80 bpm BP: 133 mmHg SpO2: 96.6% Temp: 37.2°C
 Admission #37 [stable]  STABLE [0] 
   HR: 73 bpm BP: 128 mmHg SpO2: 97.2% Temp: 36.8°C
 Admission #38 [moderate]  MODERATE [4] 
   HR: 104 bpm BP: 152 mmHg SpO2: 91.1% Temp: 38.2°C
 Admission #39 [critical]  CRITICAL [10]  
   HR: 151 bpm BP: 184 mmHg SpO2: 83% Temp: 39.9°C

  Next update in 5s... (Ctrl+C to stop)

c  Tick #658  |  Interval: 5000ms  |  8:30:20 PM

 📡 Posting Vitals This Tick:
 Admission #1 [recovering]  STABLE [0] 
   HR: 79 bpm BP: 126 mmHg SpO2: 96.8% Temp: 37.2°C
 Admission #2 [stable]  STABLE [0] 
   HR: 70 bpm BP: 114 mmHg SpO2: 98.5% Temp: 36.6°C
 Admission #3 [moderate]  MODERATE [4] 
   HR: 105 bpm BP: 142 mmHg SpO2: 93.2% Temp: 38.6°C
 Admission #6 [critical]  CRITICAL [10]  
   HR: 153 bpm BP: 194 mmHg SpO2: 84% Temp: 39.8°C
 Admission #7 [recovering]  STABLE [0] 
   HR: 85 bpm BP: 129 mmHg SpO2: 96.7% Temp: 37°C
 Admission #8 [stable]  STABLE [0] 
   HR: 76 bpm BP: 124 mmHg SpO2: 97.5% Temp: 37°C
 Admission #9 [moderate]  MODERATE [4] 
   HR: 103 bpm BP: 145 mmHg SpO2: 92.6% Temp: 38.6°C
 Admission #10 [critical]  CRITICAL [10]  
   HR: 143 bpm BP: 182 mmHg SpO2: 84.2% Temp: 39.7°C
 Admission #36 [recovering]  STABLE [0] 
   HR: 82 bpm BP: 133 mmHg SpO2: 97.2% Temp: 37.1°C
 Admission #37 [stable]  STABLE [0] 
   HR: 76 bpm BP: 115 mmHg SpO2: 97.1% Temp: 37°C
 Admission #38 [moderate]  MODERATE [4] 
   HR: 108 bpm BP: 150 mmHg SpO2: 90.9% Temp: 38.5°C
 Admission #39 [critical]  CRITICAL [10]  
   HR: 152 bpm BP: 181 mmHg SpO2: 85.3% Temp: 40°C

  Next update in 5s... (Ctrl+C to stop)

c  Tick #659  |  Interval: 5000ms  |  8:30:25 PM

 📡 Posting Vitals This Tick:
 Admission #1 [recovering]  STABLE [0] 
   HR: 82 bpm BP: 124 mmHg SpO2: 96.8% Temp: 37.2°C
 Admission #2 [stable]  STABLE [0] 
   HR: 73 bpm BP: 124 mmHg SpO2: 97.3% Temp: 36.8°C
 Admission #3 [moderate]  MODERATE [4] 
   HR: 111 bpm BP: 154 mmHg SpO2: 92% Temp: 38.6°C
 Admission #6 [critical]  CRITICAL [10]  
   HR: 156 bpm BP: 180 mmHg SpO2: 83.8% Temp: 39.7°C
 Admission #7 [recovering]  STABLE [0] 
   HR: 80 bpm BP: 130 mmHg SpO2: 96.7% Temp: 37.3°C
 Admission #8 [stable]  STABLE [0] 
   HR: 73 bpm BP: 115 mmHg SpO2: 98.2% Temp: 37°C
 Admission #9 [moderate]  MODERATE [4] 
   HR: 111 bpm BP: 151 mmHg SpO2: 93% Temp: 38.5°C
 Admission #10 [critical]  CRITICAL [10]  
   HR: 143 bpm BP: 187 mmHg SpO2: 84.5% Temp: 40.1°C
 Admission #36 [recovering]  STABLE [0] 
   HR: 85 bpm BP: 124 mmHg SpO2: 96.8% Temp: 37°C
 Admission #37 [stable]  STABLE [0] 
   HR: 74 bpm BP: 120 mmHg SpO2: 97.2% Temp: 36.7°C
 Admission #38 [moderate]  MODERATE [4] 
   HR: 107 bpm BP: 149 mmHg SpO2: 91% Temp: 38.6°C
 Admission #39 [critical]  CRITICAL [10]  
   HR: 156 bpm BP: 193 mmHg SpO2: 84.7% Temp: 40.1°C

  Next update in 5s... (Ctrl+C to stop)

c  Tick #660  |  Interval: 5000ms  |  8:30:30 PM

 📡 Posting Vitals This Tick:
 Admission #1 [recovering]  STABLE [0] 
   HR: 80 bpm BP: 129 mmHg SpO2: 97.1% Temp: 37.1°C
 Admission #2 [stable]  STABLE [0] 
   HR: 80 bpm BP: 116 mmHg SpO2: 97.9% Temp: 37°C
 Admission #3 [moderate]  MODERATE [4] 
   HR: 107 bpm BP: 147 mmHg SpO2: 93% Temp: 38.4°C
 Admission #6 [critical]  CRITICAL [10]  
   HR: 141 bpm BP: 181 mmHg SpO2: 82.2% Temp: 39.7°C
 Admission #7 [recovering]  STABLE [0] 
   HR: 80 bpm BP: 130 mmHg SpO2: 97.4% Temp: 36.9°C
 Admission #8 [stable]  STABLE [0] 
   HR: 76 bpm BP: 118 mmHg SpO2: 97.3% Temp: 36.7°C
 Admission #9 [moderate]  MODERATE [4] 
   HR: 103 bpm BP: 147 mmHg SpO2: 90.7% Temp: 38.2°C
 Admission #10 [critical]  CRITICAL [10]  
   HR: 143 bpm BP: 193 mmHg SpO2: 82% Temp: 39.8°C
 Admission #36 [recovering]  STABLE [0] 
   HR: 81 bpm BP: 125 mmHg SpO2: 97.3% Temp: 37.2°C
 Admission #37 [stable]  STABLE [0] 
   HR: 70 bpm BP: 112 mmHg SpO2: 98.2% Temp: 36.7°C
 Admission #38 [moderate]  MODERATE [4] 
   HR: 102 bpm BP: 145 mmHg SpO2: 91.4% Temp: 38.6°C
 Admission #39 [critical]  CRITICAL [10]  
   HR: 155 bpm BP: 178 mmHg SpO2: 83.5% Temp: 40.1°C

  Next update in 5s... (Ctrl+C to stop)

c  Tick #661  |  Interval: 5000ms  |  8:30:35 PM

 📡 Posting Vitals This Tick:
 Admission #1 [stable]  STABLE [0] 
   HR: 72 bpm BP: 117 mmHg SpO2: 97.5% Temp: 36.9°C
 Admission #2 [moderate]  MODERATE [4] 
   HR: 104 bpm BP: 153 mmHg SpO2: 92.8% Temp: 38.3°C
 Admission #3 [critical]  CRITICAL [10]  
   HR: 141 bpm BP: 187 mmHg SpO2: 82.5% Temp: 39.6°C
 Admission #6 [recovering]  STABLE [0] 
   HR: 85 bpm BP: 124 mmHg SpO2: 97% Temp: 37.2°C
 Admission #7 [stable]  STABLE [0] 
   HR: 72 bpm BP: 123 mmHg SpO2: 99% Temp: 36.7°C
 Admission #8 [moderate]  MODERATE [4] 
   HR: 107 bpm BP: 154 mmHg SpO2: 92.4% Temp: 38.2°C
 Admission #9 [critical]  CRITICAL [10]  
   HR: 152 bpm BP: 191 mmHg SpO2: 83.6% Temp: 39.6°C
 Admission #10 [recovering]  STABLE [0] 
   HR: 83 bpm BP: 131 mmHg SpO2: 97.2% Temp: 37.2°C
 Admission #36 [stable]  STABLE [0] 
   HR: 79 bpm BP: 120 mmHg SpO2: 98.8% Temp: 36.7°C
 Admission #37 [moderate]  MODERATE [4] 
   HR: 111 bpm BP: 146 mmHg SpO2: 90.7% Temp: 38.4°C
 Admission #38 [critical]  CRITICAL [10]  
   HR: 150 bpm BP: 193 mmHg SpO2: 83.9% Temp: 39.9°C
 Admission #39 [recovering]  STABLE [0] 
   HR: 86 bpm BP: 132 mmHg SpO2: 96.7% Temp: 37°C

  Next update in 5s... (Ctrl+C to stop)

c  Tick #662  |  Interval: 5000ms  |  8:30:40 PM

 📡 Posting Vitals This Tick:
 Admission #1 [stable]  STABLE [0] 
   HR: 80 bpm BP: 116 mmHg SpO2: 97.8% Temp: 36.8°C
 Admission #2 [moderate]  MODERATE [4] 
   HR: 107 bpm BP: 148 mmHg SpO2: 93.4% Temp: 38.5°C
 Admission #3 [critical]  CRITICAL [10]  
   HR: 153 bpm BP: 183 mmHg SpO2: 82.5% Temp: 40°C
 Admission #6 [recovering]  STABLE [0] 
   HR: 84 bpm BP: 122 mmHg SpO2: 97.3% Temp: 37.2°C
 Admission #7 [stable]  STABLE [0] 
   HR: 79 bpm BP: 116 mmHg SpO2: 97.2% Temp: 36.8°C
 Admission #8 [moderate]  MODERATE [3] 
   HR: 106 bpm BP: 139 mmHg SpO2: 91.7% Temp: 38.5°C
 Admission #9 [critical]  CRITICAL [10]  
   HR: 138 bpm BP: 191 mmHg SpO2: 83.4% Temp: 39.7°C
 Admission #10 [recovering]  STABLE [0] 
   HR: 78 bpm BP: 125 mmHg SpO2: 96.9% Temp: 37°C
 Admission #36 [stable]  STABLE [0] 
   HR: 79 bpm BP: 115 mmHg SpO2: 98.4% Temp: 36.8°C
 Admission #37 [moderate]  MODERATE [4] 
   HR: 108 bpm BP: 144 mmHg SpO2: 90.7% Temp: 38.5°C
 Admission #38 [critical]  CRITICAL [10]  
   HR: 150 bpm BP: 193 mmHg SpO2: 84.8% Temp: 40°C
 Admission #39 [recovering]  STABLE [0] 
   HR: 84 bpm BP: 124 mmHg SpO2: 97% Temp: 37.3°C

  Next update in 5s... (Ctrl+C to stop)

c  Tick #663  |  Interval: 5000ms  |  8:30:45 PM

 📡 Posting Vitals This Tick:
 Admission #1 [stable]  STABLE [0] 
   HR: 79 bpm BP: 127 mmHg SpO2: 97.3% Temp: 36.7°C
 Admission #2 [moderate]  MODERATE [4] 
   HR: 105 bpm BP: 148 mmHg SpO2: 92.4% Temp: 38.2°C
 Admission #3 [critical]  CRITICAL [10]  
   HR: 157 bpm BP: 186 mmHg SpO2: 83.2% Temp: 40°C
 Admission #6 [recovering]  STABLE [0] 
   HR: 81 bpm BP: 130 mmHg SpO2: 96.6% Temp: 37°C
 Admission #7 [stable]  STABLE [0] 
   HR: 71 bpm BP: 116 mmHg SpO2: 97.8% Temp: 36.9°C
 Admission #8 [moderate]  MODERATE [4] 
   HR: 103 bpm BP: 146 mmHg SpO2: 92.9% Temp: 38.2°C
 Admission #9 [critical]  CRITICAL [10]  
   HR: 138 bpm BP: 189 mmHg SpO2: 82% Temp: 39.9°C
 Admission #10 [recovering]  STABLE [0] 
   HR: 82 bpm BP: 132 mmHg SpO2: 96.6% Temp: 37.3°C
 Admission #36 [stable]  STABLE [0] 
   HR: 70 bpm BP: 126 mmHg SpO2: 98.5% Temp: 37°C
 Admission #37 [moderate]  MODERATE [4] 
   HR: 108 bpm BP: 155 mmHg SpO2: 92.9% Temp: 38.5°C
 Admission #38 [critical]  CRITICAL [10]  
   HR: 148 bpm BP: 180 mmHg SpO2: 84.5% Temp: 39.8°C
 Admission #39 [recovering]  STABLE [0] 
   HR: 79 bpm BP: 123 mmHg SpO2: 97% Temp: 37.1°C

  Next update in 5s... (Ctrl+C to stop)

c  Tick #664  |  Interval: 5000ms  |  8:30:50 PM

 📡 Posting Vitals This Tick:
 Admission #1 [stable]  STABLE [0] 
   HR: 70 bpm BP: 127 mmHg SpO2: 97.3% Temp: 36.7°C
 Admission #2 [moderate]  MODERATE [4] 
   HR: 113 bpm BP: 147 mmHg SpO2: 93% Temp: 38.7°C
 Admission #3 [critical]  CRITICAL [10]  
   HR: 154 bpm BP: 187 mmHg SpO2: 85.2% Temp: 40.2°C
 Admission #6 [recovering]  STABLE [0] 
   HR: 82 bpm BP: 129 mmHg SpO2: 97% Temp: 37.3°C
 Admission #7 [stable]  STABLE [0] 
   HR: 74 bpm BP: 116 mmHg SpO2: 97.7% Temp: 36.8°C
 Admission #8 [moderate]  MODERATE [4] 
   HR: 107 bpm BP: 150 mmHg SpO2: 92.1% Temp: 38.7°C
 Admission #9 [critical]  CRITICAL [10]  
   HR: 150 bpm BP: 193 mmHg SpO2: 83.3% Temp: 40°C
 Admission #10 [recovering]  STABLE [0] 
   HR: 83 bpm BP: 125 mmHg SpO2: 96.6% Temp: 37°C
 Admission #36 [stable]  STABLE [0] 
   HR: 79 bpm BP: 124 mmHg SpO2: 98.9% Temp: 36.9°C
 Admission #37 [moderate]  MODERATE [4] 
   HR: 113 bpm BP: 144 mmHg SpO2: 92.6% Temp: 38.7°C
 Admission #38 [critical]  CRITICAL [10]  
   HR: 157 bpm BP: 190 mmHg SpO2: 83.6% Temp: 39.6°C
 Admission #39 [recovering]  STABLE [0] 
   HR: 84 bpm BP: 129 mmHg SpO2: 96.8% Temp: 37.2°C

  Next update in 5s... (Ctrl+C to stop)

c  Tick #665  |  Interval: 5000ms  |  8:30:55 PM

 📡 Posting Vitals This Tick:
 Admission #1 [stable]  STABLE [0] 
   HR: 75 bpm BP: 116 mmHg SpO2: 97.8% Temp: 36.8°C
 Admission #2 [moderate]  MODERATE [4] 
   HR: 104 bpm BP: 157 mmHg SpO2: 92.1% Temp: 38.5°C
 Admission #3 [critical]  CRITICAL [10]  
   HR: 146 bpm BP: 180 mmHg SpO2: 84.3% Temp: 39.8°C
 Admission #6 [recovering]  STABLE [0] 
   HR: 80 bpm BP: 125 mmHg SpO2: 96.5% Temp: 37.2°C
 Admission #7 [stable]  STABLE [0] 
   HR: 73 bpm BP: 118 mmHg SpO2: 98.1% Temp: 36.7°C
 Admission #8 [moderate]  MODERATE [4] 
   HR: 116 bpm BP: 143 mmHg SpO2: 90.9% Temp: 38.3°C
 Admission #9 [critical]  CRITICAL [10]  
   HR: 148 bpm BP: 191 mmHg SpO2: 85.7% Temp: 40.1°C
 Admission #10 [recovering]  STABLE [0] 
   HR: 79 bpm BP: 131 mmHg SpO2: 97% Temp: 36.9°C
 Admission #36 [stable]  STABLE [0] 
   HR: 73 bpm BP: 119 mmHg SpO2: 97.3% Temp: 36.6°C
 Admission #37 [moderate]  MODERATE [4] 
   HR: 112 bpm BP: 149 mmHg SpO2: 91.3% Temp: 38.1°C
 Admission #38 [critical]  CRITICAL [10]  
   HR: 143 bpm BP: 194 mmHg SpO2: 83.7% Temp: 40°C
 Admission #39 [recovering]  STABLE [0] 
   HR: 83 bpm BP: 131 mmHg SpO2: 96.7% Temp: 37.2°C

  Next update in 5s... (Ctrl+C to stop)

c  Tick #666  |  Interval: 5000ms  |  8:31:00 PM

 📡 Posting Vitals This Tick:
 Admission #1 [moderate]  MODERATE [3] 
   HR: 103 bpm BP: 139 mmHg SpO2: 93.4% Temp: 38.1°C
 Admission #2 [critical]  CRITICAL [10]  
   HR: 153 bpm BP: 185 mmHg SpO2: 84.6% Temp: 40.2°C
 Admission #3 [recovering]  STABLE [0] 
   HR: 80 bpm BP: 122 mmHg SpO2: 97.3% Temp: 37°C
 Admission #6 [stable]  STABLE [0] 
   HR: 72 bpm BP: 114 mmHg SpO2: 97.4% Temp: 36.7°C
 Admission #7 [moderate]  MODERATE [4] 
   HR: 112 bpm BP: 155 mmHg SpO2: 92% Temp: 38.4°C
 Admission #8 [critical]  CRITICAL [10]  
   HR: 147 bpm BP: 188 mmHg SpO2: 83.3% Temp: 40.1°C
 Admission #9 [recovering]  STABLE [0] 
   HR: 84 bpm BP: 123 mmHg SpO2: 96.8% Temp: 37°C
 Admission #10 [stable]  STABLE [0] 
   HR: 76 bpm BP: 115 mmHg SpO2: 97% Temp: 37°C
 Admission #36 [moderate]  MODERATE [4] 
   HR: 107 bpm BP: 154 mmHg SpO2: 93.4% Temp: 38.2°C
 Admission #37 [critical]  CRITICAL [10]  
   HR: 154 bpm BP: 191 mmHg SpO2: 84.9% Temp: 39.9°C
 Admission #38 [recovering]  STABLE [0] 
   HR: 84 bpm BP: 129 mmHg SpO2: 97.4% Temp: 37°C
 Admission #39 [stable]  STABLE [0] 
   HR: 74 bpm BP: 125 mmHg SpO2: 97.2% Temp: 36.9°C

  Next update in 5s... (Ctrl+C to stop)

c  Tick #667  |  Interval: 5000ms  |  8:31:05 PM

 📡 Posting Vitals This Tick:
 Admission #1 [moderate]  MODERATE [4] 
   HR: 102 bpm BP: 152 mmHg SpO2: 91.1% Temp: 38.3°C
 Admission #2 [critical]  CRITICAL [10]  
   HR: 151 bpm BP: 186 mmHg SpO2: 83.3% Temp: 39.8°C
 Admission #3 [recovering]  STABLE [0] 
   HR: 79 bpm BP: 134 mmHg SpO2: 97% Temp: 37.1°C
 Admission #6 [stable]  STABLE [0] 
   HR: 75 bpm BP: 120 mmHg SpO2: 97.6% Temp: 36.8°C
 Admission #7 [moderate]  MODERATE [4] 
   HR: 112 bpm BP: 146 mmHg SpO2: 92.6% Temp: 38.7°C
 Admission #8 [critical]  CRITICAL [9]  
   HR: 145 bpm BP: 179 mmHg SpO2: 85.9% Temp: 39.7°C
 Admission #9 [recovering]  STABLE [0] 
   HR: 79 bpm BP: 128 mmHg SpO2: 96.8% Temp: 37.1°C
 Admission #10 [stable]  STABLE [0] 
   HR: 75 bpm BP: 125 mmHg SpO2: 97.3% Temp: 36.7°C
 Admission #36 [moderate]  MODERATE [4] 
   HR: 109 bpm BP: 147 mmHg SpO2: 91.8% Temp: 38.6°C
 Admission #37 [critical]  CRITICAL [10]  
   HR: 149 bpm BP: 191 mmHg SpO2: 84.1% Temp: 39.9°C
 Admission #38 [recovering]  STABLE [0] 
   HR: 81 bpm BP: 123 mmHg SpO2: 96.6% Temp: 37.2°C
 Admission #39 [stable]  STABLE [0] 
   HR: 77 bpm BP: 113 mmHg SpO2: 97.9% Temp: 36.7°C

  Next update in 5s... (Ctrl+C to stop)

c  Tick #668  |  Interval: 5000ms  |  8:31:10 PM

 📡 Posting Vitals This Tick:
 Admission #1 [moderate]  MODERATE [4] 
   HR: 104 bpm BP: 154 mmHg SpO2: 92% Temp: 38.5°C
 Admission #2 [critical]  CRITICAL [10]  
   HR: 145 bpm BP: 179 mmHg SpO2: 82.2% Temp: 39.6°C
 Admission #3 [recovering]  STABLE [0] 
   HR: 83 bpm BP: 126 mmHg SpO2: 97% Temp: 36.9°C
 Admission #6 [stable]  STABLE [0] 
   HR: 80 bpm BP: 114 mmHg SpO2: 97.5% Temp: 36.9°C
 Admission #7 [moderate]  MODERATE [4] 
   HR: 115 bpm BP: 147 mmHg SpO2: 92.4% Temp: 38.3°C
 Admission #8 [critical]  CRITICAL [10]  
   HR: 139 bpm BP: 181 mmHg SpO2: 84.9% Temp: 40°C
 Admission #9 [recovering]  STABLE [0] 
   HR: 85 bpm BP: 129 mmHg SpO2: 97% Temp: 37.3°C
 Admission #10 [stable]  STABLE [0] 
   HR: 74 bpm BP: 125 mmHg SpO2: 97.5% Temp: 36.6°C
 Admission #36 [moderate]  MODERATE [4] 
   HR: 105 bpm BP: 155 mmHg SpO2: 90.8% Temp: 38.1°C
 Admission #37 [critical]  CRITICAL [10]  
   HR: 139 bpm BP: 185 mmHg SpO2: 82.8% Temp: 40.2°C
 Admission #38 [recovering]  STABLE [0] 
   HR: 80 bpm BP: 125 mmHg SpO2: 97.3% Temp: 37.1°C
 Admission #39 [stable]  STABLE [0] 
   HR: 77 bpm BP: 115 mmHg SpO2: 97.6% Temp: 36.6°C

  Next update in 5s... (Ctrl+C to stop)

c  Tick #669  |  Interval: 5000ms  |  8:31:15 PM

 📡 Posting Vitals This Tick:
 Admission #1 [moderate]  MODERATE [4] 
   HR: 101 bpm BP: 157 mmHg SpO2: 93.3% Temp: 38.1°C
 Admission #2 [critical]  CRITICAL [10]  
   HR: 149 bpm BP: 190 mmHg SpO2: 83.1% Temp: 40.1°C
 Admission #3 [recovering]  STABLE [0] 
   HR: 79 bpm BP: 125 mmHg SpO2: 97.1% Temp: 37.3°C
 Admission #6 [stable]  STABLE [0] 
   HR: 80 bpm BP: 127 mmHg SpO2: 98.7% Temp: 36.6°C
 Admission #7 [moderate]  MODERATE [4] 
   HR: 115 bpm BP: 143 mmHg SpO2: 92.3% Temp: 38.7°C
 Admission #8 [critical]  CRITICAL [9]  
   HR: 140 bpm BP: 179 mmHg SpO2: 84.7% Temp: 39.9°C
 Admission #9 [recovering]  STABLE [0] 
   HR: 80 bpm BP: 129 mmHg SpO2: 96.7% Temp: 37.2°C
 Admission #10 [stable]  STABLE [0] 
   HR: 73 bpm BP: 121 mmHg SpO2: 97.9% Temp: 36.6°C
 Admission #36 [moderate]  MODERATE [4] 
   HR: 114 bpm BP: 155 mmHg SpO2: 92.1% Temp: 38.2°C
 Admission #37 [critical]  CRITICAL [10]  
   HR: 139 bpm BP: 180 mmHg SpO2: 82.7% Temp: 40.1°C
 Admission #38 [recovering]  STABLE [0] 
   HR: 83 bpm BP: 132 mmHg SpO2: 96.7% Temp: 37°C
 Admission #39 [stable]  STABLE [0] 
   HR: 74 bpm BP: 115 mmHg SpO2: 97.1% Temp: 36.7°C

  Next update in 5s... (Ctrl+C to stop)

c  Tick #670  |  Interval: 5000ms  |  8:31:20 PM

 📡 Posting Vitals This Tick:
 Admission #1 [moderate]  MODERATE [3] 
   HR: 115 bpm BP: 139 mmHg SpO2: 93.5% Temp: 38.6°C
 Admission #2 [critical]  CRITICAL [10]  
   HR: 156 bpm BP: 183 mmHg SpO2: 82.2% Temp: 40.1°C
 Admission #3 [recovering]  STABLE [0] 
   HR: 81 bpm BP: 125 mmHg SpO2: 97.1% Temp: 37.1°C
 Admission #6 [stable]  STABLE [0] 
   HR: 71 bpm BP: 116 mmHg SpO2: 98.3% Temp: 36.9°C
 Admission #7 [moderate]  MODERATE [3] 
   HR: 100 bpm BP: 157 mmHg SpO2: 91.5% Temp: 38.5°C
 Admission #8 [critical]  CRITICAL [10]  
   HR: 152 bpm BP: 186 mmHg SpO2: 84.1% Temp: 40°C
 Admission #9 [recovering]  STABLE [0] 
   HR: 81 bpm BP: 123 mmHg SpO2: 97.3% Temp: 37.3°C
 Admission #10 [stable]  STABLE [0] 
   HR: 75 bpm BP: 121 mmHg SpO2: 97.4% Temp: 36.8°C
 Admission #36 [moderate]  MODERATE [4] 
   HR: 114 bpm BP: 141 mmHg SpO2: 91% Temp: 38.1°C
 Admission #37 [critical]  CRITICAL [10]  
   HR: 145 bpm BP: 186 mmHg SpO2: 83.3% Temp: 39.6°C
 Admission #38 [recovering]  STABLE [0] 
   HR: 81 bpm BP: 133 mmHg SpO2: 97.4% Temp: 37°C
 Admission #39 [stable]  STABLE [0] 
   HR: 78 bpm BP: 122 mmHg SpO2: 98.9% Temp: 36.7°C

  Next update in 5s... (Ctrl+C to stop)

c  Tick #671  |  Interval: 5000ms  |  8:31:25 PM

 📡 Posting Vitals This Tick:
 Admission #1 [critical]  CRITICAL [10]  
   HR: 158 bpm BP: 189 mmHg SpO2: 84.9% Temp: 39.6°C
 Admission #2 [recovering]  STABLE [0] 
   HR: 78 bpm BP: 122 mmHg SpO2: 97% Temp: 37.1°C
 Admission #3 [stable]  STABLE [0] 
   HR: 74 bpm BP: 125 mmHg SpO2: 97.6% Temp: 36.8°C
 Admission #6 [moderate]  MODERATE [4] 
   HR: 104 bpm BP: 150 mmHg SpO2: 91.2% Temp: 38.5°C
 Admission #7 [critical]  CRITICAL [10]  
   HR: 143 bpm BP: 193 mmHg SpO2: 85% Temp: 40.1°C
 Admission #8 [recovering]  STABLE [0] 
   HR: 84 bpm BP: 128 mmHg SpO2: 96.7% Temp: 36.9°C
 Admission #9 [stable]  STABLE [0] 
   HR: 80 bpm BP: 113 mmHg SpO2: 98.3% Temp: 36.7°C
 Admission #10 [moderate]  MODERATE [4] 
   HR: 112 bpm BP: 149 mmHg SpO2: 90.7% Temp: 38.6°C
 Admission #36 [critical]  CRITICAL [9]  
   HR: 145 bpm BP: 180 mmHg SpO2: 85.2% Temp: 40°C
 Admission #37 [recovering]  STABLE [0] 
   HR: 83 bpm BP: 131 mmHg SpO2: 97.3% Temp: 37.2°C
 Admission #38 [stable]  STABLE [0] 
   HR: 78 bpm BP: 112 mmHg SpO2: 98.2% Temp: 36.8°C
 Admission #39 [moderate]  MODERATE [4] 
   HR: 102 bpm BP: 157 mmHg SpO2: 93.2% Temp: 38.4°C

  Next update in 5s... (Ctrl+C to stop)

c  Tick #672  |  Interval: 5000ms  |  8:31:30 PM

 📡 Posting Vitals This Tick:
 Admission #1 [critical]  CRITICAL [10]  
   HR: 141 bpm BP: 181 mmHg SpO2: 84.3% Temp: 39.8°C
 Admission #2 [recovering]  STABLE [0] 
   HR: 78 bpm BP: 130 mmHg SpO2: 97% Temp: 37.1°C
 Admission #3 [stable]  STABLE [0] 
   HR: 72 bpm BP: 115 mmHg SpO2: 98.5% Temp: 36.9°C
 Admission #6 [moderate]  MODERATE [4] 
   HR: 103 bpm BP: 147 mmHg SpO2: 92.3% Temp: 38.7°C
 Admission #7 [critical]  CRITICAL [10]  
   HR: 144 bpm BP: 191 mmHg SpO2: 84.4% Temp: 40.2°C
 Admission #8 [recovering]  STABLE [0] 
   HR: 81 bpm BP: 124 mmHg SpO2: 96.6% Temp: 37.2°C
 Admission #9 [stable]  STABLE [0] 
   HR: 75 bpm BP: 126 mmHg SpO2: 98.6% Temp: 36.8°C
 Admission #10 [moderate]  MODERATE [3] 
   HR: 102 bpm BP: 139 mmHg SpO2: 92.2% Temp: 38.1°C
 Admission #36 [critical]  CRITICAL [10]  
   HR: 148 bpm BP: 185 mmHg SpO2: 82.5% Temp: 40°C
 Admission #37 [recovering]  STABLE [0] 
   HR: 82 bpm BP: 128 mmHg SpO2: 96.8% Temp: 37.3°C
 Admission #38 [stable]  STABLE [0] 
   HR: 75 bpm BP: 121 mmHg SpO2: 98.9% Temp: 36.9°C
 Admission #39 [moderate]  MODERATE [4] 
   HR: 109 bpm BP: 154 mmHg SpO2: 93.2% Temp: 38.5°C

  Next update in 5s... (Ctrl+C to stop)

c  Tick #673  |  Interval: 5000ms  |  8:31:35 PM

 📡 Posting Vitals This Tick:
 Admission #1 [critical]  CRITICAL [9]  
   HR: 151 bpm BP: 179 mmHg SpO2: 85.8% Temp: 39.8°C
 Admission #2 [recovering]  STABLE [0] 
   HR: 86 bpm BP: 130 mmHg SpO2: 96.5% Temp: 37.1°C
 Admission #3 [stable]  STABLE [0] 
   HR: 74 bpm BP: 120 mmHg SpO2: 97.9% Temp: 36.9°C
 Admission #6 [moderate]  MODERATE [4] 
   HR: 108 bpm BP: 156 mmHg SpO2: 91.9% Temp: 38.2°C
 Admission #7 [critical]  CRITICAL [9]  
   HR: 138 bpm BP: 185 mmHg SpO2: 85.3% Temp: 39.6°C
 Admission #8 [recovering]  STABLE [0] 
   HR: 80 bpm BP: 128 mmHg SpO2: 97% Temp: 37.3°C
 Admission #9 [stable]  STABLE [0] 
   HR: 77 bpm BP: 123 mmHg SpO2: 97.5% Temp: 36.9°C
 Admission #10 [moderate]  MODERATE [4] 
   HR: 113 bpm BP: 144 mmHg SpO2: 91.4% Temp: 38.3°C
 Admission #36 [critical]  CRITICAL [10]  
   HR: 145 bpm BP: 189 mmHg SpO2: 85.1% Temp: 39.6°C
 Admission #37 [recovering]  STABLE [0] 
   HR: 82 bpm BP: 131 mmHg SpO2: 97.4% Temp: 37.1°C
 Admission #38 [stable]  STABLE [0] 
   HR: 78 bpm BP: 123 mmHg SpO2: 97.1% Temp: 36.8°C
 Admission #39 [moderate]  MODERATE [4] 
   HR: 103 bpm BP: 155 mmHg SpO2: 91.3% Temp: 38.2°C

  Next update in 5s... (Ctrl+C to stop)

c  Tick #674  |  Interval: 5000ms  |  8:31:40 PM

 📡 Posting Vitals This Tick:
 Admission #1 [critical]  CRITICAL [10]  
   HR: 142 bpm BP: 185 mmHg SpO2: 86% Temp: 39.8°C
 Admission #2 [recovering]  STABLE [0] 
   HR: 78 bpm BP: 129 mmHg SpO2: 96.7% Temp: 37°C
 Admission #3 [stable]  STABLE [0] 
   HR: 78 bpm BP: 114 mmHg SpO2: 97.9% Temp: 36.8°C
 Admission #6 [moderate]  MODERATE [4] 
   HR: 112 bpm BP: 149 mmHg SpO2: 92.2% Temp: 38.5°C
 Admission #7 [critical]  CRITICAL [10]  
   HR: 142 bpm BP: 188 mmHg SpO2: 83.5% Temp: 39.6°C
 Admission #8 [recovering]  STABLE [0] 
   HR: 79 bpm BP: 129 mmHg SpO2: 97.3% Temp: 36.9°C
 Admission #9 [stable]  STABLE [0] 
   HR: 75 bpm BP: 125 mmHg SpO2: 97.5% Temp: 36.9°C
 Admission #10 [moderate]  MODERATE [4] 
   HR: 108 bpm BP: 145 mmHg SpO2: 92.4% Temp: 38.7°C
 Admission #36 [critical]  CRITICAL [10]  
   HR: 150 bpm BP: 184 mmHg SpO2: 84.6% Temp: 40.1°C
 Admission #37 [recovering]  STABLE [0] 
   HR: 80 bpm BP: 132 mmHg SpO2: 97% Temp: 37.3°C
 Admission #38 [stable]  STABLE [0] 
   HR: 70 bpm BP: 127 mmHg SpO2: 97.2% Temp: 36.9°C
 Admission #39 [moderate]  MODERATE [4] 
   HR: 112 bpm BP: 144 mmHg SpO2: 93.4% Temp: 38.7°C

  Next update in 5s... (Ctrl+C to stop)

c  Tick #675  |  Interval: 5000ms  |  8:31:45 PM

 📡 Posting Vitals This Tick:
 Admission #1 [critical]  CRITICAL [10]  
   HR: 151 bpm BP: 187 mmHg SpO2: 84.2% Temp: 39.7°C
 Admission #2 [recovering]  STABLE [0] 
   HR: 81 bpm BP: 124 mmHg SpO2: 97.4% Temp: 37.2°C
 Admission #3 [stable]  STABLE [0] 
   HR: 73 bpm BP: 120 mmHg SpO2: 98.1% Temp: 37°C
 Admission #6 [moderate]  MODERATE [4] 
   HR: 112 bpm BP: 142 mmHg SpO2: 92.8% Temp: 38.5°C
 Admission #7 [critical]  CRITICAL [10]  
   HR: 151 bpm BP: 192 mmHg SpO2: 85.8% Temp: 40°C
 Admission #8 [recovering]  STABLE [0] 
   HR: 80 bpm BP: 133 mmHg SpO2: 97.1% Temp: 37.3°C
 Admission #9 [stable]  STABLE [0] 
   HR: 77 bpm BP: 114 mmHg SpO2: 97% Temp: 36.7°C
 Admission #10 [moderate]  MODERATE [4] 
   HR: 104 bpm BP: 148 mmHg SpO2: 91.8% Temp: 38.2°C
 Admission #36 [critical]  CRITICAL [10]  
   HR: 153 bpm BP: 185 mmHg SpO2: 83% Temp: 40.2°C
 Admission #37 [recovering]  STABLE [0] 
   HR: 82 bpm BP: 126 mmHg SpO2: 97.2% Temp: 37.2°C
 Admission #38 [stable]  STABLE [0] 
   HR: 77 bpm BP: 117 mmHg SpO2: 98.4% Temp: 36.6°C
 Admission #39 [moderate]  MODERATE [4] 
   HR: 112 bpm BP: 155 mmHg SpO2: 92.9% Temp: 38.5°C

  Next update in 5s... (Ctrl+C to stop)

c  Tick #676  |  Interval: 5000ms  |  8:31:50 PM

 📡 Posting Vitals This Tick:
 Admission #1 [recovering]  STABLE [0] 
   HR: 82 bpm BP: 122 mmHg SpO2: 97.3% Temp: 37°C
 Admission #2 [stable]  STABLE [0] 
   HR: 77 bpm BP: 126 mmHg SpO2: 98.6% Temp: 36.8°C
 Admission #3 [moderate]  MODERATE [4] 
   HR: 107 bpm BP: 158 mmHg SpO2: 93% Temp: 38.1°C
 Admission #6 [critical]  CRITICAL [10]  
   HR: 144 bpm BP: 182 mmHg SpO2: 85.3% Temp: 40.1°C
 Admission #7 [recovering]  STABLE [0] 
   HR: 84 bpm BP: 128 mmHg SpO2: 97.2% Temp: 37.3°C
 Admission #8 [stable]  STABLE [0] 
   HR: 79 bpm BP: 116 mmHg SpO2: 98.2% Temp: 36.8°C
 Admission #9 [moderate]  MODERATE [4] 
   HR: 102 bpm BP: 141 mmHg SpO2: 92.2% Temp: 38.3°C
 Admission #10 [critical]  CRITICAL [10]  
   HR: 140 bpm BP: 189 mmHg SpO2: 85.2% Temp: 40.1°C
 Admission #36 [recovering]  STABLE [0] 
   HR: 84 bpm BP: 131 mmHg SpO2: 96.7% Temp: 37.3°C
 Admission #37 [stable]  STABLE [0] 
   HR: 76 bpm BP: 124 mmHg SpO2: 97% Temp: 36.9°C
 Admission #38 [moderate]  MODERATE [4] 
   HR: 105 bpm BP: 151 mmHg SpO2: 92.7% Temp: 38.5°C
 Admission #39 [critical]  CRITICAL [10]  
   HR: 141 bpm BP: 193 mmHg SpO2: 84.4% Temp: 40°C

  Next update in 5s... (Ctrl+C to stop)

c  Tick #677  |  Interval: 5000ms  |  8:31:55 PM

 📡 Posting Vitals This Tick:
 Admission #1 [recovering]  STABLE [0] 
   HR: 84 bpm BP: 124 mmHg SpO2: 96.6% Temp: 37.2°C
 Admission #2 [stable]  STABLE [0] 
   HR: 71 bpm BP: 125 mmHg SpO2: 98.1% Temp: 37°C
 Admission #3 [moderate]  MODERATE [4] 
   HR: 102 bpm BP: 148 mmHg SpO2: 93.3% Temp: 38.6°C
 Admission #6 [critical]  CRITICAL [10]  
   HR: 153 bpm BP: 189 mmHg SpO2: 83.7% Temp: 39.8°C
 Admission #7 [recovering]  STABLE [0] 
   HR: 83 bpm BP: 126 mmHg SpO2: 97.4% Temp: 37.2°C
 Admission #8 [stable]  STABLE [0] 
   HR: 76 bpm BP: 121 mmHg SpO2: 98.2% Temp: 36.9°C
 Admission #9 [moderate]  MODERATE [3] 
   HR: 103 bpm BP: 139 mmHg SpO2: 91.2% Temp: 38.4°C
 Admission #10 [critical]  CRITICAL [10]  
   HR: 156 bpm BP: 188 mmHg SpO2: 84.3% Temp: 40°C
 Admission #36 [recovering]  STABLE [0] 
   HR: 82 bpm BP: 129 mmHg SpO2: 96.7% Temp: 37°C
 Admission #37 [stable]  STABLE [0] 
   HR: 70 bpm BP: 117 mmHg SpO2: 97.3% Temp: 36.7°C
 Admission #38 [moderate]  MODERATE [4] 
   HR: 107 bpm BP: 146 mmHg SpO2: 91.8% Temp: 38.2°C
 Admission #39 [critical]  CRITICAL [10]  
   HR: 145 bpm BP: 189 mmHg SpO2: 84.7% Temp: 39.7°C

  Next update in 5s... (Ctrl+C to stop)

c  Tick #678  |  Interval: 5000ms  |  8:32:00 PM

 📡 Posting Vitals This Tick:
 Admission #1 [recovering]  STABLE [0] 
   HR: 83 bpm BP: 132 mmHg SpO2: 96.9% Temp: 37.1°C
 Admission #2 [stable]  STABLE [0] 
   HR: 80 bpm BP: 122 mmHg SpO2: 98.5% Temp: 36.9°C
 Admission #3 [moderate]  MODERATE [3] 
   HR: 100 bpm BP: 146 mmHg SpO2: 91.6% Temp: 38.2°C
 Admission #6 [critical]  CRITICAL [10]  
   HR: 154 bpm BP: 184 mmHg SpO2: 82.1% Temp: 39.9°C
 Admission #7 [recovering]  STABLE [0] 
   HR: 83 bpm BP: 127 mmHg SpO2: 97.3% Temp: 37.3°C
 Admission #8 [stable]  STABLE [0] 
   HR: 80 bpm BP: 124 mmHg SpO2: 98.4% Temp: 36.8°C
 Admission #9 [moderate]  MODERATE [4] 
   HR: 110 bpm BP: 146 mmHg SpO2: 91.2% Temp: 38.2°C
 Admission #10 [critical]  CRITICAL [10]  
   HR: 156 bpm BP: 194 mmHg SpO2: 84.5% Temp: 39.7°C
 Admission #36 [recovering]  STABLE [0] 
   HR: 85 bpm BP: 130 mmHg SpO2: 97.4% Temp: 37.3°C
 Admission #37 [stable]  STABLE [0] 
   HR: 71 bpm BP: 125 mmHg SpO2: 97.4% Temp: 36.8°C
 Admission #38 [moderate]  MODERATE [4] 
   HR: 104 bpm BP: 154 mmHg SpO2: 91.6% Temp: 38.5°C
 Admission #39 [critical]  CRITICAL [9]  
   HR: 140 bpm BP: 178 mmHg SpO2: 83.1% Temp: 40°C

  Next update in 5s... (Ctrl+C to stop)

c  Tick #679  |  Interval: 5000ms  |  8:32:05 PM

 📡 Posting Vitals This Tick:
 Admission #1 [recovering]  STABLE [0] 
   HR: 80 bpm BP: 131 mmHg SpO2: 96.8% Temp: 37°C
 Admission #2 [stable]  STABLE [0] 
   HR: 71 bpm BP: 122 mmHg SpO2: 98.3% Temp: 36.8°C
 Admission #3 [moderate]  MODERATE [3] 
   HR: 101 bpm BP: 138 mmHg SpO2: 91% Temp: 38.3°C
 Admission #6 [critical]  CRITICAL [10]  
   HR: 146 bpm BP: 180 mmHg SpO2: 82% Temp: 39.9°C
 Admission #7 [recovering]  STABLE [0] 
   HR: 83 bpm BP: 125 mmHg SpO2: 97.1% Temp: 37.2°C
 Admission #8 [stable]  STABLE [0] 
   HR: 77 bpm BP: 121 mmHg SpO2: 98.2% Temp: 36.6°C
 Admission #9 [moderate]  MODERATE [4] 
   HR: 109 bpm BP: 153 mmHg SpO2: 92.3% Temp: 38.7°C
 Admission #10 [critical]  CRITICAL [10]  
   HR: 150 bpm BP: 188 mmHg SpO2: 82.1% Temp: 39.8°C
 Admission #36 [recovering]  STABLE [0] 
   HR: 85 bpm BP: 122 mmHg SpO2: 97.1% Temp: 36.9°C
 Admission #37 [stable]  STABLE [0] 
   HR: 75 bpm BP: 127 mmHg SpO2: 97.1% Temp: 37°C
 Admission #38 [moderate]  MODERATE [4] 
   HR: 108 bpm BP: 149 mmHg SpO2: 92.9% Temp: 38.2°C
 Admission #39 [critical]  CRITICAL [10]  
   HR: 143 bpm BP: 194 mmHg SpO2: 82.1% Temp: 39.7°C

  Next update in 5s... (Ctrl+C to stop)

c  Tick #680  |  Interval: 5000ms  |  8:32:10 PM

 📡 Posting Vitals This Tick:
 Admission #1 [recovering]  STABLE [0] 
   HR: 79 bpm BP: 131 mmHg SpO2: 96.8% Temp: 37.2°C
 Admission #2 [stable]  STABLE [0] 
   HR: 73 bpm BP: 126 mmHg SpO2: 97.1% Temp: 36.8°C
 Admission #3 [moderate]  MODERATE [4] 
   HR: 109 bpm BP: 145 mmHg SpO2: 93.2% Temp: 38.3°C
 Admission #6 [critical]  CRITICAL [10]  
   HR: 139 bpm BP: 185 mmHg SpO2: 84.6% Temp: 40°C
 Admission #7 [recovering]  STABLE [0] 
   HR: 84 bpm BP: 126 mmHg SpO2: 96.6% Temp: 37°C
 Admission #8 [stable]  STABLE [0] 
   HR: 78 bpm BP: 122 mmHg SpO2: 97.5% Temp: 36.7°C
 Admission #9 [moderate]  MODERATE [4] 
   HR: 101 bpm BP: 152 mmHg SpO2: 92.8% Temp: 38.2°C
 Admission #10 [critical]  CRITICAL [10]  
   HR: 158 bpm BP: 189 mmHg SpO2: 83.7% Temp: 39.7°C
 Admission #36 [recovering]  STABLE [0] 
   HR: 81 bpm BP: 131 mmHg SpO2: 96.6% Temp: 37.1°C
 Admission #37 [stable]  STABLE [0] 
   HR: 72 bpm BP: 115 mmHg SpO2: 97.2% Temp: 36.8°C
 Admission #38 [moderate]  MODERATE [4] 
   HR: 102 bpm BP: 147 mmHg SpO2: 91.4% Temp: 38.3°C
 Admission #39 [critical]  CRITICAL [10]  
   HR: 151 bpm BP: 191 mmHg SpO2: 83.9% Temp: 39.7°C

  Next update in 5s... (Ctrl+C to stop)

c  Tick #681  |  Interval: 5000ms  |  8:32:15 PM

 📡 Posting Vitals This Tick:
 Admission #1 [stable]  STABLE [0] 
   HR: 71 bpm BP: 128 mmHg SpO2: 98% Temp: 36.6°C
 Admission #2 [moderate]  MODERATE [4] 
   HR: 115 bpm BP: 141 mmHg SpO2: 92.2% Temp: 38.7°C
 Admission #3 [critical]  CRITICAL [10]  
   HR: 141 bpm BP: 178 mmHg SpO2: 83.6% Temp: 39.7°C
 Admission #6 [recovering]  STABLE [0] 
   HR: 79 bpm BP: 127 mmHg SpO2: 97.2% Temp: 37.1°C
 Admission #7 [stable]  STABLE [0] 
   HR: 78 bpm BP: 114 mmHg SpO2: 98.1% Temp: 37°C
 Admission #8 [moderate]  MODERATE [4] 
   HR: 103 bpm BP: 153 mmHg SpO2: 93% Temp: 38.2°C
 Admission #9 [critical]  CRITICAL [10]  
   HR: 144 bpm BP: 191 mmHg SpO2: 85.7% Temp: 39.6°C
 Admission #10 [recovering]  STABLE [0] 
   HR: 81 bpm BP: 134 mmHg SpO2: 96.7% Temp: 37.2°C
 Admission #36 [stable]  STABLE [0] 
   HR: 75 bpm BP: 117 mmHg SpO2: 97.1% Temp: 36.7°C
 Admission #37 [moderate]  MODERATE [4] 
   HR: 103 bpm BP: 144 mmHg SpO2: 93.1% Temp: 38.3°C
 Admission #38 [critical]  CRITICAL [10]  
   HR: 152 bpm BP: 194 mmHg SpO2: 85.2% Temp: 39.6°C
 Admission #39 [recovering]  STABLE [0] 
   HR: 79 bpm BP: 132 mmHg SpO2: 97.1% Temp: 37°C

  Next update in 5s... (Ctrl+C to stop)

c  Tick #682  |  Interval: 5000ms  |  8:32:20 PM

 📡 Posting Vitals This Tick:
 Admission #1 [stable]  STABLE [0] 
   HR: 74 bpm BP: 114 mmHg SpO2: 97.7% Temp: 36.7°C
 Admission #2 [moderate]  MODERATE [4] 
   HR: 112 bpm BP: 147 mmHg SpO2: 93.4% Temp: 38.3°C
 Admission #3 [critical]  CRITICAL [10]  
   HR: 143 bpm BP: 190 mmHg SpO2: 83.4% Temp: 39.6°C
 Admission #6 [recovering]  STABLE [0] 
   HR: 80 bpm BP: 132 mmHg SpO2: 96.8% Temp: 37.2°C
 Admission #7 [stable]  STABLE [0] 
   HR: 74 bpm BP: 115 mmHg SpO2: 98.4% Temp: 36.8°C
 Admission #8 [moderate]  MODERATE [4] 
   HR: 109 bpm BP: 143 mmHg SpO2: 91.4% Temp: 38.4°C
 Admission #9 [critical]  CRITICAL [10]  
   HR: 153 bpm BP: 194 mmHg SpO2: 85.1% Temp: 39.9°C
 Admission #10 [recovering]  STABLE [0] 
   HR: 80 bpm BP: 131 mmHg SpO2: 96.8% Temp: 37.2°C
 Admission #36 [stable]  STABLE [0] 
   HR: 70 bpm BP: 123 mmHg SpO2: 97.8% Temp: 36.9°C
 Admission #37 [moderate]  MODERATE [4] 
   HR: 110 bpm BP: 143 mmHg SpO2: 92.7% Temp: 38.4°C
 Admission #38 [critical]  CRITICAL [10]  
   HR: 155 bpm BP: 192 mmHg SpO2: 82.8% Temp: 39.8°C
 Admission #39 [recovering]  STABLE [0] 
   HR: 85 bpm BP: 125 mmHg SpO2: 96.8% Temp: 37.2°C

  Next update in 5s... (Ctrl+C to stop)

c  Tick #683  |  Interval: 5000ms  |  8:32:25 PM

 📡 Posting Vitals This Tick:
 Admission #1 [stable]  STABLE [0] 
   HR: 80 bpm BP: 113 mmHg SpO2: 98.1% Temp: 37°C
 Admission #2 [moderate]  MODERATE [4] 
   HR: 107 bpm BP: 149 mmHg SpO2: 91% Temp: 38.3°C
 Admission #3 [critical]  CRITICAL [10]  
   HR: 153 bpm BP: 189 mmHg SpO2: 82.6% Temp: 39.7°C
 Admission #6 [recovering]  STABLE [0] 
   HR: 79 bpm BP: 123 mmHg SpO2: 97.3% Temp: 37.3°C
 Admission #7 [stable]  STABLE [0] 
   HR: 80 bpm BP: 118 mmHg SpO2: 97.7% Temp: 37°C
 Admission #8 [moderate]  MODERATE [4] 
   HR: 108 bpm BP: 142 mmHg SpO2: 91.2% Temp: 38.5°C
 Admission #9 [critical]  CRITICAL [10]  
   HR: 141 bpm BP: 191 mmHg SpO2: 83% Temp: 39.8°C
 Admission #10 [recovering]  STABLE [0] 
   HR: 83 bpm BP: 134 mmHg SpO2: 97.3% Temp: 37°C
 Admission #36 [stable]  STABLE [0] 
   HR: 77 bpm BP: 121 mmHg SpO2: 98.2% Temp: 36.8°C
 Admission #37 [moderate]  MODERATE [4] 
   HR: 101 bpm BP: 141 mmHg SpO2: 92.9% Temp: 38.2°C
 Admission #38 [critical]  CRITICAL [9]  
   HR: 138 bpm BP: 180 mmHg SpO2: 83.8% Temp: 39.8°C
 Admission #39 [recovering]  STABLE [0] 
   HR: 85 bpm BP: 129 mmHg SpO2: 96.7% Temp: 37.2°C

  Next update in 5s... (Ctrl+C to stop)

c  Tick #684  |  Interval: 5000ms  |  8:32:30 PM

 📡 Posting Vitals This Tick:
 Admission #1 [stable]  STABLE [0] 
   HR: 77 bpm BP: 113 mmHg SpO2: 97.2% Temp: 36.7°C
 Admission #2 [moderate]  MODERATE [4] 
   HR: 110 bpm BP: 154 mmHg SpO2: 93.4% Temp: 38.6°C
 Admission #3 [critical]  CRITICAL [10]  
   HR: 148 bpm BP: 191 mmHg SpO2: 84.9% Temp: 40.2°C
 Admission #6 [recovering]  STABLE [0] 
   HR: 78 bpm BP: 134 mmHg SpO2: 97.2% Temp: 37°C
 Admission #7 [stable]  STABLE [0] 
   HR: 79 bpm BP: 114 mmHg SpO2: 98.9% Temp: 36.9°C
 Admission #8 [moderate]  MODERATE [4] 
   HR: 104 bpm BP: 153 mmHg SpO2: 92% Temp: 38.3°C
 Admission #9 [critical]  CRITICAL [10]  
   HR: 148 bpm BP: 187 mmHg SpO2: 82.2% Temp: 39.9°C
 Admission #10 [recovering]  STABLE [0] 
   HR: 79 bpm BP: 125 mmHg SpO2: 97.1% Temp: 37°C
 Admission #36 [stable]  STABLE [0] 
   HR: 76 bpm BP: 124 mmHg SpO2: 98.4% Temp: 36.7°C
 Admission #37 [moderate]  MODERATE [4] 
   HR: 111 bpm BP: 150 mmHg SpO2: 91.4% Temp: 38.4°C
 Admission #38 [critical]  CRITICAL [10]  
   HR: 138 bpm BP: 193 mmHg SpO2: 84.5% Temp: 40°C
 Admission #39 [recovering]  STABLE [0] 
   HR: 83 bpm BP: 126 mmHg SpO2: 96.9% Temp: 37.2°C

  Next update in 5s... (Ctrl+C to stop)

c  Tick #685  |  Interval: 5000ms  |  8:32:35 PM

 📡 Posting Vitals This Tick:
 Admission #1 [stable]  STABLE [0] 
   HR: 79 bpm BP: 124 mmHg SpO2: 97.6% Temp: 36.8°C
 Admission #2 [moderate]  MODERATE [4] 
   HR: 113 bpm BP: 146 mmHg SpO2: 92.3% Temp: 38.3°C
 Admission #3 [critical]  CRITICAL [10]  
   HR: 151 bpm BP: 181 mmHg SpO2: 84.2% Temp: 40°C
 Admission #6 [recovering]  STABLE [0] 
   HR: 83 bpm BP: 123 mmHg SpO2: 97.4% Temp: 37.1°C
 Admission #7 [stable]  STABLE [0] 
   HR: 77 bpm BP: 120 mmHg SpO2: 98.7% Temp: 36.9°C
 Admission #8 [moderate]  MODERATE [4] 
   HR: 114 bpm BP: 150 mmHg SpO2: 91% Temp: 38.6°C
 Admission #9 [critical]  CRITICAL [10]  
   HR: 148 bpm BP: 179 mmHg SpO2: 82.8% Temp: 39.9°C
 Admission #10 [recovering]  STABLE [0] 
   HR: 84 bpm BP: 132 mmHg SpO2: 97.1% Temp: 36.9°C
 Admission #36 [stable]  STABLE [0] 
   HR: 73 bpm BP: 128 mmHg SpO2: 98.1% Temp: 36.9°C
 Admission #37 [moderate]  MODERATE [4] 
   HR: 108 bpm BP: 149 mmHg SpO2: 91% Temp: 38.5°C
 Admission #38 [critical]  CRITICAL [10]  
   HR: 144 bpm BP: 183 mmHg SpO2: 84.2% Temp: 40.1°C
 Admission #39 [recovering]  STABLE [0] 
   HR: 83 bpm BP: 128 mmHg SpO2: 97% Temp: 37.2°C

  Next update in 5s... (Ctrl+C to stop)

c  Tick #686  |  Interval: 5000ms  |  8:32:40 PM

 📡 Posting Vitals This Tick:
 Admission #1 [moderate]  MODERATE [4] 
   HR: 116 bpm BP: 143 mmHg SpO2: 93% Temp: 38.5°C
 Admission #2 [critical]  CRITICAL [10]  
   HR: 142 bpm BP: 193 mmHg SpO2: 85% Temp: 39.8°C
 Admission #3 [recovering]  STABLE [0] 
   HR: 83 bpm BP: 131 mmHg SpO2: 97% Temp: 37.2°C
 Admission #6 [stable]  STABLE [0] 
   HR: 72 bpm BP: 127 mmHg SpO2: 97.5% Temp: 36.9°C
 Admission #7 [moderate]  MODERATE [4] 
   HR: 102 bpm BP: 158 mmHg SpO2: 93.1% Temp: 38.3°C
 Admission #8 [critical]  CRITICAL [10]  
   HR: 157 bpm BP: 179 mmHg SpO2: 83.5% Temp: 39.9°C
 Admission #9 [recovering]  STABLE [0] 
   HR: 86 bpm BP: 123 mmHg SpO2: 96.6% Temp: 37.2°C
 Admission #10 [stable]  STABLE [0] 
   HR: 76 bpm BP: 115 mmHg SpO2: 97.2% Temp: 36.9°C
 Admission #36 [moderate]  MODERATE [4] 
   HR: 109 bpm BP: 154 mmHg SpO2: 93.4% Temp: 38.1°C
 Admission #37 [critical]  CRITICAL [10]  
   HR: 145 bpm BP: 179 mmHg SpO2: 82.2% Temp: 39.9°C
 Admission #38 [recovering]  STABLE [0] 
   HR: 85 bpm BP: 123 mmHg SpO2: 96.9% Temp: 37.2°C
 Admission #39 [stable]  STABLE [0] 
   HR: 77 bpm BP: 115 mmHg SpO2: 98.7% Temp: 36.7°C

  Next update in 5s... (Ctrl+C to stop)

c  Tick #687  |  Interval: 5000ms  |  8:32:45 PM

 📡 Posting Vitals This Tick:
 Admission #1 [moderate]  MODERATE [3] 
   HR: 111 bpm BP: 139 mmHg SpO2: 90.5% Temp: 38.3°C
 Admission #2 [critical]  CRITICAL [10]  
   HR: 152 bpm BP: 190 mmHg SpO2: 84% Temp: 39.9°C
 Admission #3 [recovering]  STABLE [0] 
   HR: 86 bpm BP: 123 mmHg SpO2: 96.9% Temp: 37.1°C
 Admission #6 [stable]  STABLE [0] 
   HR: 73 bpm BP: 112 mmHg SpO2: 97.4% Temp: 36.6°C
 Admission #7 [moderate]  MODERATE [4] 
   HR: 101 bpm BP: 154 mmHg SpO2: 90.5% Temp: 38.3°C
 Admission #8 [critical]  CRITICAL [10]  
   HR: 149 bpm BP: 192 mmHg SpO2: 82.9% Temp: 39.9°C
 Admission #9 [recovering]  STABLE [0] 
   HR: 83 bpm BP: 124 mmHg SpO2: 96.7% Temp: 37.1°C
 Admission #10 [stable]  STABLE [0] 
   HR: 76 bpm BP: 114 mmHg SpO2: 98.3% Temp: 36.8°C
 Admission #36 [moderate]  MODERATE [4] 
   HR: 106 bpm BP: 150 mmHg SpO2: 91.4% Temp: 38.4°C
 Admission #37 [critical]  CRITICAL [10]  
   HR: 150 bpm BP: 185 mmHg SpO2: 83.7% Temp: 40°C
 Admission #38 [recovering]  STABLE [0] 
   HR: 79 bpm BP: 124 mmHg SpO2: 97% Temp: 37°C
 Admission #39 [stable]  STABLE [0] 
   HR: 77 bpm BP: 116 mmHg SpO2: 98.5% Temp: 36.7°C

  Next update in 5s... (Ctrl+C to stop)

c  Tick #688  |  Interval: 5000ms  |  8:32:50 PM

 📡 Posting Vitals This Tick:
c  Tick #689  |  Interval: 5000ms  |  8:33:01 PM

 Admission #1 ✗ Failed: socket hang up
 📡 Posting Vitals This Tick:
 Admission #2 [critical]  CRITICAL [10]  
   HR: 153 bpm BP: 184 mmHg SpO2: 83.3% Temp: 39.8°C
 Admission #1 [moderate]  MODERATE [4] 
   HR: 103 bpm BP: 148 mmHg SpO2: 91.2% Temp: 38.6°C
 Admission #3 [recovering]  STABLE [0] 
   HR: 84 bpm BP: 124 mmHg SpO2: 97.4% Temp: 37°C
 Admission #2 [critical]  CRITICAL [10]  
   HR: 153 bpm BP: 180 mmHg SpO2: 82.5% Temp: 39.8°C
 Admission #6 [stable]  STABLE [0] 
   HR: 71 bpm BP: 120 mmHg SpO2: 97.2% Temp: 36.9°C
 Admission #3 [recovering]  STABLE [0] 
   HR: 82 bpm BP: 123 mmHg SpO2: 97% Temp: 37.1°C
 Admission #7 [moderate]  MODERATE [4] 
   HR: 105 bpm BP: 157 mmHg SpO2: 93.2% Temp: 38.4°C
c  Tick #690  |  Interval: 5000ms  |  8:33:07 PM

 Admission #8 [critical]  CRITICAL [10]  
   HR: 140 bpm BP: 189 mmHg SpO2: 84.5% Temp: 40.1°C
 📡 Posting Vitals This Tick:
 Admission #6 ✗ Failed: timeout of 8000ms exceeded
 Admission #9 ✗ Failed: timeout of 8000ms exceeded
c  Tick #691  |  Interval: 5000ms  |  8:33:44 PM

 Admission #1 ✗ Failed: socket hang up
